
 /----------------------------------------------------------------------------\
 |  yosys -- Yosys Open SYnthesis Suite                                       |
 |  Copyright (C) 2012 - 2026  Claire Xenia Wolf <claire@yosyshq.com>         |
 |  Distributed under an ISC-like license, type "license" to see terms        |
 \----------------------------------------------------------------------------/
 Yosys 0.68+136 (git sha1 c30457480-dirty, Release, Clang /usr/bin/clang++ 21.1.8)

-- Running command `
plugin -i slang
read_slang --top mac_array_16 designs/mac_array_16.sv /home/darsh/gem/bench/flow/dsp48e2_bb.v /home/darsh/gem/bench/flow/gemcarry_shred.v /home/darsh/gem/bench/flow/gemsrl_shred.v
hierarchy -check -top mac_array_16
proc;;
opt_expr; opt_dff; opt_clean
memory -nomap
memory_libmap -lib /home/darsh/gem/aigpdk/memlib_yosys.txt -logic-cost-rom 100 -logic-cost-ram 100
techmap -map /home/darsh/gem/aigpdk/gemmacro_map.v
read_verilog /home/darsh/gem/aigpdk/gemmacro_shred.v
proc
hierarchy -check -top mac_array_16
opt_expr -fine; opt_clean
synth -flatten
delete t:$print
dfflibmap -liberty /home/darsh/gem/aigpdk/aigpdk_nomem.lib
opt_clean -purge
abc -liberty /home/darsh/gem/aigpdk/aigpdk_nomem.lib
opt_clean -purge
techmap
abc -liberty /home/darsh/gem/aigpdk/aigpdk_nomem.lib
opt_clean -purge
setparam -unset INIT -unset IS_CLK_INVERTED t:SRLC32E
rename -hide w:*.*
stat
write_verilog -noattr results/mac_array_16.shred.gv
' --

1. Executing SLANG frontend.
Top level design units:
    mac_array_16

designs/mac_array_16.sv:20:57: warning: output port 'ACOUT' has no connection [-Wunconnected-output-port]
             .USE_MULT("MULTIPLY"), .USE_SIMD("ONE48")) u_dsp (
                                                        ^
designs/mac_array_16.sv:20:57: warning: output port 'BCOUT' has no connection [-Wunconnected-output-port]
             .USE_MULT("MULTIPLY"), .USE_SIMD("ONE48")) u_dsp (
                                                        ^
designs/mac_array_16.sv:20:57: warning: output port 'CARRYCASCOUT' has no connection [-Wunconnected-output-port]
             .USE_MULT("MULTIPLY"), .USE_SIMD("ONE48")) u_dsp (
                                                        ^
designs/mac_array_16.sv:20:57: warning: output port 'CARRYOUT' has no connection [-Wunconnected-output-port]
             .USE_MULT("MULTIPLY"), .USE_SIMD("ONE48")) u_dsp (
                                                        ^
designs/mac_array_16.sv:20:57: warning: output port 'MULTSIGNOUT' has no connection [-Wunconnected-output-port]
             .USE_MULT("MULTIPLY"), .USE_SIMD("ONE48")) u_dsp (
                                                        ^
designs/mac_array_16.sv:20:57: warning: output port 'OVERFLOW' has no connection [-Wunconnected-output-port]
             .USE_MULT("MULTIPLY"), .USE_SIMD("ONE48")) u_dsp (
                                                        ^
designs/mac_array_16.sv:20:57: warning: output port 'PATTERNBDETECT' has no connection [-Wunconnected-output-port]
             .USE_MULT("MULTIPLY"), .USE_SIMD("ONE48")) u_dsp (
                                                        ^
designs/mac_array_16.sv:20:57: warning: output port 'PATTERNDETECT' has no connection [-Wunconnected-output-port]
             .USE_MULT("MULTIPLY"), .USE_SIMD("ONE48")) u_dsp (
                                                        ^
designs/mac_array_16.sv:20:57: warning: output port 'PCOUT' has no connection [-Wunconnected-output-port]
             .USE_MULT("MULTIPLY"), .USE_SIMD("ONE48")) u_dsp (
                                                        ^
designs/mac_array_16.sv:20:57: warning: output port 'UNDERFLOW' has no connection [-Wunconnected-output-port]
             .USE_MULT("MULTIPLY"), .USE_SIMD("ONE48")) u_dsp (
                                                        ^
designs/mac_array_16.sv:20:57: warning: output port 'XOROUT' has no connection [-Wunconnected-output-port]
             .USE_MULT("MULTIPLY"), .USE_SIMD("ONE48")) u_dsp (
                                                        ^
designs/mac_array_16.sv:20:57: warning: output port 'ACOUT' has no connection [-Wunconnected-output-port]
             .USE_MULT("MULTIPLY"), .USE_SIMD("ONE48")) u_dsp (
                                                        ^
designs/mac_array_16.sv:20:57: warning: output port 'BCOUT' has no connection [-Wunconnected-output-port]
             .USE_MULT("MULTIPLY"), .USE_SIMD("ONE48")) u_dsp (
                                                        ^
designs/mac_array_16.sv:20:57: warning: output port 'CARRYCASCOUT' has no connection [-Wunconnected-output-port]
             .USE_MULT("MULTIPLY"), .USE_SIMD("ONE48")) u_dsp (
                                                        ^
designs/mac_array_16.sv:20:57: warning: output port 'CARRYOUT' has no connection [-Wunconnected-output-port]
             .USE_MULT("MULTIPLY"), .USE_SIMD("ONE48")) u_dsp (
                                                        ^
designs/mac_array_16.sv:20:57: warning: output port 'MULTSIGNOUT' has no connection [-Wunconnected-output-port]
             .USE_MULT("MULTIPLY"), .USE_SIMD("ONE48")) u_dsp (
                                                        ^
designs/mac_array_16.sv:20:57: warning: output port 'OVERFLOW' has no connection [-Wunconnected-output-port]
             .USE_MULT("MULTIPLY"), .USE_SIMD("ONE48")) u_dsp (
                                                        ^
designs/mac_array_16.sv:20:57: warning: output port 'PATTERNBDETECT' has no connection [-Wunconnected-output-port]
             .USE_MULT("MULTIPLY"), .USE_SIMD("ONE48")) u_dsp (
                                                        ^
designs/mac_array_16.sv:20:57: warning: output port 'PATTERNDETECT' has no connection [-Wunconnected-output-port]
             .USE_MULT("MULTIPLY"), .USE_SIMD("ONE48")) u_dsp (
                                                        ^
designs/mac_array_16.sv:20:57: warning: output port 'PCOUT' has no connection [-Wunconnected-output-port]
             .USE_MULT("MULTIPLY"), .USE_SIMD("ONE48")) u_dsp (
                                                        ^
designs/mac_array_16.sv:20:57: warning: output port 'UNDERFLOW' has no connection [-Wunconnected-output-port]
             .USE_MULT("MULTIPLY"), .USE_SIMD("ONE48")) u_dsp (
                                                        ^
designs/mac_array_16.sv:20:57: warning: output port 'XOROUT' has no connection [-Wunconnected-output-port]
             .USE_MULT("MULTIPLY"), .USE_SIMD("ONE48")) u_dsp (
                                                        ^
designs/mac_array_16.sv:20:57: warning: output port 'ACOUT' has no connection [-Wunconnected-output-port]
             .USE_MULT("MULTIPLY"), .USE_SIMD("ONE48")) u_dsp (
                                                        ^
designs/mac_array_16.sv:20:57: warning: output port 'BCOUT' has no connection [-Wunconnected-output-port]
             .USE_MULT("MULTIPLY"), .USE_SIMD("ONE48")) u_dsp (
                                                        ^
designs/mac_array_16.sv:20:57: warning: output port 'CARRYCASCOUT' has no connection [-Wunconnected-output-port]
             .USE_MULT("MULTIPLY"), .USE_SIMD("ONE48")) u_dsp (
                                                        ^
designs/mac_array_16.sv:20:57: warning: output port 'CARRYOUT' has no connection [-Wunconnected-output-port]
             .USE_MULT("MULTIPLY"), .USE_SIMD("ONE48")) u_dsp (
                                                        ^
designs/mac_array_16.sv:20:57: warning: output port 'MULTSIGNOUT' has no connection [-Wunconnected-output-port]
             .USE_MULT("MULTIPLY"), .USE_SIMD("ONE48")) u_dsp (
                                                        ^
designs/mac_array_16.sv:20:57: warning: output port 'OVERFLOW' has no connection [-Wunconnected-output-port]
             .USE_MULT("MULTIPLY"), .USE_SIMD("ONE48")) u_dsp (
                                                        ^
designs/mac_array_16.sv:20:57: warning: output port 'PATTERNBDETECT' has no connection [-Wunconnected-output-port]
             .USE_MULT("MULTIPLY"), .USE_SIMD("ONE48")) u_dsp (
                                                        ^
designs/mac_array_16.sv:20:57: warning: output port 'PATTERNDETECT' has no connection [-Wunconnected-output-port]
             .USE_MULT("MULTIPLY"), .USE_SIMD("ONE48")) u_dsp (
                                                        ^
designs/mac_array_16.sv:20:57: warning: output port 'PCOUT' has no connection [-Wunconnected-output-port]
             .USE_MULT("MULTIPLY"), .USE_SIMD("ONE48")) u_dsp (
                                                        ^
designs/mac_array_16.sv:20:57: warning: output port 'UNDERFLOW' has no connection [-Wunconnected-output-port]
             .USE_MULT("MULTIPLY"), .USE_SIMD("ONE48")) u_dsp (
                                                        ^
designs/mac_array_16.sv:20:57: warning: output port 'XOROUT' has no connection [-Wunconnected-output-port]
             .USE_MULT("MULTIPLY"), .USE_SIMD("ONE48")) u_dsp (
                                                        ^
designs/mac_array_16.sv:20:57: warning: output port 'ACOUT' has no connection [-Wunconnected-output-port]
             .USE_MULT("MULTIPLY"), .USE_SIMD("ONE48")) u_dsp (
                                                        ^
designs/mac_array_16.sv:20:57: warning: output port 'BCOUT' has no connection [-Wunconnected-output-port]
             .USE_MULT("MULTIPLY"), .USE_SIMD("ONE48")) u_dsp (
                                                        ^
designs/mac_array_16.sv:20:57: warning: output port 'CARRYCASCOUT' has no connection [-Wunconnected-output-port]
             .USE_MULT("MULTIPLY"), .USE_SIMD("ONE48")) u_dsp (
                                                        ^
designs/mac_array_16.sv:20:57: warning: output port 'CARRYOUT' has no connection [-Wunconnected-output-port]
             .USE_MULT("MULTIPLY"), .USE_SIMD("ONE48")) u_dsp (
                                                        ^
designs/mac_array_16.sv:20:57: warning: output port 'MULTSIGNOUT' has no connection [-Wunconnected-output-port]
             .USE_MULT("MULTIPLY"), .USE_SIMD("ONE48")) u_dsp (
                                                        ^
designs/mac_array_16.sv:20:57: warning: output port 'OVERFLOW' has no connection [-Wunconnected-output-port]
             .USE_MULT("MULTIPLY"), .USE_SIMD("ONE48")) u_dsp (
                                                        ^
designs/mac_array_16.sv:20:57: warning: output port 'PATTERNBDETECT' has no connection [-Wunconnected-output-port]
             .USE_MULT("MULTIPLY"), .USE_SIMD("ONE48")) u_dsp (
                                                        ^
designs/mac_array_16.sv:20:57: warning: output port 'PATTERNDETECT' has no connection [-Wunconnected-output-port]
             .USE_MULT("MULTIPLY"), .USE_SIMD("ONE48")) u_dsp (
                                                        ^
designs/mac_array_16.sv:20:57: warning: output port 'PCOUT' has no connection [-Wunconnected-output-port]
             .USE_MULT("MULTIPLY"), .USE_SIMD("ONE48")) u_dsp (
                                                        ^
designs/mac_array_16.sv:20:57: warning: output port 'UNDERFLOW' has no connection [-Wunconnected-output-port]
             .USE_MULT("MULTIPLY"), .USE_SIMD("ONE48")) u_dsp (
                                                        ^
designs/mac_array_16.sv:20:57: warning: output port 'XOROUT' has no connection [-Wunconnected-output-port]
             .USE_MULT("MULTIPLY"), .USE_SIMD("ONE48")) u_dsp (
                                                        ^
designs/mac_array_16.sv:20:57: warning: output port 'ACOUT' has no connection [-Wunconnected-output-port]
             .USE_MULT("MULTIPLY"), .USE_SIMD("ONE48")) u_dsp (
                                                        ^
designs/mac_array_16.sv:20:57: warning: output port 'BCOUT' has no connection [-Wunconnected-output-port]
             .USE_MULT("MULTIPLY"), .USE_SIMD("ONE48")) u_dsp (
                                                        ^
designs/mac_array_16.sv:20:57: warning: output port 'CARRYCASCOUT' has no connection [-Wunconnected-output-port]
             .USE_MULT("MULTIPLY"), .USE_SIMD("ONE48")) u_dsp (
                                                        ^
designs/mac_array_16.sv:20:57: warning: output port 'CARRYOUT' has no connection [-Wunconnected-output-port]
             .USE_MULT("MULTIPLY"), .USE_SIMD("ONE48")) u_dsp (
                                                        ^
designs/mac_array_16.sv:20:57: warning: output port 'MULTSIGNOUT' has no connection [-Wunconnected-output-port]
             .USE_MULT("MULTIPLY"), .USE_SIMD("ONE48")) u_dsp (
                                                        ^
designs/mac_array_16.sv:20:57: warning: output port 'OVERFLOW' has no connection [-Wunconnected-output-port]
             .USE_MULT("MULTIPLY"), .USE_SIMD("ONE48")) u_dsp (
                                                        ^
designs/mac_array_16.sv:20:57: warning: output port 'PATTERNBDETECT' has no connection [-Wunconnected-output-port]
             .USE_MULT("MULTIPLY"), .USE_SIMD("ONE48")) u_dsp (
                                                        ^
designs/mac_array_16.sv:20:57: warning: output port 'PATTERNDETECT' has no connection [-Wunconnected-output-port]
             .USE_MULT("MULTIPLY"), .USE_SIMD("ONE48")) u_dsp (
                                                        ^
designs/mac_array_16.sv:20:57: warning: output port 'PCOUT' has no connection [-Wunconnected-output-port]
             .USE_MULT("MULTIPLY"), .USE_SIMD("ONE48")) u_dsp (
                                                        ^
designs/mac_array_16.sv:20:57: warning: output port 'UNDERFLOW' has no connection [-Wunconnected-output-port]
             .USE_MULT("MULTIPLY"), .USE_SIMD("ONE48")) u_dsp (
                                                        ^
designs/mac_array_16.sv:20:57: warning: output port 'XOROUT' has no connection [-Wunconnected-output-port]
             .USE_MULT("MULTIPLY"), .USE_SIMD("ONE48")) u_dsp (
                                                        ^
designs/mac_array_16.sv:20:57: warning: output port 'ACOUT' has no connection [-Wunconnected-output-port]
             .USE_MULT("MULTIPLY"), .USE_SIMD("ONE48")) u_dsp (
                                                        ^
designs/mac_array_16.sv:20:57: warning: output port 'BCOUT' has no connection [-Wunconnected-output-port]
             .USE_MULT("MULTIPLY"), .USE_SIMD("ONE48")) u_dsp (
                                                        ^
designs/mac_array_16.sv:20:57: warning: output port 'CARRYCASCOUT' has no connection [-Wunconnected-output-port]
             .USE_MULT("MULTIPLY"), .USE_SIMD("ONE48")) u_dsp (
                                                        ^
designs/mac_array_16.sv:20:57: warning: output port 'CARRYOUT' has no connection [-Wunconnected-output-port]
             .USE_MULT("MULTIPLY"), .USE_SIMD("ONE48")) u_dsp (
                                                        ^
designs/mac_array_16.sv:20:57: warning: output port 'MULTSIGNOUT' has no connection [-Wunconnected-output-port]
             .USE_MULT("MULTIPLY"), .USE_SIMD("ONE48")) u_dsp (
                                                        ^
designs/mac_array_16.sv:20:57: warning: output port 'OVERFLOW' has no connection [-Wunconnected-output-port]
             .USE_MULT("MULTIPLY"), .USE_SIMD("ONE48")) u_dsp (
                                                        ^
designs/mac_array_16.sv:20:57: warning: output port 'PATTERNBDETECT' has no connection [-Wunconnected-output-port]
             .USE_MULT("MULTIPLY"), .USE_SIMD("ONE48")) u_dsp (
                                                        ^
designs/mac_array_16.sv:20:57: warning: output port 'PATTERNDETECT' has no connection [-Wunconnected-output-port]
             .USE_MULT("MULTIPLY"), .USE_SIMD("ONE48")) u_dsp (
                                                        ^
designs/mac_array_16.sv:20:57: warning: output port 'PCOUT' has no connection [-Wunconnected-output-port]
             .USE_MULT("MULTIPLY"), .USE_SIMD("ONE48")) u_dsp (
                                                        ^
designs/mac_array_16.sv:20:57: warning: output port 'UNDERFLOW' has no connection [-Wunconnected-output-port]
             .USE_MULT("MULTIPLY"), .USE_SIMD("ONE48")) u_dsp (
                                                        ^
designs/mac_array_16.sv:20:57: warning: output port 'XOROUT' has no connection [-Wunconnected-output-port]
             .USE_MULT("MULTIPLY"), .USE_SIMD("ONE48")) u_dsp (
                                                        ^
designs/mac_array_16.sv:20:57: warning: output port 'ACOUT' has no connection [-Wunconnected-output-port]
             .USE_MULT("MULTIPLY"), .USE_SIMD("ONE48")) u_dsp (
                                                        ^
designs/mac_array_16.sv:20:57: warning: output port 'BCOUT' has no connection [-Wunconnected-output-port]
             .USE_MULT("MULTIPLY"), .USE_SIMD("ONE48")) u_dsp (
                                                        ^
designs/mac_array_16.sv:20:57: warning: output port 'CARRYCASCOUT' has no connection [-Wunconnected-output-port]
             .USE_MULT("MULTIPLY"), .USE_SIMD("ONE48")) u_dsp (
                                                        ^
designs/mac_array_16.sv:20:57: warning: output port 'CARRYOUT' has no connection [-Wunconnected-output-port]
             .USE_MULT("MULTIPLY"), .USE_SIMD("ONE48")) u_dsp (
                                                        ^
designs/mac_array_16.sv:20:57: warning: output port 'MULTSIGNOUT' has no connection [-Wunconnected-output-port]
             .USE_MULT("MULTIPLY"), .USE_SIMD("ONE48")) u_dsp (
                                                        ^
designs/mac_array_16.sv:20:57: warning: output port 'OVERFLOW' has no connection [-Wunconnected-output-port]
             .USE_MULT("MULTIPLY"), .USE_SIMD("ONE48")) u_dsp (
                                                        ^
designs/mac_array_16.sv:20:57: warning: output port 'PATTERNBDETECT' has no connection [-Wunconnected-output-port]
             .USE_MULT("MULTIPLY"), .USE_SIMD("ONE48")) u_dsp (
                                                        ^
designs/mac_array_16.sv:20:57: warning: output port 'PATTERNDETECT' has no connection [-Wunconnected-output-port]
             .USE_MULT("MULTIPLY"), .USE_SIMD("ONE48")) u_dsp (
                                                        ^
designs/mac_array_16.sv:20:57: warning: output port 'PCOUT' has no connection [-Wunconnected-output-port]
             .USE_MULT("MULTIPLY"), .USE_SIMD("ONE48")) u_dsp (
                                                        ^
designs/mac_array_16.sv:20:57: warning: output port 'UNDERFLOW' has no connection [-Wunconnected-output-port]
             .USE_MULT("MULTIPLY"), .USE_SIMD("ONE48")) u_dsp (
                                                        ^
designs/mac_array_16.sv:20:57: warning: output port 'XOROUT' has no connection [-Wunconnected-output-port]
             .USE_MULT("MULTIPLY"), .USE_SIMD("ONE48")) u_dsp (
                                                        ^
designs/mac_array_16.sv:20:57: warning: output port 'ACOUT' has no connection [-Wunconnected-output-port]
             .USE_MULT("MULTIPLY"), .USE_SIMD("ONE48")) u_dsp (
                                                        ^
designs/mac_array_16.sv:20:57: warning: output port 'BCOUT' has no connection [-Wunconnected-output-port]
             .USE_MULT("MULTIPLY"), .USE_SIMD("ONE48")) u_dsp (
                                                        ^
designs/mac_array_16.sv:20:57: warning: output port 'CARRYCASCOUT' has no connection [-Wunconnected-output-port]
             .USE_MULT("MULTIPLY"), .USE_SIMD("ONE48")) u_dsp (
                                                        ^
designs/mac_array_16.sv:20:57: warning: output port 'CARRYOUT' has no connection [-Wunconnected-output-port]
             .USE_MULT("MULTIPLY"), .USE_SIMD("ONE48")) u_dsp (
                                                        ^
designs/mac_array_16.sv:20:57: warning: output port 'MULTSIGNOUT' has no connection [-Wunconnected-output-port]
             .USE_MULT("MULTIPLY"), .USE_SIMD("ONE48")) u_dsp (
                                                        ^
designs/mac_array_16.sv:20:57: warning: output port 'OVERFLOW' has no connection [-Wunconnected-output-port]
             .USE_MULT("MULTIPLY"), .USE_SIMD("ONE48")) u_dsp (
                                                        ^
designs/mac_array_16.sv:20:57: warning: output port 'PATTERNBDETECT' has no connection [-Wunconnected-output-port]
             .USE_MULT("MULTIPLY"), .USE_SIMD("ONE48")) u_dsp (
                                                        ^
designs/mac_array_16.sv:20:57: warning: output port 'PATTERNDETECT' has no connection [-Wunconnected-output-port]
             .USE_MULT("MULTIPLY"), .USE_SIMD("ONE48")) u_dsp (
                                                        ^
designs/mac_array_16.sv:20:57: warning: output port 'PCOUT' has no connection [-Wunconnected-output-port]
             .USE_MULT("MULTIPLY"), .USE_SIMD("ONE48")) u_dsp (
                                                        ^
designs/mac_array_16.sv:20:57: warning: output port 'UNDERFLOW' has no connection [-Wunconnected-output-port]
             .USE_MULT("MULTIPLY"), .USE_SIMD("ONE48")) u_dsp (
                                                        ^
designs/mac_array_16.sv:20:57: warning: output port 'XOROUT' has no connection [-Wunconnected-output-port]
             .USE_MULT("MULTIPLY"), .USE_SIMD("ONE48")) u_dsp (
                                                        ^
designs/mac_array_16.sv:20:57: warning: output port 'ACOUT' has no connection [-Wunconnected-output-port]
             .USE_MULT("MULTIPLY"), .USE_SIMD("ONE48")) u_dsp (
                                                        ^
designs/mac_array_16.sv:20:57: warning: output port 'BCOUT' has no connection [-Wunconnected-output-port]
             .USE_MULT("MULTIPLY"), .USE_SIMD("ONE48")) u_dsp (
                                                        ^
designs/mac_array_16.sv:20:57: warning: output port 'CARRYCASCOUT' has no connection [-Wunconnected-output-port]
             .USE_MULT("MULTIPLY"), .USE_SIMD("ONE48")) u_dsp (
                                                        ^
designs/mac_array_16.sv:20:57: warning: output port 'CARRYOUT' has no connection [-Wunconnected-output-port]
             .USE_MULT("MULTIPLY"), .USE_SIMD("ONE48")) u_dsp (
                                                        ^
designs/mac_array_16.sv:20:57: warning: output port 'MULTSIGNOUT' has no connection [-Wunconnected-output-port]
             .USE_MULT("MULTIPLY"), .USE_SIMD("ONE48")) u_dsp (
                                                        ^
designs/mac_array_16.sv:20:57: warning: output port 'OVERFLOW' has no connection [-Wunconnected-output-port]
             .USE_MULT("MULTIPLY"), .USE_SIMD("ONE48")) u_dsp (
                                                        ^
designs/mac_array_16.sv:20:57: warning: output port 'PATTERNBDETECT' has no connection [-Wunconnected-output-port]
             .USE_MULT("MULTIPLY"), .USE_SIMD("ONE48")) u_dsp (
                                                        ^
designs/mac_array_16.sv:20:57: warning: output port 'PATTERNDETECT' has no connection [-Wunconnected-output-port]
             .USE_MULT("MULTIPLY"), .USE_SIMD("ONE48")) u_dsp (
                                                        ^
designs/mac_array_16.sv:20:57: warning: output port 'PCOUT' has no connection [-Wunconnected-output-port]
             .USE_MULT("MULTIPLY"), .USE_SIMD("ONE48")) u_dsp (
                                                        ^
designs/mac_array_16.sv:20:57: warning: output port 'UNDERFLOW' has no connection [-Wunconnected-output-port]
             .USE_MULT("MULTIPLY"), .USE_SIMD("ONE48")) u_dsp (
                                                        ^
designs/mac_array_16.sv:20:57: warning: output port 'XOROUT' has no connection [-Wunconnected-output-port]
             .USE_MULT("MULTIPLY"), .USE_SIMD("ONE48")) u_dsp (
                                                        ^
designs/mac_array_16.sv:20:57: warning: output port 'ACOUT' has no connection [-Wunconnected-output-port]
             .USE_MULT("MULTIPLY"), .USE_SIMD("ONE48")) u_dsp (
                                                        ^
designs/mac_array_16.sv:20:57: warning: output port 'BCOUT' has no connection [-Wunconnected-output-port]
             .USE_MULT("MULTIPLY"), .USE_SIMD("ONE48")) u_dsp (
                                                        ^
designs/mac_array_16.sv:20:57: warning: output port 'CARRYCASCOUT' has no connection [-Wunconnected-output-port]
             .USE_MULT("MULTIPLY"), .USE_SIMD("ONE48")) u_dsp (
                                                        ^
designs/mac_array_16.sv:20:57: warning: output port 'CARRYOUT' has no connection [-Wunconnected-output-port]
             .USE_MULT("MULTIPLY"), .USE_SIMD("ONE48")) u_dsp (
                                                        ^
designs/mac_array_16.sv:20:57: warning: output port 'MULTSIGNOUT' has no connection [-Wunconnected-output-port]
             .USE_MULT("MULTIPLY"), .USE_SIMD("ONE48")) u_dsp (
                                                        ^
designs/mac_array_16.sv:20:57: warning: output port 'OVERFLOW' has no connection [-Wunconnected-output-port]
             .USE_MULT("MULTIPLY"), .USE_SIMD("ONE48")) u_dsp (
                                                        ^
designs/mac_array_16.sv:20:57: warning: output port 'PATTERNBDETECT' has no connection [-Wunconnected-output-port]
             .USE_MULT("MULTIPLY"), .USE_SIMD("ONE48")) u_dsp (
                                                        ^
designs/mac_array_16.sv:20:57: warning: output port 'PATTERNDETECT' has no connection [-Wunconnected-output-port]
             .USE_MULT("MULTIPLY"), .USE_SIMD("ONE48")) u_dsp (
                                                        ^
designs/mac_array_16.sv:20:57: warning: output port 'PCOUT' has no connection [-Wunconnected-output-port]
             .USE_MULT("MULTIPLY"), .USE_SIMD("ONE48")) u_dsp (
                                                        ^
designs/mac_array_16.sv:20:57: warning: output port 'UNDERFLOW' has no connection [-Wunconnected-output-port]
             .USE_MULT("MULTIPLY"), .USE_SIMD("ONE48")) u_dsp (
                                                        ^
designs/mac_array_16.sv:20:57: warning: output port 'XOROUT' has no connection [-Wunconnected-output-port]
             .USE_MULT("MULTIPLY"), .USE_SIMD("ONE48")) u_dsp (
                                                        ^
designs/mac_array_16.sv:20:57: warning: output port 'ACOUT' has no connection [-Wunconnected-output-port]
             .USE_MULT("MULTIPLY"), .USE_SIMD("ONE48")) u_dsp (
                                                        ^
designs/mac_array_16.sv:20:57: warning: output port 'BCOUT' has no connection [-Wunconnected-output-port]
             .USE_MULT("MULTIPLY"), .USE_SIMD("ONE48")) u_dsp (
                                                        ^
designs/mac_array_16.sv:20:57: warning: output port 'CARRYCASCOUT' has no connection [-Wunconnected-output-port]
             .USE_MULT("MULTIPLY"), .USE_SIMD("ONE48")) u_dsp (
                                                        ^
designs/mac_array_16.sv:20:57: warning: output port 'CARRYOUT' has no connection [-Wunconnected-output-port]
             .USE_MULT("MULTIPLY"), .USE_SIMD("ONE48")) u_dsp (
                                                        ^
designs/mac_array_16.sv:20:57: warning: output port 'MULTSIGNOUT' has no connection [-Wunconnected-output-port]
             .USE_MULT("MULTIPLY"), .USE_SIMD("ONE48")) u_dsp (
                                                        ^
designs/mac_array_16.sv:20:57: warning: output port 'OVERFLOW' has no connection [-Wunconnected-output-port]
             .USE_MULT("MULTIPLY"), .USE_SIMD("ONE48")) u_dsp (
                                                        ^
designs/mac_array_16.sv:20:57: warning: output port 'PATTERNBDETECT' has no connection [-Wunconnected-output-port]
             .USE_MULT("MULTIPLY"), .USE_SIMD("ONE48")) u_dsp (
                                                        ^
designs/mac_array_16.sv:20:57: warning: output port 'PATTERNDETECT' has no connection [-Wunconnected-output-port]
             .USE_MULT("MULTIPLY"), .USE_SIMD("ONE48")) u_dsp (
                                                        ^
designs/mac_array_16.sv:20:57: warning: output port 'PCOUT' has no connection [-Wunconnected-output-port]
             .USE_MULT("MULTIPLY"), .USE_SIMD("ONE48")) u_dsp (
                                                        ^
designs/mac_array_16.sv:20:57: warning: output port 'UNDERFLOW' has no connection [-Wunconnected-output-port]
             .USE_MULT("MULTIPLY"), .USE_SIMD("ONE48")) u_dsp (
                                                        ^
designs/mac_array_16.sv:20:57: warning: output port 'XOROUT' has no connection [-Wunconnected-output-port]
             .USE_MULT("MULTIPLY"), .USE_SIMD("ONE48")) u_dsp (
                                                        ^
designs/mac_array_16.sv:20:57: warning: output port 'ACOUT' has no connection [-Wunconnected-output-port]
             .USE_MULT("MULTIPLY"), .USE_SIMD("ONE48")) u_dsp (
                                                        ^
designs/mac_array_16.sv:20:57: warning: output port 'BCOUT' has no connection [-Wunconnected-output-port]
             .USE_MULT("MULTIPLY"), .USE_SIMD("ONE48")) u_dsp (
                                                        ^
designs/mac_array_16.sv:20:57: warning: output port 'CARRYCASCOUT' has no connection [-Wunconnected-output-port]
             .USE_MULT("MULTIPLY"), .USE_SIMD("ONE48")) u_dsp (
                                                        ^
designs/mac_array_16.sv:20:57: warning: output port 'CARRYOUT' has no connection [-Wunconnected-output-port]
             .USE_MULT("MULTIPLY"), .USE_SIMD("ONE48")) u_dsp (
                                                        ^
designs/mac_array_16.sv:20:57: warning: output port 'MULTSIGNOUT' has no connection [-Wunconnected-output-port]
             .USE_MULT("MULTIPLY"), .USE_SIMD("ONE48")) u_dsp (
                                                        ^
designs/mac_array_16.sv:20:57: warning: output port 'OVERFLOW' has no connection [-Wunconnected-output-port]
             .USE_MULT("MULTIPLY"), .USE_SIMD("ONE48")) u_dsp (
                                                        ^
designs/mac_array_16.sv:20:57: warning: output port 'PATTERNBDETECT' has no connection [-Wunconnected-output-port]
             .USE_MULT("MULTIPLY"), .USE_SIMD("ONE48")) u_dsp (
                                                        ^
designs/mac_array_16.sv:20:57: warning: output port 'PATTERNDETECT' has no connection [-Wunconnected-output-port]
             .USE_MULT("MULTIPLY"), .USE_SIMD("ONE48")) u_dsp (
                                                        ^
designs/mac_array_16.sv:20:57: warning: output port 'PCOUT' has no connection [-Wunconnected-output-port]
             .USE_MULT("MULTIPLY"), .USE_SIMD("ONE48")) u_dsp (
                                                        ^
designs/mac_array_16.sv:20:57: warning: output port 'UNDERFLOW' has no connection [-Wunconnected-output-port]
             .USE_MULT("MULTIPLY"), .USE_SIMD("ONE48")) u_dsp (
                                                        ^
designs/mac_array_16.sv:20:57: warning: output port 'XOROUT' has no connection [-Wunconnected-output-port]
             .USE_MULT("MULTIPLY"), .USE_SIMD("ONE48")) u_dsp (
                                                        ^
designs/mac_array_16.sv:20:57: warning: output port 'ACOUT' has no connection [-Wunconnected-output-port]
             .USE_MULT("MULTIPLY"), .USE_SIMD("ONE48")) u_dsp (
                                                        ^
designs/mac_array_16.sv:20:57: warning: output port 'BCOUT' has no connection [-Wunconnected-output-port]
             .USE_MULT("MULTIPLY"), .USE_SIMD("ONE48")) u_dsp (
                                                        ^
designs/mac_array_16.sv:20:57: warning: output port 'CARRYCASCOUT' has no connection [-Wunconnected-output-port]
             .USE_MULT("MULTIPLY"), .USE_SIMD("ONE48")) u_dsp (
                                                        ^
designs/mac_array_16.sv:20:57: warning: output port 'CARRYOUT' has no connection [-Wunconnected-output-port]
             .USE_MULT("MULTIPLY"), .USE_SIMD("ONE48")) u_dsp (
                                                        ^
designs/mac_array_16.sv:20:57: warning: output port 'MULTSIGNOUT' has no connection [-Wunconnected-output-port]
             .USE_MULT("MULTIPLY"), .USE_SIMD("ONE48")) u_dsp (
                                                        ^
designs/mac_array_16.sv:20:57: warning: output port 'OVERFLOW' has no connection [-Wunconnected-output-port]
             .USE_MULT("MULTIPLY"), .USE_SIMD("ONE48")) u_dsp (
                                                        ^
designs/mac_array_16.sv:20:57: warning: output port 'PATTERNBDETECT' has no connection [-Wunconnected-output-port]
             .USE_MULT("MULTIPLY"), .USE_SIMD("ONE48")) u_dsp (
                                                        ^
designs/mac_array_16.sv:20:57: warning: output port 'PATTERNDETECT' has no connection [-Wunconnected-output-port]
             .USE_MULT("MULTIPLY"), .USE_SIMD("ONE48")) u_dsp (
                                                        ^
designs/mac_array_16.sv:20:57: warning: output port 'PCOUT' has no connection [-Wunconnected-output-port]
             .USE_MULT("MULTIPLY"), .USE_SIMD("ONE48")) u_dsp (
                                                        ^
designs/mac_array_16.sv:20:57: warning: output port 'UNDERFLOW' has no connection [-Wunconnected-output-port]
             .USE_MULT("MULTIPLY"), .USE_SIMD("ONE48")) u_dsp (
                                                        ^
designs/mac_array_16.sv:20:57: warning: output port 'XOROUT' has no connection [-Wunconnected-output-port]
             .USE_MULT("MULTIPLY"), .USE_SIMD("ONE48")) u_dsp (
                                                        ^
designs/mac_array_16.sv:20:57: warning: output port 'ACOUT' has no connection [-Wunconnected-output-port]
             .USE_MULT("MULTIPLY"), .USE_SIMD("ONE48")) u_dsp (
                                                        ^
designs/mac_array_16.sv:20:57: warning: output port 'BCOUT' has no connection [-Wunconnected-output-port]
             .USE_MULT("MULTIPLY"), .USE_SIMD("ONE48")) u_dsp (
                                                        ^
designs/mac_array_16.sv:20:57: warning: output port 'CARRYCASCOUT' has no connection [-Wunconnected-output-port]
             .USE_MULT("MULTIPLY"), .USE_SIMD("ONE48")) u_dsp (
                                                        ^
designs/mac_array_16.sv:20:57: warning: output port 'CARRYOUT' has no connection [-Wunconnected-output-port]
             .USE_MULT("MULTIPLY"), .USE_SIMD("ONE48")) u_dsp (
                                                        ^
designs/mac_array_16.sv:20:57: warning: output port 'MULTSIGNOUT' has no connection [-Wunconnected-output-port]
             .USE_MULT("MULTIPLY"), .USE_SIMD("ONE48")) u_dsp (
                                                        ^
designs/mac_array_16.sv:20:57: warning: output port 'OVERFLOW' has no connection [-Wunconnected-output-port]
             .USE_MULT("MULTIPLY"), .USE_SIMD("ONE48")) u_dsp (
                                                        ^
designs/mac_array_16.sv:20:57: warning: output port 'PATTERNBDETECT' has no connection [-Wunconnected-output-port]
             .USE_MULT("MULTIPLY"), .USE_SIMD("ONE48")) u_dsp (
                                                        ^
designs/mac_array_16.sv:20:57: warning: output port 'PATTERNDETECT' has no connection [-Wunconnected-output-port]
             .USE_MULT("MULTIPLY"), .USE_SIMD("ONE48")) u_dsp (
                                                        ^
designs/mac_array_16.sv:20:57: warning: output port 'PCOUT' has no connection [-Wunconnected-output-port]
             .USE_MULT("MULTIPLY"), .USE_SIMD("ONE48")) u_dsp (
                                                        ^
designs/mac_array_16.sv:20:57: warning: output port 'UNDERFLOW' has no connection [-Wunconnected-output-port]
             .USE_MULT("MULTIPLY"), .USE_SIMD("ONE48")) u_dsp (
                                                        ^
designs/mac_array_16.sv:20:57: warning: output port 'XOROUT' has no connection [-Wunconnected-output-port]
             .USE_MULT("MULTIPLY"), .USE_SIMD("ONE48")) u_dsp (
                                                        ^
designs/mac_array_16.sv:20:57: warning: output port 'ACOUT' has no connection [-Wunconnected-output-port]
             .USE_MULT("MULTIPLY"), .USE_SIMD("ONE48")) u_dsp (
                                                        ^
designs/mac_array_16.sv:20:57: warning: output port 'BCOUT' has no connection [-Wunconnected-output-port]
             .USE_MULT("MULTIPLY"), .USE_SIMD("ONE48")) u_dsp (
                                                        ^
designs/mac_array_16.sv:20:57: warning: output port 'CARRYCASCOUT' has no connection [-Wunconnected-output-port]
             .USE_MULT("MULTIPLY"), .USE_SIMD("ONE48")) u_dsp (
                                                        ^
designs/mac_array_16.sv:20:57: warning: output port 'CARRYOUT' has no connection [-Wunconnected-output-port]
             .USE_MULT("MULTIPLY"), .USE_SIMD("ONE48")) u_dsp (
                                                        ^
designs/mac_array_16.sv:20:57: warning: output port 'MULTSIGNOUT' has no connection [-Wunconnected-output-port]
             .USE_MULT("MULTIPLY"), .USE_SIMD("ONE48")) u_dsp (
                                                        ^
designs/mac_array_16.sv:20:57: warning: output port 'OVERFLOW' has no connection [-Wunconnected-output-port]
             .USE_MULT("MULTIPLY"), .USE_SIMD("ONE48")) u_dsp (
                                                        ^
designs/mac_array_16.sv:20:57: warning: output port 'PATTERNBDETECT' has no connection [-Wunconnected-output-port]
             .USE_MULT("MULTIPLY"), .USE_SIMD("ONE48")) u_dsp (
                                                        ^
designs/mac_array_16.sv:20:57: warning: output port 'PATTERNDETECT' has no connection [-Wunconnected-output-port]
             .USE_MULT("MULTIPLY"), .USE_SIMD("ONE48")) u_dsp (
                                                        ^
designs/mac_array_16.sv:20:57: warning: output port 'PCOUT' has no connection [-Wunconnected-output-port]
             .USE_MULT("MULTIPLY"), .USE_SIMD("ONE48")) u_dsp (
                                                        ^
designs/mac_array_16.sv:20:57: warning: output port 'UNDERFLOW' has no connection [-Wunconnected-output-port]
             .USE_MULT("MULTIPLY"), .USE_SIMD("ONE48")) u_dsp (
                                                        ^
designs/mac_array_16.sv:20:57: warning: output port 'XOROUT' has no connection [-Wunconnected-output-port]
             .USE_MULT("MULTIPLY"), .USE_SIMD("ONE48")) u_dsp (
                                                        ^
designs/mac_array_16.sv:20:57: warning: output port 'ACOUT' has no connection [-Wunconnected-output-port]
             .USE_MULT("MULTIPLY"), .USE_SIMD("ONE48")) u_dsp (
                                                        ^
designs/mac_array_16.sv:20:57: warning: output port 'BCOUT' has no connection [-Wunconnected-output-port]
             .USE_MULT("MULTIPLY"), .USE_SIMD("ONE48")) u_dsp (
                                                        ^
designs/mac_array_16.sv:20:57: warning: output port 'CARRYCASCOUT' has no connection [-Wunconnected-output-port]
             .USE_MULT("MULTIPLY"), .USE_SIMD("ONE48")) u_dsp (
                                                        ^
designs/mac_array_16.sv:20:57: warning: output port 'CARRYOUT' has no connection [-Wunconnected-output-port]
             .USE_MULT("MULTIPLY"), .USE_SIMD("ONE48")) u_dsp (
                                                        ^
designs/mac_array_16.sv:20:57: warning: output port 'MULTSIGNOUT' has no connection [-Wunconnected-output-port]
             .USE_MULT("MULTIPLY"), .USE_SIMD("ONE48")) u_dsp (
                                                        ^
designs/mac_array_16.sv:20:57: warning: output port 'OVERFLOW' has no connection [-Wunconnected-output-port]
             .USE_MULT("MULTIPLY"), .USE_SIMD("ONE48")) u_dsp (
                                                        ^
designs/mac_array_16.sv:20:57: warning: output port 'PATTERNBDETECT' has no connection [-Wunconnected-output-port]
             .USE_MULT("MULTIPLY"), .USE_SIMD("ONE48")) u_dsp (
                                                        ^
designs/mac_array_16.sv:20:57: warning: output port 'PATTERNDETECT' has no connection [-Wunconnected-output-port]
             .USE_MULT("MULTIPLY"), .USE_SIMD("ONE48")) u_dsp (
                                                        ^
designs/mac_array_16.sv:20:57: warning: output port 'PCOUT' has no connection [-Wunconnected-output-port]
             .USE_MULT("MULTIPLY"), .USE_SIMD("ONE48")) u_dsp (
                                                        ^
designs/mac_array_16.sv:20:57: warning: output port 'UNDERFLOW' has no connection [-Wunconnected-output-port]
             .USE_MULT("MULTIPLY"), .USE_SIMD("ONE48")) u_dsp (
                                                        ^
designs/mac_array_16.sv:20:57: warning: output port 'XOROUT' has no connection [-Wunconnected-output-port]
             .USE_MULT("MULTIPLY"), .USE_SIMD("ONE48")) u_dsp (
                                                        ^

Build succeeded: 0 errors, 176 warnings

1.1. Executing PROC_CLEAN pass (remove empty switches from decision trees).
Removing empty process `mac_array_16.$1'.
Removing empty process `mac_array_16.$0'.
Cleaned up 0 empty switches.

1.2. Executing PROC_RMDEAD pass (remove dead branches from decision trees).
Removed a total of 0 dead cases.

1.3. Executing PROC_PRUNE pass (remove redundant assignments in processes).
Removed 0 redundant assignments.
Promoted 0 assignments to connections.

1.4. Executing PROC_INIT pass (extract init attributes).

1.5. Executing PROC_ROM pass (convert switches to ROMs).
Converted 0 switches.

1.6. Executing PROC_MUX pass (convert decision trees to multiplexers).

1.7. Executing PROC_CLEAN pass (remove empty switches from decision trees).
Cleaned up 0 empty switches.

1.8. Executing OPT_EXPR pass (perform const folding).
Optimizing module mac_array_16.
<suppressed ~1 debug messages>

2. Executing HIERARCHY pass (managing design hierarchy).

2.1. Analyzing design hierarchy..
Top module:  \mac_array_16

2.2. Analyzing design hierarchy..
Top module:  \mac_array_16
Removed 0 unused modules.

3. Executing PROC pass (convert processes to netlists).

3.1. Executing PROC_CLEAN pass (remove empty switches from decision trees).
Cleaned up 0 empty switches.

3.2. Executing PROC_RMDEAD pass (remove dead branches from decision trees).
Removed a total of 0 dead cases.

3.3. Executing PROC_PRUNE pass (remove redundant assignments in processes).
Removed 0 redundant assignments.
Promoted 0 assignments to connections.

3.4. Executing PROC_INIT pass (extract init attributes).

3.5. Executing PROC_ARST pass (detect async resets in processes).

3.6. Executing PROC_ROM pass (convert switches to ROMs).
Converted 0 switches.

3.7. Executing PROC_MUX pass (convert decision trees to multiplexers).

3.8. Executing PROC_DLATCH pass (convert process syncs to latches).

3.9. Executing PROC_DFF pass (convert process syncs to FFs).

3.10. Executing PROC_MEMWR pass (convert process memory writes to cells).

3.11. Executing PROC_CLEAN pass (remove empty switches from decision trees).
Cleaned up 0 empty switches.

3.12. Executing OPT_EXPR pass (perform const folding).
Optimizing module mac_array_16.
Removed 0 unused cells and 2 unused wires.

4. Executing OPT_EXPR pass (perform const folding).
Optimizing module mac_array_16.

5. Executing OPT_DFF pass (perform DFF optimizations).

6. Executing OPT_CLEAN pass (remove unused cells and wires).
Finding unused cells or wires in module \mac_array_16..

7. Executing MEMORY pass.

7.1. Executing OPT_MEM pass (optimize memories).
Performed a total of 0 transformations.

7.2. Executing OPT_MEM_PRIORITY pass (removing unnecessary memory write priority relations).
Performed a total of 0 transformations.

7.3. Executing OPT_MEM_FEEDBACK pass (finding memory read-to-write feedback paths).

7.4. Executing MEMORY_BMUX2ROM pass (converting muxes to ROMs).

7.5. Executing MEMORY_DFF pass (merging $dff cells to $memrd).

7.6. Executing OPT_CLEAN pass (remove unused cells and wires).
Finding unused cells or wires in module \mac_array_16..

7.7. Executing MEMORY_SHARE pass (consolidating $memrd/$memwr cells).

7.8. Executing OPT_MEM_WIDEN pass (optimize memories where all ports are wide).
Performed a total of 0 transformations.

7.9. Executing OPT_CLEAN pass (remove unused cells and wires).
Finding unused cells or wires in module \mac_array_16..

7.10. Executing MEMORY_COLLECT pass (generating $mem cells).

8. Executing MEMORY_LIBMAP pass (mapping memories to cells).

9. Executing TECHMAP pass (map to technology primitives).

9.1. Executing Verilog-2005 frontend: /home/darsh/gem/aigpdk/gemmacro_map.v
Parsing Verilog input from `/home/darsh/gem/aigpdk/gemmacro_map.v' to AST representation.
Generating RTLIL representation for module `\DSP48E2'.
Successfully finished Verilog frontend.

9.2. Continuing TECHMAP pass.
Using template $paramod$bf96ed5ef4a8b889961b438967357944c21a890a\DSP48E2 for cells of type DSP48E2.
No more expansions possible.
<suppressed ~120 debug messages>

10. Executing Verilog-2005 frontend: /home/darsh/gem/aigpdk/gemmacro_shred.v
Parsing Verilog input from `/home/darsh/gem/aigpdk/gemmacro_shred.v' to AST representation.
Generating RTLIL representation for module `\GEM_DSP48E2'.
Successfully finished Verilog frontend.

11. Executing PROC pass (convert processes to netlists).

11.1. Executing PROC_CLEAN pass (remove empty switches from decision trees).
Cleaned up 0 empty switches.

11.2. Executing PROC_RMDEAD pass (remove dead branches from decision trees).
Marked 2 switch rules as full_case in process $proc$/home/darsh/gem/aigpdk/gemmacro_shred.v:40$42 in module GEM_DSP48E2.
Removed a total of 0 dead cases.

11.3. Executing PROC_PRUNE pass (remove redundant assignments in processes).
Removed 0 redundant assignments.
Promoted 1 assignment to connection.

11.4. Executing PROC_INIT pass (extract init attributes).

11.5. Executing PROC_ARST pass (detect async resets in processes).

11.6. Executing PROC_ROM pass (convert switches to ROMs).
Converted 0 switches.
<suppressed ~3 debug messages>

11.7. Executing PROC_MUX pass (convert decision trees to multiplexers).
Creating decoders for process `\GEM_DSP48E2.$proc$/home/darsh/gem/aigpdk/gemmacro_shred.v:50$44'.
     1/1: $0\P[47:0]
Creating decoders for process `\GEM_DSP48E2.$proc$/home/darsh/gem/aigpdk/gemmacro_shred.v:40$42'.
     1/2: $2\p_next[47:0]
     2/2: $1\p_next[47:0]

11.8. Executing PROC_DLATCH pass (convert process syncs to latches).
No latch inferred for signal `\GEM_DSP48E2.\p_next' from process `\GEM_DSP48E2.$proc$/home/darsh/gem/aigpdk/gemmacro_shred.v:40$42'.

11.9. Executing PROC_DFF pass (convert process syncs to FFs).
Creating register for signal `\GEM_DSP48E2.\P' using process `\GEM_DSP48E2.$proc$/home/darsh/gem/aigpdk/gemmacro_shred.v:50$44'.
  created $dff cell `$procdff$55' with positive edge clock.

11.10. Executing PROC_MEMWR pass (convert process memory writes to cells).

11.11. Executing PROC_CLEAN pass (remove empty switches from decision trees).
Found and cleaned up 1 empty switch in `\GEM_DSP48E2.$proc$/home/darsh/gem/aigpdk/gemmacro_shred.v:50$44'.
Removing empty process `GEM_DSP48E2.$proc$/home/darsh/gem/aigpdk/gemmacro_shred.v:50$44'.
Found and cleaned up 2 empty switches in `\GEM_DSP48E2.$proc$/home/darsh/gem/aigpdk/gemmacro_shred.v:40$42'.
Removing empty process `GEM_DSP48E2.$proc$/home/darsh/gem/aigpdk/gemmacro_shred.v:40$42'.
Cleaned up 3 empty switches.

11.12. Executing OPT_EXPR pass (perform const folding).
Optimizing module GEM_DSP48E2.
Optimizing module mac_array_16.
<suppressed ~192 debug messages>

12. Executing HIERARCHY pass (managing design hierarchy).

12.1. Analyzing design hierarchy..
Top module:  \mac_array_16
Used module:     \GEM_DSP48E2

12.2. Analyzing design hierarchy..
Top module:  \mac_array_16
Used module:     \GEM_DSP48E2
Removed 0 unused modules.

13. Executing OPT_EXPR pass (perform const folding).
Optimizing module GEM_DSP48E2.
Optimizing module mac_array_16.

14. Executing OPT_CLEAN pass (remove unused cells and wires).
Finding unused cells or wires in module \GEM_DSP48E2..
Finding unused cells or wires in module \mac_array_16..
Removed 0 unused cells and 1065 unused wires.
<suppressed ~2 debug messages>

15. Executing SYNTH pass.

15.1. Executing HIERARCHY pass (managing design hierarchy).
Attribute `top' found on module `mac_array_16'. Setting top module to mac_array_16.

15.1.1. Analyzing design hierarchy..
Top module:  \mac_array_16
Used module:     \GEM_DSP48E2

15.1.2. Analyzing design hierarchy..
Top module:  \mac_array_16
Used module:     \GEM_DSP48E2
Removed 0 unused modules.

15.2. Executing PROC pass (convert processes to netlists).

15.2.1. Executing PROC_CLEAN pass (remove empty switches from decision trees).
Cleaned up 0 empty switches.

15.2.2. Executing PROC_RMDEAD pass (remove dead branches from decision trees).
Removed a total of 0 dead cases.

15.2.3. Executing PROC_PRUNE pass (remove redundant assignments in processes).
Removed 0 redundant assignments.
Promoted 0 assignments to connections.

15.2.4. Executing PROC_INIT pass (extract init attributes).

15.2.5. Executing PROC_ARST pass (detect async resets in processes).

15.2.6. Executing PROC_ROM pass (convert switches to ROMs).
Converted 0 switches.

15.2.7. Executing PROC_MUX pass (convert decision trees to multiplexers).

15.2.8. Executing PROC_DLATCH pass (convert process syncs to latches).

15.2.9. Executing PROC_DFF pass (convert process syncs to FFs).

15.2.10. Executing PROC_MEMWR pass (convert process memory writes to cells).

15.2.11. Executing PROC_CLEAN pass (remove empty switches from decision trees).
Cleaned up 0 empty switches.

15.2.12. Executing OPT_EXPR pass (perform const folding).
Optimizing module GEM_DSP48E2.
Optimizing module mac_array_16.

15.3. Executing CHECK pass (checking for obvious problems).
Checking module GEM_DSP48E2...
Checking module mac_array_16...
Found and reported 0 problems.

15.4. Executing FLATTEN pass (flatten design).
Deleting now unused module GEM_DSP48E2.
<suppressed ~16 debug messages>

15.5. Executing OPT_EXPR pass (perform const folding).
Optimizing module mac_array_16.
<suppressed ~96 debug messages>

15.6. Executing OPT_CLEAN pass (remove unused cells and wires).
Finding unused cells or wires in module \mac_array_16..
Removed 0 unused cells and 80 unused wires.
<suppressed ~17 debug messages>

15.7. Executing CHECK pass (checking for obvious problems).
Checking module mac_array_16...
Found and reported 0 problems.

15.8. Executing OPT pass (performing simple optimizations).

15.8.1. Executing OPT_EXPR pass (perform const folding).
Optimizing module mac_array_16.

15.8.2. Executing OPT_MERGE pass (detect identical cells).
Finding identical cells in module `\mac_array_16'.
Computing hashes of 143 cells of `\mac_array_16'.
Finding duplicate cells in `\mac_array_16'.
Removed a total of 0 cells.

15.8.3. Executing OPT_MUXTREE pass (detect dead branches in mux trees).
Running muxtree optimizer on module \mac_array_16..
  Creating internal representation of mux trees.
  Evaluating internal representation of mux trees.
  Analyzing evaluation results.
    dead port 2/3 on $pmux $flatten\lane[8].u_dsp.$procmux$52.
    dead port 3/3 on $pmux $flatten\lane[8].u_dsp.$procmux$52.
    dead port 2/3 on $pmux $flatten\lane[5].u_dsp.$procmux$52.
    dead port 3/3 on $pmux $flatten\lane[5].u_dsp.$procmux$52.
    dead port 2/3 on $pmux $flatten\lane[13].u_dsp.$procmux$52.
    dead port 3/3 on $pmux $flatten\lane[13].u_dsp.$procmux$52.
    dead port 2/3 on $pmux $flatten\lane[15].u_dsp.$procmux$52.
    dead port 3/3 on $pmux $flatten\lane[15].u_dsp.$procmux$52.
    dead port 2/3 on $pmux $flatten\lane[0].u_dsp.$procmux$52.
    dead port 3/3 on $pmux $flatten\lane[0].u_dsp.$procmux$52.
    dead port 2/3 on $pmux $flatten\lane[14].u_dsp.$procmux$52.
    dead port 3/3 on $pmux $flatten\lane[14].u_dsp.$procmux$52.
    dead port 2/3 on $pmux $flatten\lane[6].u_dsp.$procmux$52.
    dead port 3/3 on $pmux $flatten\lane[6].u_dsp.$procmux$52.
    dead port 2/3 on $pmux $flatten\lane[4].u_dsp.$procmux$52.
    dead port 3/3 on $pmux $flatten\lane[4].u_dsp.$procmux$52.
    dead port 2/3 on $pmux $flatten\lane[11].u_dsp.$procmux$52.
    dead port 3/3 on $pmux $flatten\lane[11].u_dsp.$procmux$52.
    dead port 2/3 on $pmux $flatten\lane[2].u_dsp.$procmux$52.
    dead port 3/3 on $pmux $flatten\lane[2].u_dsp.$procmux$52.
    dead port 2/3 on $pmux $flatten\lane[1].u_dsp.$procmux$52.
    dead port 3/3 on $pmux $flatten\lane[1].u_dsp.$procmux$52.
    dead port 2/3 on $pmux $flatten\lane[12].u_dsp.$procmux$52.
    dead port 3/3 on $pmux $flatten\lane[12].u_dsp.$procmux$52.
    dead port 2/3 on $pmux $flatten\lane[3].u_dsp.$procmux$52.
    dead port 3/3 on $pmux $flatten\lane[3].u_dsp.$procmux$52.
    dead port 2/3 on $pmux $flatten\lane[9].u_dsp.$procmux$52.
    dead port 3/3 on $pmux $flatten\lane[9].u_dsp.$procmux$52.
    dead port 2/3 on $pmux $flatten\lane[10].u_dsp.$procmux$52.
    dead port 3/3 on $pmux $flatten\lane[10].u_dsp.$procmux$52.
    dead port 2/3 on $pmux $flatten\lane[7].u_dsp.$procmux$52.
    dead port 3/3 on $pmux $flatten\lane[7].u_dsp.$procmux$52.
Removed 32 multiplexer ports.
<suppressed ~48 debug messages>

15.8.4. Executing OPT_REDUCE pass (consolidate $*mux and $reduce_* inputs).
  Optimizing cells in module \mac_array_16.
Performed a total of 0 changes.

15.8.5. Executing OPT_MERGE pass (detect identical cells).
Finding identical cells in module `\mac_array_16'.
Computing hashes of 127 cells of `\mac_array_16'.
Finding duplicate cells in `\mac_array_16'.
Removed a total of 0 cells.

15.8.6. Executing OPT_DFF pass (perform DFF optimizations).

15.8.7. Executing OPT_CLEAN pass (remove unused cells and wires).
Finding unused cells or wires in module \mac_array_16..
Removed 0 unused cells and 16 unused wires.
<suppressed ~1 debug messages>

15.8.8. Executing OPT_EXPR pass (perform const folding).
Optimizing module mac_array_16.

15.8.9. Rerunning OPT passes. (Maybe there is more to do..)

15.8.10. Executing OPT_MUXTREE pass (detect dead branches in mux trees).
Running muxtree optimizer on module \mac_array_16..
  Creating internal representation of mux trees.
  Evaluating internal representation of mux trees.
  Analyzing evaluation results.
Removed 0 multiplexer ports.
<suppressed ~32 debug messages>

15.8.11. Executing OPT_REDUCE pass (consolidate $*mux and $reduce_* inputs).
  Optimizing cells in module \mac_array_16.
Performed a total of 0 changes.

15.8.12. Executing OPT_MERGE pass (detect identical cells).
Finding identical cells in module `\mac_array_16'.
Computing hashes of 127 cells of `\mac_array_16'.
Finding duplicate cells in `\mac_array_16'.
Removed a total of 0 cells.

15.8.13. Executing OPT_DFF pass (perform DFF optimizations).

15.8.14. Executing OPT_CLEAN pass (remove unused cells and wires).
Finding unused cells or wires in module \mac_array_16..

15.8.15. Executing OPT_EXPR pass (perform const folding).
Optimizing module mac_array_16.

15.8.16. Finished fast OPT passes. (There is nothing left to do.)

15.9. Executing FSM pass (extract and optimize FSM).

15.9.1. Executing FSM_DETECT pass (finding FSMs in design).

15.9.2. Executing FSM_EXTRACT pass (extracting FSM from design).

15.9.3. Executing FSM_OPT pass (simple optimizations of FSMs).

15.9.4. Executing OPT_CLEAN pass (remove unused cells and wires).
Finding unused cells or wires in module \mac_array_16..

15.9.5. Executing FSM_OPT pass (simple optimizations of FSMs).

15.9.6. Executing FSM_RECODE pass (re-assigning FSM state encoding).

15.9.7. Executing FSM_INFO pass (dumping all available information on FSM cells).

15.9.8. Executing FSM_MAP pass (mapping FSMs to basic logic).

15.10. Executing OPT pass (performing simple optimizations).

15.10.1. Executing OPT_EXPR pass (perform const folding).
Optimizing module mac_array_16.

15.10.2. Executing OPT_MERGE pass (detect identical cells).
Finding identical cells in module `\mac_array_16'.
Computing hashes of 127 cells of `\mac_array_16'.
Finding duplicate cells in `\mac_array_16'.
Removed a total of 0 cells.

15.10.3. Executing OPT_MUXTREE pass (detect dead branches in mux trees).
Running muxtree optimizer on module \mac_array_16..
  Creating internal representation of mux trees.
  Evaluating internal representation of mux trees.
  Analyzing evaluation results.
Removed 0 multiplexer ports.
<suppressed ~32 debug messages>

15.10.4. Executing OPT_REDUCE pass (consolidate $*mux and $reduce_* inputs).
  Optimizing cells in module \mac_array_16.
Performed a total of 0 changes.

15.10.5. Executing OPT_MERGE pass (detect identical cells).
Finding identical cells in module `\mac_array_16'.
Computing hashes of 127 cells of `\mac_array_16'.
Finding duplicate cells in `\mac_array_16'.
Removed a total of 0 cells.

15.10.6. Executing OPT_DFF pass (perform DFF optimizations).
Adding SRST signal on $flatten\lane[9].u_dsp.$procdff$55 ($dff) from module mac_array_16 (D = $flatten\lane[9].u_dsp.$1\p_next[47:0], Q = \lane[9].u_dsp.P, rval = 48'000000000000000000000000000000000000000000000000).
Adding SRST signal on $flatten\lane[13].u_dsp.$procdff$55 ($dff) from module mac_array_16 (D = $flatten\lane[13].u_dsp.$1\p_next[47:0], Q = \lane[13].u_dsp.P, rval = 48'000000000000000000000000000000000000000000000000).
Adding SRST signal on $flatten\lane[3].u_dsp.$procdff$55 ($dff) from module mac_array_16 (D = $flatten\lane[3].u_dsp.$1\p_next[47:0], Q = \lane[3].u_dsp.P, rval = 48'000000000000000000000000000000000000000000000000).
Adding SRST signal on $flatten\lane[10].u_dsp.$procdff$55 ($dff) from module mac_array_16 (D = $flatten\lane[10].u_dsp.$1\p_next[47:0], Q = \lane[10].u_dsp.P, rval = 48'000000000000000000000000000000000000000000000000).
Adding SRST signal on $flatten\lane[1].u_dsp.$procdff$55 ($dff) from module mac_array_16 (D = $flatten\lane[1].u_dsp.$1\p_next[47:0], Q = \lane[1].u_dsp.P, rval = 48'000000000000000000000000000000000000000000000000).
Adding SRST signal on $flatten\lane[12].u_dsp.$procdff$55 ($dff) from module mac_array_16 (D = $flatten\lane[12].u_dsp.$1\p_next[47:0], Q = \lane[12].u_dsp.P, rval = 48'000000000000000000000000000000000000000000000000).
Adding SRST signal on $flatten\lane[11].u_dsp.$procdff$55 ($dff) from module mac_array_16 (D = $flatten\lane[11].u_dsp.$1\p_next[47:0], Q = \lane[11].u_dsp.P, rval = 48'000000000000000000000000000000000000000000000000).
Adding SRST signal on $flatten\lane[8].u_dsp.$procdff$55 ($dff) from module mac_array_16 (D = $flatten\lane[8].u_dsp.$1\p_next[47:0], Q = \lane[8].u_dsp.P, rval = 48'000000000000000000000000000000000000000000000000).
Adding SRST signal on $flatten\lane[2].u_dsp.$procdff$55 ($dff) from module mac_array_16 (D = $flatten\lane[2].u_dsp.$1\p_next[47:0], Q = \lane[2].u_dsp.P, rval = 48'000000000000000000000000000000000000000000000000).
Adding SRST signal on $flatten\lane[4].u_dsp.$procdff$55 ($dff) from module mac_array_16 (D = $flatten\lane[4].u_dsp.$1\p_next[47:0], Q = \lane[4].u_dsp.P, rval = 48'000000000000000000000000000000000000000000000000).
Adding SRST signal on $flatten\lane[6].u_dsp.$procdff$55 ($dff) from module mac_array_16 (D = $flatten\lane[6].u_dsp.$1\p_next[47:0], Q = \lane[6].u_dsp.P, rval = 48'000000000000000000000000000000000000000000000000).
Adding SRST signal on $flatten\lane[14].u_dsp.$procdff$55 ($dff) from module mac_array_16 (D = $flatten\lane[14].u_dsp.$1\p_next[47:0], Q = \lane[14].u_dsp.P, rval = 48'000000000000000000000000000000000000000000000000).
Adding SRST signal on $flatten\lane[0].u_dsp.$procdff$55 ($dff) from module mac_array_16 (D = $flatten\lane[0].u_dsp.$1\p_next[47:0], Q = \lane[0].u_dsp.P, rval = 48'000000000000000000000000000000000000000000000000).
Adding SRST signal on $flatten\lane[5].u_dsp.$procdff$55 ($dff) from module mac_array_16 (D = $flatten\lane[5].u_dsp.$1\p_next[47:0], Q = \lane[5].u_dsp.P, rval = 48'000000000000000000000000000000000000000000000000).
Adding SRST signal on $flatten\lane[7].u_dsp.$procdff$55 ($dff) from module mac_array_16 (D = $flatten\lane[7].u_dsp.$1\p_next[47:0], Q = \lane[7].u_dsp.P, rval = 48'000000000000000000000000000000000000000000000000).
Adding SRST signal on $flatten\lane[15].u_dsp.$procdff$55 ($dff) from module mac_array_16 (D = $flatten\lane[15].u_dsp.$1\p_next[47:0], Q = \lane[15].u_dsp.P, rval = 48'000000000000000000000000000000000000000000000000).

15.10.7. Executing OPT_CLEAN pass (remove unused cells and wires).
Finding unused cells or wires in module \mac_array_16..
Removed 16 unused cells and 16 unused wires.
<suppressed ~32 debug messages>

15.10.8. Executing OPT_EXPR pass (perform const folding).
Optimizing module mac_array_16.

15.10.9. Rerunning OPT passes. (Maybe there is more to do..)

15.10.10. Executing OPT_MUXTREE pass (detect dead branches in mux trees).
Running muxtree optimizer on module \mac_array_16..
  Creating internal representation of mux trees.
  No muxes found in this module.
Removed 0 multiplexer ports.

15.10.11. Executing OPT_REDUCE pass (consolidate $*mux and $reduce_* inputs).
  Optimizing cells in module \mac_array_16.
Performed a total of 0 changes.

15.10.12. Executing OPT_MERGE pass (detect identical cells).
Finding identical cells in module `\mac_array_16'.
Computing hashes of 111 cells of `\mac_array_16'.
Finding duplicate cells in `\mac_array_16'.
Removed a total of 0 cells.

15.10.13. Executing OPT_DFF pass (perform DFF optimizations).

15.10.14. Executing OPT_CLEAN pass (remove unused cells and wires).
Finding unused cells or wires in module \mac_array_16..

15.10.15. Executing OPT_EXPR pass (perform const folding).
Optimizing module mac_array_16.

15.10.16. Finished fast OPT passes. (There is nothing left to do.)

15.11. Executing WREDUCE pass (reducing word size of cells).

15.12. Executing PEEPOPT pass (run peephole optimizers).

15.13. Executing OPT_CLEAN pass (remove unused cells and wires).
Finding unused cells or wires in module \mac_array_16..

15.14. Executing ALUMACC pass (create $alu and $macc cells).
Extracting $alu and $macc cells in module mac_array_16:
  creating $macc model for $flatten\lane[4].u_dsp.$mul$/home/darsh/gem/aigpdk/gemmacro_shred.v:37$41 ($mul).
  creating $macc model for $flatten\lane[13].u_dsp.$mul$/home/darsh/gem/aigpdk/gemmacro_shred.v:37$41 ($mul).
  creating $macc model for $flatten\lane[4].u_dsp.$add$/home/darsh/gem/aigpdk/gemmacro_shred.v:43$43 ($add).
  creating $macc model for $flatten\lane[6].u_dsp.$mul$/home/darsh/gem/aigpdk/gemmacro_shred.v:37$41 ($mul).
  creating $macc model for $flatten\lane[6].u_dsp.$add$/home/darsh/gem/aigpdk/gemmacro_shred.v:43$43 ($add).
  creating $macc model for $flatten\lane[14].u_dsp.$add$/home/darsh/gem/aigpdk/gemmacro_shred.v:43$43 ($add).
  creating $macc model for $flatten\lane[10].u_dsp.$add$/home/darsh/gem/aigpdk/gemmacro_shred.v:43$43 ($add).
  creating $macc model for $flatten\lane[13].u_dsp.$add$/home/darsh/gem/aigpdk/gemmacro_shred.v:43$43 ($add).
  creating $macc model for $flatten\lane[15].u_dsp.$mul$/home/darsh/gem/aigpdk/gemmacro_shred.v:37$41 ($mul).
  creating $macc model for $flatten\lane[2].u_dsp.$mul$/home/darsh/gem/aigpdk/gemmacro_shred.v:37$41 ($mul).
  creating $macc model for $flatten\lane[2].u_dsp.$add$/home/darsh/gem/aigpdk/gemmacro_shred.v:43$43 ($add).
  creating $macc model for $flatten\lane[1].u_dsp.$add$/home/darsh/gem/aigpdk/gemmacro_shred.v:43$43 ($add).
  creating $macc model for $flatten\lane[11].u_dsp.$add$/home/darsh/gem/aigpdk/gemmacro_shred.v:43$43 ($add).
  creating $macc model for $flatten\lane[11].u_dsp.$mul$/home/darsh/gem/aigpdk/gemmacro_shred.v:37$41 ($mul).
  creating $macc model for $flatten\lane[1].u_dsp.$mul$/home/darsh/gem/aigpdk/gemmacro_shred.v:37$41 ($mul).
  creating $macc model for $flatten\lane[10].u_dsp.$mul$/home/darsh/gem/aigpdk/gemmacro_shred.v:37$41 ($mul).
  creating $macc model for $flatten\lane[12].u_dsp.$mul$/home/darsh/gem/aigpdk/gemmacro_shred.v:37$41 ($mul).
  creating $macc model for $flatten\lane[12].u_dsp.$add$/home/darsh/gem/aigpdk/gemmacro_shred.v:43$43 ($add).
  creating $macc model for $flatten\lane[0].u_dsp.$mul$/home/darsh/gem/aigpdk/gemmacro_shred.v:37$41 ($mul).
  creating $macc model for $flatten\lane[15].u_dsp.$add$/home/darsh/gem/aigpdk/gemmacro_shred.v:43$43 ($add).
  creating $macc model for $flatten\lane[3].u_dsp.$mul$/home/darsh/gem/aigpdk/gemmacro_shred.v:37$41 ($mul).
  creating $macc model for $flatten\lane[3].u_dsp.$add$/home/darsh/gem/aigpdk/gemmacro_shred.v:43$43 ($add).
  creating $macc model for $flatten\lane[9].u_dsp.$mul$/home/darsh/gem/aigpdk/gemmacro_shred.v:37$41 ($mul).
  creating $macc model for $flatten\lane[14].u_dsp.$mul$/home/darsh/gem/aigpdk/gemmacro_shred.v:37$41 ($mul).
  creating $macc model for $flatten\lane[7].u_dsp.$mul$/home/darsh/gem/aigpdk/gemmacro_shred.v:37$41 ($mul).
  creating $macc model for $flatten\lane[9].u_dsp.$add$/home/darsh/gem/aigpdk/gemmacro_shred.v:43$43 ($add).
  creating $macc model for $flatten\lane[7].u_dsp.$add$/home/darsh/gem/aigpdk/gemmacro_shred.v:43$43 ($add).
  creating $macc model for $flatten\lane[5].u_dsp.$add$/home/darsh/gem/aigpdk/gemmacro_shred.v:43$43 ($add).
  creating $macc model for $flatten\lane[0].u_dsp.$add$/home/darsh/gem/aigpdk/gemmacro_shred.v:43$43 ($add).
  creating $macc model for $flatten\lane[8].u_dsp.$mul$/home/darsh/gem/aigpdk/gemmacro_shred.v:37$41 ($mul).
  creating $macc model for $flatten\lane[8].u_dsp.$add$/home/darsh/gem/aigpdk/gemmacro_shred.v:43$43 ($add).
  creating $macc model for $flatten\lane[5].u_dsp.$mul$/home/darsh/gem/aigpdk/gemmacro_shred.v:37$41 ($mul).
  merging $macc model for $flatten\lane[8].u_dsp.$mul$/home/darsh/gem/aigpdk/gemmacro_shred.v:37$41 into $flatten\lane[8].u_dsp.$add$/home/darsh/gem/aigpdk/gemmacro_shred.v:43$43.
  merging $macc model for $flatten\lane[0].u_dsp.$mul$/home/darsh/gem/aigpdk/gemmacro_shred.v:37$41 into $flatten\lane[0].u_dsp.$add$/home/darsh/gem/aigpdk/gemmacro_shred.v:43$43.
  merging $macc model for $flatten\lane[5].u_dsp.$mul$/home/darsh/gem/aigpdk/gemmacro_shred.v:37$41 into $flatten\lane[5].u_dsp.$add$/home/darsh/gem/aigpdk/gemmacro_shred.v:43$43.
  merging $macc model for $flatten\lane[7].u_dsp.$mul$/home/darsh/gem/aigpdk/gemmacro_shred.v:37$41 into $flatten\lane[7].u_dsp.$add$/home/darsh/gem/aigpdk/gemmacro_shred.v:43$43.
  merging $macc model for $flatten\lane[9].u_dsp.$mul$/home/darsh/gem/aigpdk/gemmacro_shred.v:37$41 into $flatten\lane[9].u_dsp.$add$/home/darsh/gem/aigpdk/gemmacro_shred.v:43$43.
  merging $macc model for $flatten\lane[3].u_dsp.$mul$/home/darsh/gem/aigpdk/gemmacro_shred.v:37$41 into $flatten\lane[3].u_dsp.$add$/home/darsh/gem/aigpdk/gemmacro_shred.v:43$43.
  merging $macc model for $flatten\lane[15].u_dsp.$mul$/home/darsh/gem/aigpdk/gemmacro_shred.v:37$41 into $flatten\lane[15].u_dsp.$add$/home/darsh/gem/aigpdk/gemmacro_shred.v:43$43.
  merging $macc model for $flatten\lane[12].u_dsp.$mul$/home/darsh/gem/aigpdk/gemmacro_shred.v:37$41 into $flatten\lane[12].u_dsp.$add$/home/darsh/gem/aigpdk/gemmacro_shred.v:43$43.
  merging $macc model for $flatten\lane[11].u_dsp.$mul$/home/darsh/gem/aigpdk/gemmacro_shred.v:37$41 into $flatten\lane[11].u_dsp.$add$/home/darsh/gem/aigpdk/gemmacro_shred.v:43$43.
  merging $macc model for $flatten\lane[1].u_dsp.$mul$/home/darsh/gem/aigpdk/gemmacro_shred.v:37$41 into $flatten\lane[1].u_dsp.$add$/home/darsh/gem/aigpdk/gemmacro_shred.v:43$43.
  merging $macc model for $flatten\lane[2].u_dsp.$mul$/home/darsh/gem/aigpdk/gemmacro_shred.v:37$41 into $flatten\lane[2].u_dsp.$add$/home/darsh/gem/aigpdk/gemmacro_shred.v:43$43.
  merging $macc model for $flatten\lane[13].u_dsp.$mul$/home/darsh/gem/aigpdk/gemmacro_shred.v:37$41 into $flatten\lane[13].u_dsp.$add$/home/darsh/gem/aigpdk/gemmacro_shred.v:43$43.
  merging $macc model for $flatten\lane[10].u_dsp.$mul$/home/darsh/gem/aigpdk/gemmacro_shred.v:37$41 into $flatten\lane[10].u_dsp.$add$/home/darsh/gem/aigpdk/gemmacro_shred.v:43$43.
  merging $macc model for $flatten\lane[14].u_dsp.$mul$/home/darsh/gem/aigpdk/gemmacro_shred.v:37$41 into $flatten\lane[14].u_dsp.$add$/home/darsh/gem/aigpdk/gemmacro_shred.v:43$43.
  merging $macc model for $flatten\lane[6].u_dsp.$mul$/home/darsh/gem/aigpdk/gemmacro_shred.v:37$41 into $flatten\lane[6].u_dsp.$add$/home/darsh/gem/aigpdk/gemmacro_shred.v:43$43.
  merging $macc model for $flatten\lane[4].u_dsp.$mul$/home/darsh/gem/aigpdk/gemmacro_shred.v:37$41 into $flatten\lane[4].u_dsp.$add$/home/darsh/gem/aigpdk/gemmacro_shred.v:43$43.
  creating $macc cell for $flatten\lane[0].u_dsp.$add$/home/darsh/gem/aigpdk/gemmacro_shred.v:43$43: $auto$alumacc.cc:399:replace_macc$88
  creating $macc cell for $flatten\lane[9].u_dsp.$add$/home/darsh/gem/aigpdk/gemmacro_shred.v:43$43: $auto$alumacc.cc:399:replace_macc$89
  creating $macc cell for $flatten\lane[15].u_dsp.$add$/home/darsh/gem/aigpdk/gemmacro_shred.v:43$43: $auto$alumacc.cc:399:replace_macc$90
  creating $macc cell for $flatten\lane[11].u_dsp.$add$/home/darsh/gem/aigpdk/gemmacro_shred.v:43$43: $auto$alumacc.cc:399:replace_macc$91
  creating $macc cell for $flatten\lane[1].u_dsp.$add$/home/darsh/gem/aigpdk/gemmacro_shred.v:43$43: $auto$alumacc.cc:399:replace_macc$92
  creating $macc cell for $flatten\lane[2].u_dsp.$add$/home/darsh/gem/aigpdk/gemmacro_shred.v:43$43: $auto$alumacc.cc:399:replace_macc$93
  creating $macc cell for $flatten\lane[7].u_dsp.$add$/home/darsh/gem/aigpdk/gemmacro_shred.v:43$43: $auto$alumacc.cc:399:replace_macc$94
  creating $macc cell for $flatten\lane[3].u_dsp.$add$/home/darsh/gem/aigpdk/gemmacro_shred.v:43$43: $auto$alumacc.cc:399:replace_macc$95
  creating $macc cell for $flatten\lane[13].u_dsp.$add$/home/darsh/gem/aigpdk/gemmacro_shred.v:43$43: $auto$alumacc.cc:399:replace_macc$96
  creating $macc cell for $flatten\lane[10].u_dsp.$add$/home/darsh/gem/aigpdk/gemmacro_shred.v:43$43: $auto$alumacc.cc:399:replace_macc$97
  creating $macc cell for $flatten\lane[14].u_dsp.$add$/home/darsh/gem/aigpdk/gemmacro_shred.v:43$43: $auto$alumacc.cc:399:replace_macc$98
  creating $macc cell for $flatten\lane[6].u_dsp.$add$/home/darsh/gem/aigpdk/gemmacro_shred.v:43$43: $auto$alumacc.cc:399:replace_macc$99
  creating $macc cell for $flatten\lane[8].u_dsp.$add$/home/darsh/gem/aigpdk/gemmacro_shred.v:43$43: $auto$alumacc.cc:399:replace_macc$100
  creating $macc cell for $flatten\lane[4].u_dsp.$add$/home/darsh/gem/aigpdk/gemmacro_shred.v:43$43: $auto$alumacc.cc:399:replace_macc$101
  creating $macc cell for $flatten\lane[5].u_dsp.$add$/home/darsh/gem/aigpdk/gemmacro_shred.v:43$43: $auto$alumacc.cc:399:replace_macc$102
  creating $macc cell for $flatten\lane[12].u_dsp.$add$/home/darsh/gem/aigpdk/gemmacro_shred.v:43$43: $auto$alumacc.cc:399:replace_macc$103
  created 0 $alu and 16 $macc cells.

15.15. Executing SHARE pass (SAT-based resource sharing).
Found 16 cells in module mac_array_16 that may be considered for resource sharing.
  Analyzing resource sharing options for $flatten\lane[5].u_dsp.$mul$/home/darsh/gem/aigpdk/gemmacro_shred.v:37$41 ($mul):
    Found cell that is never activated: $flatten\lane[5].u_dsp.$mul$/home/darsh/gem/aigpdk/gemmacro_shred.v:37$41
    Cell is never active. Sharing is pointless, we simply remove it.
  Analyzing resource sharing options for $flatten\lane[8].u_dsp.$mul$/home/darsh/gem/aigpdk/gemmacro_shred.v:37$41 ($mul):
    Found cell that is never activated: $flatten\lane[8].u_dsp.$mul$/home/darsh/gem/aigpdk/gemmacro_shred.v:37$41
    Cell is never active. Sharing is pointless, we simply remove it.
  Analyzing resource sharing options for $flatten\lane[7].u_dsp.$mul$/home/darsh/gem/aigpdk/gemmacro_shred.v:37$41 ($mul):
    Found cell that is never activated: $flatten\lane[7].u_dsp.$mul$/home/darsh/gem/aigpdk/gemmacro_shred.v:37$41
    Cell is never active. Sharing is pointless, we simply remove it.
  Analyzing resource sharing options for $flatten\lane[14].u_dsp.$mul$/home/darsh/gem/aigpdk/gemmacro_shred.v:37$41 ($mul):
    Found cell that is never activated: $flatten\lane[14].u_dsp.$mul$/home/darsh/gem/aigpdk/gemmacro_shred.v:37$41
    Cell is never active. Sharing is pointless, we simply remove it.
  Analyzing resource sharing options for $flatten\lane[9].u_dsp.$mul$/home/darsh/gem/aigpdk/gemmacro_shred.v:37$41 ($mul):
    Found cell that is never activated: $flatten\lane[9].u_dsp.$mul$/home/darsh/gem/aigpdk/gemmacro_shred.v:37$41
    Cell is never active. Sharing is pointless, we simply remove it.
  Analyzing resource sharing options for $flatten\lane[3].u_dsp.$mul$/home/darsh/gem/aigpdk/gemmacro_shred.v:37$41 ($mul):
    Found cell that is never activated: $flatten\lane[3].u_dsp.$mul$/home/darsh/gem/aigpdk/gemmacro_shred.v:37$41
    Cell is never active. Sharing is pointless, we simply remove it.
  Analyzing resource sharing options for $flatten\lane[0].u_dsp.$mul$/home/darsh/gem/aigpdk/gemmacro_shred.v:37$41 ($mul):
    Found cell that is never activated: $flatten\lane[0].u_dsp.$mul$/home/darsh/gem/aigpdk/gemmacro_shred.v:37$41
    Cell is never active. Sharing is pointless, we simply remove it.
  Analyzing resource sharing options for $flatten\lane[12].u_dsp.$mul$/home/darsh/gem/aigpdk/gemmacro_shred.v:37$41 ($mul):
    Found cell that is never activated: $flatten\lane[12].u_dsp.$mul$/home/darsh/gem/aigpdk/gemmacro_shred.v:37$41
    Cell is never active. Sharing is pointless, we simply remove it.
  Analyzing resource sharing options for $flatten\lane[10].u_dsp.$mul$/home/darsh/gem/aigpdk/gemmacro_shred.v:37$41 ($mul):
    Found cell that is never activated: $flatten\lane[10].u_dsp.$mul$/home/darsh/gem/aigpdk/gemmacro_shred.v:37$41
    Cell is never active. Sharing is pointless, we simply remove it.
  Analyzing resource sharing options for $flatten\lane[1].u_dsp.$mul$/home/darsh/gem/aigpdk/gemmacro_shred.v:37$41 ($mul):
    Found cell that is never activated: $flatten\lane[1].u_dsp.$mul$/home/darsh/gem/aigpdk/gemmacro_shred.v:37$41
    Cell is never active. Sharing is pointless, we simply remove it.
  Analyzing resource sharing options for $flatten\lane[11].u_dsp.$mul$/home/darsh/gem/aigpdk/gemmacro_shred.v:37$41 ($mul):
    Found cell that is never activated: $flatten\lane[11].u_dsp.$mul$/home/darsh/gem/aigpdk/gemmacro_shred.v:37$41
    Cell is never active. Sharing is pointless, we simply remove it.
  Analyzing resource sharing options for $flatten\lane[2].u_dsp.$mul$/home/darsh/gem/aigpdk/gemmacro_shred.v:37$41 ($mul):
    Found cell that is never activated: $flatten\lane[2].u_dsp.$mul$/home/darsh/gem/aigpdk/gemmacro_shred.v:37$41
    Cell is never active. Sharing is pointless, we simply remove it.
  Analyzing resource sharing options for $flatten\lane[15].u_dsp.$mul$/home/darsh/gem/aigpdk/gemmacro_shred.v:37$41 ($mul):
    Found cell that is never activated: $flatten\lane[15].u_dsp.$mul$/home/darsh/gem/aigpdk/gemmacro_shred.v:37$41
    Cell is never active. Sharing is pointless, we simply remove it.
  Analyzing resource sharing options for $flatten\lane[6].u_dsp.$mul$/home/darsh/gem/aigpdk/gemmacro_shred.v:37$41 ($mul):
    Found cell that is never activated: $flatten\lane[6].u_dsp.$mul$/home/darsh/gem/aigpdk/gemmacro_shred.v:37$41
    Cell is never active. Sharing is pointless, we simply remove it.
  Analyzing resource sharing options for $flatten\lane[13].u_dsp.$mul$/home/darsh/gem/aigpdk/gemmacro_shred.v:37$41 ($mul):
    Found cell that is never activated: $flatten\lane[13].u_dsp.$mul$/home/darsh/gem/aigpdk/gemmacro_shred.v:37$41
    Cell is never active. Sharing is pointless, we simply remove it.
  Analyzing resource sharing options for $flatten\lane[4].u_dsp.$mul$/home/darsh/gem/aigpdk/gemmacro_shred.v:37$41 ($mul):
    Found cell that is never activated: $flatten\lane[4].u_dsp.$mul$/home/darsh/gem/aigpdk/gemmacro_shred.v:37$41
    Cell is never active. Sharing is pointless, we simply remove it.
Removing 16 cells in module mac_array_16:
  Removing cell $flatten\lane[4].u_dsp.$mul$/home/darsh/gem/aigpdk/gemmacro_shred.v:37$41 ($mul).
  Removing cell $flatten\lane[13].u_dsp.$mul$/home/darsh/gem/aigpdk/gemmacro_shred.v:37$41 ($mul).
  Removing cell $flatten\lane[6].u_dsp.$mul$/home/darsh/gem/aigpdk/gemmacro_shred.v:37$41 ($mul).
  Removing cell $flatten\lane[15].u_dsp.$mul$/home/darsh/gem/aigpdk/gemmacro_shred.v:37$41 ($mul).
  Removing cell $flatten\lane[2].u_dsp.$mul$/home/darsh/gem/aigpdk/gemmacro_shred.v:37$41 ($mul).
  Removing cell $flatten\lane[11].u_dsp.$mul$/home/darsh/gem/aigpdk/gemmacro_shred.v:37$41 ($mul).
  Removing cell $flatten\lane[1].u_dsp.$mul$/home/darsh/gem/aigpdk/gemmacro_shred.v:37$41 ($mul).
  Removing cell $flatten\lane[10].u_dsp.$mul$/home/darsh/gem/aigpdk/gemmacro_shred.v:37$41 ($mul).
  Removing cell $flatten\lane[12].u_dsp.$mul$/home/darsh/gem/aigpdk/gemmacro_shred.v:37$41 ($mul).
  Removing cell $flatten\lane[0].u_dsp.$mul$/home/darsh/gem/aigpdk/gemmacro_shred.v:37$41 ($mul).
  Removing cell $flatten\lane[3].u_dsp.$mul$/home/darsh/gem/aigpdk/gemmacro_shred.v:37$41 ($mul).
  Removing cell $flatten\lane[9].u_dsp.$mul$/home/darsh/gem/aigpdk/gemmacro_shred.v:37$41 ($mul).
  Removing cell $flatten\lane[14].u_dsp.$mul$/home/darsh/gem/aigpdk/gemmacro_shred.v:37$41 ($mul).
  Removing cell $flatten\lane[7].u_dsp.$mul$/home/darsh/gem/aigpdk/gemmacro_shred.v:37$41 ($mul).
  Removing cell $flatten\lane[8].u_dsp.$mul$/home/darsh/gem/aigpdk/gemmacro_shred.v:37$41 ($mul).
  Removing cell $flatten\lane[5].u_dsp.$mul$/home/darsh/gem/aigpdk/gemmacro_shred.v:37$41 ($mul).

15.16. Executing OPT pass (performing simple optimizations).

15.16.1. Executing OPT_EXPR pass (perform const folding).
Optimizing module mac_array_16.

15.16.2. Executing OPT_MERGE pass (detect identical cells).
Finding identical cells in module `\mac_array_16'.
Computing hashes of 95 cells of `\mac_array_16'.
Finding duplicate cells in `\mac_array_16'.
Removed a total of 0 cells.

15.16.3. Executing OPT_MUXTREE pass (detect dead branches in mux trees).
Running muxtree optimizer on module \mac_array_16..
  Creating internal representation of mux trees.
  No muxes found in this module.
Removed 0 multiplexer ports.

15.16.4. Executing OPT_REDUCE pass (consolidate $*mux and $reduce_* inputs).
  Optimizing cells in module \mac_array_16.
Performed a total of 0 changes.

15.16.5. Executing OPT_MERGE pass (detect identical cells).
Finding identical cells in module `\mac_array_16'.
Computing hashes of 95 cells of `\mac_array_16'.
Finding duplicate cells in `\mac_array_16'.
Removed a total of 0 cells.

15.16.6. Executing OPT_DFF pass (perform DFF optimizations).

15.16.7. Executing OPT_CLEAN pass (remove unused cells and wires).
Finding unused cells or wires in module \mac_array_16..

15.16.8. Executing OPT_EXPR pass (perform const folding).
Optimizing module mac_array_16.

15.16.9. Finished fast OPT passes. (There is nothing left to do.)

15.17. Executing MEMORY pass.

15.17.1. Executing OPT_MEM pass (optimize memories).
Performed a total of 0 transformations.

15.17.2. Executing OPT_MEM_PRIORITY pass (removing unnecessary memory write priority relations).
Performed a total of 0 transformations.

15.17.3. Executing OPT_MEM_FEEDBACK pass (finding memory read-to-write feedback paths).

15.17.4. Executing MEMORY_BMUX2ROM pass (converting muxes to ROMs).

15.17.5. Executing MEMORY_DFF pass (merging $dff cells to $memrd).

15.17.6. Executing OPT_CLEAN pass (remove unused cells and wires).
Finding unused cells or wires in module \mac_array_16..

15.17.7. Executing MEMORY_SHARE pass (consolidating $memrd/$memwr cells).

15.17.8. Executing OPT_MEM_WIDEN pass (optimize memories where all ports are wide).
Performed a total of 0 transformations.

15.17.9. Executing OPT_CLEAN pass (remove unused cells and wires).
Finding unused cells or wires in module \mac_array_16..

15.17.10. Executing MEMORY_COLLECT pass (generating $mem cells).

15.18. Executing OPT_CLEAN pass (remove unused cells and wires).
Finding unused cells or wires in module \mac_array_16..

15.19. Executing OPT pass (performing simple optimizations).

15.19.1. Executing OPT_EXPR pass (perform const folding).
Optimizing module mac_array_16.

15.19.2. Executing OPT_MERGE pass (detect identical cells).
Finding identical cells in module `\mac_array_16'.
Computing hashes of 95 cells of `\mac_array_16'.
Finding duplicate cells in `\mac_array_16'.
Removed a total of 0 cells.

15.19.3. Executing OPT_DFF pass (perform DFF optimizations).

15.19.4. Executing OPT_CLEAN pass (remove unused cells and wires).
Finding unused cells or wires in module \mac_array_16..

15.19.5. Finished fast OPT passes.

15.20. Executing MEMORY_MAP pass (converting memories to logic and flip-flops).

15.21. Executing OPT pass (performing simple optimizations).

15.21.1. Executing OPT_EXPR pass (perform const folding).
Optimizing module mac_array_16.

15.21.2. Executing OPT_MERGE pass (detect identical cells).
Finding identical cells in module `\mac_array_16'.
Computing hashes of 95 cells of `\mac_array_16'.
Finding duplicate cells in `\mac_array_16'.
Removed a total of 0 cells.

15.21.3. Executing OPT_MUXTREE pass (detect dead branches in mux trees).
Running muxtree optimizer on module \mac_array_16..
  Creating internal representation of mux trees.
  No muxes found in this module.
Removed 0 multiplexer ports.

15.21.4. Executing OPT_REDUCE pass (consolidate $*mux and $reduce_* inputs).
  Optimizing cells in module \mac_array_16.
Performed a total of 0 changes.

15.21.5. Executing OPT_MERGE pass (detect identical cells).
Finding identical cells in module `\mac_array_16'.
Computing hashes of 95 cells of `\mac_array_16'.
Finding duplicate cells in `\mac_array_16'.
Removed a total of 0 cells.

15.21.6. Executing OPT_SHARE pass.

15.21.7. Executing OPT_DFF pass (perform DFF optimizations).

15.21.8. Executing OPT_CLEAN pass (remove unused cells and wires).
Finding unused cells or wires in module \mac_array_16..

15.21.9. Executing OPT_EXPR pass (perform const folding).
Optimizing module mac_array_16.

15.21.10. Finished fast OPT passes. (There is nothing left to do.)

15.22. Executing TECHMAP pass (map to technology primitives).

15.22.1. Executing Verilog-2005 frontend: /home/darsh/oss-cad-suite/lib/../share/yosys/techmap.v
Parsing Verilog input from `/home/darsh/oss-cad-suite/lib/../share/yosys/techmap.v' to AST representation.
Generating RTLIL representation for module `\_90_simplemap_bool_ops'.
Generating RTLIL representation for module `\_90_simplemap_reduce_ops'.
Generating RTLIL representation for module `\_90_simplemap_logic_ops'.
Generating RTLIL representation for module `\_90_simplemap_compare_ops'.
Generating RTLIL representation for module `\_90_simplemap_various'.
Generating RTLIL representation for module `\_90_simplemap_registers'.
Generating RTLIL representation for module `\_90_shift_ops_shr_shl_sshl_sshr'.
Generating RTLIL representation for module `\_90_shift_shiftx'.
Generating RTLIL representation for module `\_90_fa'.
Generating RTLIL representation for module `\_90_lcu_brent_kung'.
Generating RTLIL representation for module `\_90_alu'.
Generating RTLIL representation for module `\_90_macc'.
Generating RTLIL representation for module `\_90_alumacc'.
Generating RTLIL representation for module `$__div_mod_u'.
Generating RTLIL representation for module `$__div_mod_trunc'.
Generating RTLIL representation for module `\_90_div'.
Generating RTLIL representation for module `\_90_mod'.
Generating RTLIL representation for module `$__div_mod_floor'.
Generating RTLIL representation for module `\_90_divfloor'.
Generating RTLIL representation for module `\_90_modfloor'.
Generating RTLIL representation for module `\_90_pow'.
Generating RTLIL representation for module `\_90_demux'.
Generating RTLIL representation for module `\_90_lut'.
Generating RTLIL representation for module `$connect'.
Generating RTLIL representation for module `$input_port'.
Successfully finished Verilog frontend.

15.22.2. Continuing TECHMAP pass.
Using extmapper maccmap for cells of type $macc_v2.
  add \a_pipe [350:324] * \b_pipe [233:216] (27x18 bits, signed)
  add \lane[12].u_dsp.P (48 bits, signed)
  add \a_pipe [161:135] * \b_pipe [107:90] (27x18 bits, signed)
  add \lane[5].u_dsp.P (48 bits, signed)
  add \a_pipe [134:108] * \b_pipe [89:72] (27x18 bits, signed)
  add \lane[4].u_dsp.P (48 bits, signed)
  add \a_pipe [242:216] * \b_pipe [161:144] (27x18 bits, signed)
  add \lane[8].u_dsp.P (48 bits, signed)
  add \a_pipe [188:162] * \b_pipe [125:108] (27x18 bits, signed)
  add \lane[6].u_dsp.P (48 bits, signed)
  add \a_pipe [404:378] * \b_pipe [269:252] (27x18 bits, signed)
  add \lane[14].u_dsp.P (48 bits, signed)
  add \a_pipe [296:270] * \b_pipe [197:180] (27x18 bits, signed)
  add \lane[10].u_dsp.P (48 bits, signed)
  add \a_pipe [377:351] * \b_pipe [251:234] (27x18 bits, signed)
  add \lane[13].u_dsp.P (48 bits, signed)
  add \a_pipe [107:81] * \b_pipe [71:54] (27x18 bits, signed)
  add \lane[3].u_dsp.P (48 bits, signed)
  add \a_pipe [215:189] * \b_pipe [143:126] (27x18 bits, signed)
  add \lane[7].u_dsp.P (48 bits, signed)
  add \a_pipe [80:54] * \b_pipe [53:36] (27x18 bits, signed)
  add \lane[2].u_dsp.P (48 bits, signed)
  add \a_pipe [53:27] * \b_pipe [35:18] (27x18 bits, signed)
  add \lane[1].u_dsp.P (48 bits, signed)
  add \a_pipe [323:297] * \b_pipe [215:198] (27x18 bits, signed)
  add \lane[11].u_dsp.P (48 bits, signed)
  add \a_pipe [431:405] * \b_pipe [287:270] (27x18 bits, signed)
  add \lane[15].u_dsp.P (48 bits, signed)
  add \a_pipe [269:243] * \b_pipe [179:162] (27x18 bits, signed)
  add \lane[9].u_dsp.P (48 bits, signed)
  add \a_pipe [26:0] * \b_pipe [17:0] (27x18 bits, signed)
  add \lane[0].u_dsp.P (48 bits, signed)
Using extmapper simplemap for cells of type $sdff.
Using extmapper simplemap for cells of type $dff.
Using extmapper simplemap for cells of type $xor.
Using template $paramod\_90_fa\WIDTH=32'00000000000000000000000000110000 for cells of type $fa.
Using template $paramod$88aad6f8473fb7e4e5fbfb8335ddebad03429eaa\_90_alu for cells of type $alu.
Using extmapper simplemap for cells of type $and.
Using extmapper simplemap for cells of type $not.
Using extmapper simplemap for cells of type $or.
Using extmapper simplemap for cells of type $mux.
Using extmapper simplemap for cells of type $pos.
Using template $paramod\_90_lcu_brent_kung\WIDTH=32'00000000000000000000000000110000 for cells of type $lcu.
No more expansions possible.
<suppressed ~6085 debug messages>

15.23. Executing OPT pass (performing simple optimizations).

15.23.1. Executing OPT_EXPR pass (perform const folding).
Optimizing module mac_array_16.
<suppressed ~20240 debug messages>

15.23.2. Executing OPT_MERGE pass (detect identical cells).
Finding identical cells in module `\mac_array_16'.
Computing hashes of 75088 cells of `\mac_array_16'.
Finding duplicate cells in `\mac_array_16'.
Computing hashes of 71488 cells of `\mac_array_16'.
Finding duplicate cells in `\mac_array_16'.
Computing hashes of 69344 cells of `\mac_array_16'.
Finding duplicate cells in `\mac_array_16'.
Computing hashes of 67136 cells of `\mac_array_16'.
Finding duplicate cells in `\mac_array_16'.
Computing hashes of 65968 cells of `\mac_array_16'.
Finding duplicate cells in `\mac_array_16'.
Computing hashes of 64848 cells of `\mac_array_16'.
Finding duplicate cells in `\mac_array_16'.
Computing hashes of 63696 cells of `\mac_array_16'.
Finding duplicate cells in `\mac_array_16'.
Computing hashes of 63072 cells of `\mac_array_16'.
Finding duplicate cells in `\mac_array_16'.
Computing hashes of 62416 cells of `\mac_array_16'.
Finding duplicate cells in `\mac_array_16'.
Computing hashes of 62192 cells of `\mac_array_16'.
Finding duplicate cells in `\mac_array_16'.
Computing hashes of 62048 cells of `\mac_array_16'.
Finding duplicate cells in `\mac_array_16'.
Computing hashes of 62016 cells of `\mac_array_16'.
Finding duplicate cells in `\mac_array_16'.
Computing hashes of 61984 cells of `\mac_array_16'.
Finding duplicate cells in `\mac_array_16'.
Computing hashes of 61952 cells of `\mac_array_16'.
Finding duplicate cells in `\mac_array_16'.
Computing hashes of 61936 cells of `\mac_array_16'.
Finding duplicate cells in `\mac_array_16'.
<suppressed ~39456 debug messages>
Removed a total of 13152 cells.

15.23.3. Executing OPT_DFF pass (perform DFF optimizations).

15.23.4. Executing OPT_CLEAN pass (remove unused cells and wires).
Finding unused cells or wires in module \mac_array_16..
Removed 1184 unused cells and 3936 unused wires.
<suppressed ~1185 debug messages>

15.23.5. Finished fast OPT passes.

15.24. Executing ABC pass (technology mapping using ABC).

15.24.1. Extracting gate netlist of module `\mac_array_16' to `<abc-temp-dir>/input.blif'..

15.24.1.1. Executed ABC.
Extracted 59248 gates and 60736 wires to a netlist network with 1488 inputs and 816 outputs.
Running ABC script: <abc-temp-dir>/abc.script
ABC: UC Berkeley, ABC 1.01 (compiled Aug 28 2026 12:09:00)
ABC: abc 01> empty
ABC: abc 01> source <abc-temp-dir>/abc.script
ABC: + read_blif <abc-temp-dir>/input.blif 
ABC: + read_library <abc-temp-dir>/stdcells.genlib 
ABC: + strash 
ABC: + &get -n 
ABC: + &fraig -x 
ABC: + &put 
ABC: + scorr 
ABC: Warning: The network is combinational (run "fraig" or "fraig_sweep").
ABC: + dc2 
ABC: + dretime 
ABC: + strash 
ABC: + &get -n 
ABC: + &dch -f 
ABC: + &nf 
ABC: + &put 
ABC: + write_blif <abc-temp-dir>/output.blif 
ABC: 
ABC: YOSYS_ABC_DONE 

15.24.1.2. Re-integrating ABC results.
ABC RESULTS:               AND cells:     9157
ABC RESULTS:            ANDNOT cells:      735
ABC RESULTS:               MUX cells:      131
ABC RESULTS:              NAND cells:    25480
ABC RESULTS:               NOR cells:       19
ABC RESULTS:               NOT cells:       13
ABC RESULTS:                OR cells:      842
ABC RESULTS:             ORNOT cells:      371
ABC RESULTS:              XNOR cells:     2620
ABC RESULTS:               XOR cells:    17372
ABC RESULTS:        internal signals:    58432
ABC RESULTS:           input signals:     1488
ABC RESULTS:          output signals:      816
Removing temp directory.
Removing global temp directory.

15.25. Executing OPT pass (performing simple optimizations).

15.25.1. Executing OPT_EXPR pass (perform const folding).
Optimizing module mac_array_16.

15.25.2. Executing OPT_MERGE pass (detect identical cells).
Finding identical cells in module `\mac_array_16'.
Computing hashes of 58244 cells of `\mac_array_16'.
Finding duplicate cells in `\mac_array_16'.
Removed a total of 0 cells.

15.25.3. Executing OPT_DFF pass (perform DFF optimizations).

15.25.4. Executing OPT_CLEAN pass (remove unused cells and wires).
Finding unused cells or wires in module \mac_array_16..
Removed 0 unused cells and 6334 unused wires.
<suppressed ~1 debug messages>

15.25.5. Finished fast OPT passes.

15.26. Executing HIERARCHY pass (managing design hierarchy).
Attribute `top' found on module `mac_array_16'. Setting top module to mac_array_16.

15.26.1. Analyzing design hierarchy..
Top module:  \mac_array_16

15.26.2. Analyzing design hierarchy..
Top module:  \mac_array_16
Removed 0 unused modules.

15.27. Printing statistics.

=== mac_array_16 ===

        +----------Local Count, excluding submodules.
        | 
    56220 wires
    66051 wire bits
      200 public wires
     5519 public wire bits
        5 ports
       95 port bits
    58244 cells
      735   $_ANDNOT_
     9157   $_AND_
      720   $_DFF_P_
      131   $_MUX_
    25480   $_NAND_
       19   $_NOR_
       13   $_NOT_
      371   $_ORNOT_
      842   $_OR_
      768   $_SDFF_PP0_
     2620   $_XNOR_
    17372   $_XOR_
       16   $scopeinfo

15.28. Executing CHECK pass (checking for obvious problems).
Checking module mac_array_16...
Found and reported 0 problems.

16. Executing DFFLIBMAP pass (mapping DFF/DLATCH cells to sequential cells from liberty file).
  cell DFF (noninv, pins=3, area=100.00) is a direct match for cell type $_DFF_P_.
  cell DFFSR (noninv, pins=5, area=176.00) is a direct match for cell type $_DFFSR_PNN_.
  final dff/dlatch cell mappings:
    unmapped dff/dlatch cell: $_DFF_N_
    \DFF _DFF_P_ (.CLK( C), .D( D), .Q( Q));
    unmapped dff/dlatch cell: $_DFF_NN0_
    unmapped dff/dlatch cell: $_DFF_NN1_
    unmapped dff/dlatch cell: $_DFF_NP0_
    unmapped dff/dlatch cell: $_DFF_NP1_
    unmapped dff/dlatch cell: $_DFF_PN0_
    unmapped dff/dlatch cell: $_DFF_PN1_
    unmapped dff/dlatch cell: $_DFF_PP0_
    unmapped dff/dlatch cell: $_DFF_PP1_
    unmapped dff/dlatch cell: $_DFFE_NN_
    unmapped dff/dlatch cell: $_DFFE_NP_
    unmapped dff/dlatch cell: $_DFFE_PN_
    unmapped dff/dlatch cell: $_DFFE_PP_
    unmapped dff/dlatch cell: $_DFFSR_NNN_
    unmapped dff/dlatch cell: $_DFFSR_NNP_
    unmapped dff/dlatch cell: $_DFFSR_NPN_
    unmapped dff/dlatch cell: $_DFFSR_NPP_
    \DFFSR _DFFSR_PNN_ (.CLK( C), .D( D), .Q( Q), .R( R), .S( S));
    unmapped dff/dlatch cell: $_DFFSR_PNP_
    unmapped dff/dlatch cell: $_DFFSR_PPN_
    unmapped dff/dlatch cell: $_DFFSR_PPP_
    unmapped dff/dlatch cell: $_DLATCH_N_
    unmapped dff/dlatch cell: $_DLATCH_P_
    unmapped dff/dlatch cell: $_DLATCH_NN0_
    unmapped dff/dlatch cell: $_DLATCH_NN1_
    unmapped dff/dlatch cell: $_DLATCH_NP0_
    unmapped dff/dlatch cell: $_DLATCH_NP1_
    unmapped dff/dlatch cell: $_DLATCH_PN0_
    unmapped dff/dlatch cell: $_DLATCH_PN1_
    unmapped dff/dlatch cell: $_DLATCH_PP0_
    unmapped dff/dlatch cell: $_DLATCH_PP1_
    unmapped dff/dlatch cell: $_DLATCHSR_NNN_
    unmapped dff/dlatch cell: $_DLATCHSR_NNP_
    unmapped dff/dlatch cell: $_DLATCHSR_NPN_
    unmapped dff/dlatch cell: $_DLATCHSR_NPP_
    unmapped dff/dlatch cell: $_DLATCHSR_PNN_
    unmapped dff/dlatch cell: $_DLATCHSR_PNP_
    unmapped dff/dlatch cell: $_DLATCHSR_PPN_
    unmapped dff/dlatch cell: $_DLATCHSR_PPP_

16.1. Executing DFFLEGALIZE pass (convert FFs and LATCHes to types supported by the target).
Mapping DFF/DLATCH cells in module `\mac_array_16':
  mapped 1488 $_DFF_P_ cells to \DFF cells.

17. Executing OPT_CLEAN pass (remove unused cells and wires).
Finding unused cells or wires in module \mac_array_16..
Removed 16 unused cells and 177 unused wires.
<suppressed ~193 debug messages>

18. Executing ABC pass (technology mapping using ABC).

18.1. Extracting gate netlist of module `\mac_array_16' to `<abc-temp-dir>/input.blif'..
ABC: using cached merged SCL: /tmp/yosys-liberty-scl-cache/yosys_merged_e4e0a21d.scl (1 files)

18.1.1. Executed ABC.
Extracted 57508 gates and 58998 wires to a netlist network with 1489 inputs and 816 outputs.
Running ABC script: <abc-temp-dir>/abc.script
ABC: UC Berkeley, ABC 1.01 (compiled Aug 28 2026 12:09:00)
ABC: abc 01> empty
ABC: abc 01> source <abc-temp-dir>/abc.script
ABC: + read_blif <abc-temp-dir>/input.blif 
ABC: + read_scl /tmp/yosys-liberty-scl-cache/yosys_merged_e4e0a21d.scl 
ABC: + strash 
ABC: + &get -n 
ABC: + &fraig -x 
ABC: + &put 
ABC: + scorr 
ABC: Warning: The network is combinational (run "fraig" or "fraig_sweep").
ABC: + dc2 
ABC: + dretime 
ABC: + strash 
ABC: + &get -n 
ABC: + &dch -f 
ABC: + &nf 
ABC: + &put 
ABC: + write_blif <abc-temp-dir>/output.blif 
ABC: 
ABC: YOSYS_ABC_DONE 

18.1.2. Re-integrating ABC results.
ABC RESULTS:         AND2_00_0 cells:    28123
ABC RESULTS:         AND2_01_0 cells:     3119
ABC RESULTS:         AND2_10_0 cells:    15951
ABC RESULTS:         AND2_11_0 cells:     2256
ABC RESULTS:         AND2_11_1 cells:    29461
ABC RESULTS:               INV cells:     2767
ABC RESULTS:        internal signals:    56693
ABC RESULTS:           input signals:     1489
ABC RESULTS:          output signals:      816
Removing temp directory.
Removing global temp directory.

19. Executing OPT_CLEAN pass (remove unused cells and wires).
Finding unused cells or wires in module \mac_array_16..
Removed 0 unused cells and 58325 unused wires.
<suppressed ~1 debug messages>

20. Executing TECHMAP pass (map to technology primitives).

20.1. Executing Verilog-2005 frontend: /home/darsh/oss-cad-suite/lib/../share/yosys/techmap.v
Parsing Verilog input from `/home/darsh/oss-cad-suite/lib/../share/yosys/techmap.v' to AST representation.
Generating RTLIL representation for module `\_90_simplemap_bool_ops'.
Generating RTLIL representation for module `\_90_simplemap_reduce_ops'.
Generating RTLIL representation for module `\_90_simplemap_logic_ops'.
Generating RTLIL representation for module `\_90_simplemap_compare_ops'.
Generating RTLIL representation for module `\_90_simplemap_various'.
Generating RTLIL representation for module `\_90_simplemap_registers'.
Generating RTLIL representation for module `\_90_shift_ops_shr_shl_sshl_sshr'.
Generating RTLIL representation for module `\_90_shift_shiftx'.
Generating RTLIL representation for module `\_90_fa'.
Generating RTLIL representation for module `\_90_lcu_brent_kung'.
Generating RTLIL representation for module `\_90_alu'.
Generating RTLIL representation for module `\_90_macc'.
Generating RTLIL representation for module `\_90_alumacc'.
Generating RTLIL representation for module `$__div_mod_u'.
Generating RTLIL representation for module `$__div_mod_trunc'.
Generating RTLIL representation for module `\_90_div'.
Generating RTLIL representation for module `\_90_mod'.
Generating RTLIL representation for module `$__div_mod_floor'.
Generating RTLIL representation for module `\_90_divfloor'.
Generating RTLIL representation for module `\_90_modfloor'.
Generating RTLIL representation for module `\_90_pow'.
Generating RTLIL representation for module `\_90_demux'.
Generating RTLIL representation for module `\_90_lut'.
Generating RTLIL representation for module `$connect'.
Generating RTLIL representation for module `$input_port'.
Successfully finished Verilog frontend.

20.2. Continuing TECHMAP pass.
No more expansions possible.
<suppressed ~77 debug messages>

21. Executing ABC pass (technology mapping using ABC).

21.1. Extracting gate netlist of module `\mac_array_16' to `<abc-temp-dir>/input.blif'..
ABC: using cached merged SCL: /tmp/yosys-liberty-scl-cache/yosys_merged_e4e0a21d.scl (1 files)

21.1.1. Executed ABC.
Extracted 0 gates and 0 wires to a netlist network with 0 inputs and 0 outputs.
Don't call ABC as there is nothing to map.
Removing temp directory.
Removing global temp directory.

22. Executing OPT_CLEAN pass (remove unused cells and wires).
Finding unused cells or wires in module \mac_array_16..

23. Printing statistics.

=== mac_array_16 ===

        +----------Local Count, excluding submodules.
        | 
    81652 wires
    83212 wire bits
        7 public wires
      815 public wire bits
        5 ports
       95 port bits
    83165 cells
    28123   AND2_00_0
     3119   AND2_01_0
    15951   AND2_10_0
     2256   AND2_11_0
    29461   AND2_11_1
     1488   DFF
     2767   INV

24. Executing Verilog backend.

24.1. Executing BMUXMAP pass.

24.2. Executing DEMUXMAP pass.
Dumping module `\mac_array_16'.

End of script. Logfile hash: b91855c727, time: 13.68s, user: 5.21s, system: 0.44s, MEM: 299.85 MB peak
Yosys 0.68+136 (git sha1 c30457480-dirty, Release, Clang /usr/bin/clang++ 21.1.8)
Time spent: 71% 3x abc (11 sec), 9% 23x opt_clean (1 sec), ...
