
 /----------------------------------------------------------------------------\
 |  yosys -- Yosys Open SYnthesis Suite                                       |
 |  Copyright (C) 2012 - 2026  Claire Xenia Wolf <claire@yosyshq.com>         |
 |  Distributed under an ISC-like license, type "license" to see terms        |
 \----------------------------------------------------------------------------/
 Yosys 0.68+136 (git sha1 c30457480-dirty, Release, Clang /usr/bin/clang++ 21.1.8)

-- Running command `
plugin -i slang
read_slang --top mixed_64 designs/mixed_64.sv /home/darsh/gem/bench/flow/dsp48e2_bb.v /home/darsh/gem/bench/flow/gemcarry_shred.v /home/darsh/gem/bench/flow/gemsrl_shred.v
hierarchy -check -top mixed_64
proc;;
opt_expr; opt_dff; opt_clean
memory -nomap
memory_libmap -lib /home/darsh/gem/aigpdk/memlib_yosys.txt -logic-cost-rom 100 -logic-cost-ram 100
techmap -map /home/darsh/gem/aigpdk/gemmacro_map.v
read_verilog /home/darsh/gem/aigpdk/gemmacro_shred.v
proc
hierarchy -check -top mixed_64
opt_expr -fine; opt_clean
synth -flatten
delete t:$print
dfflibmap -liberty /home/darsh/gem/aigpdk/aigpdk_nomem.lib
opt_clean -purge
abc -liberty /home/darsh/gem/aigpdk/aigpdk_nomem.lib
opt_clean -purge
techmap
abc -liberty /home/darsh/gem/aigpdk/aigpdk_nomem.lib
opt_clean -purge
setparam -unset INIT -unset IS_CLK_INVERTED t:SRLC32E
rename -hide w:*.*
stat
write_verilog -noattr results/mixed_64.shred.gv
' --

1. Executing SLANG frontend.
Top level design units:
    mixed_64

designs/mixed_64.sv:27:57: warning: output port 'ACOUT' has no connection [-Wunconnected-output-port]
             .USE_MULT("MULTIPLY"), .USE_SIMD("ONE48")) u_dsp (
                                                        ^
designs/mixed_64.sv:27:57: warning: output port 'BCOUT' has no connection [-Wunconnected-output-port]
             .USE_MULT("MULTIPLY"), .USE_SIMD("ONE48")) u_dsp (
                                                        ^
designs/mixed_64.sv:27:57: warning: output port 'CARRYCASCOUT' has no connection [-Wunconnected-output-port]
             .USE_MULT("MULTIPLY"), .USE_SIMD("ONE48")) u_dsp (
                                                        ^
designs/mixed_64.sv:27:57: warning: output port 'CARRYOUT' has no connection [-Wunconnected-output-port]
             .USE_MULT("MULTIPLY"), .USE_SIMD("ONE48")) u_dsp (
                                                        ^
designs/mixed_64.sv:27:57: warning: output port 'MULTSIGNOUT' has no connection [-Wunconnected-output-port]
             .USE_MULT("MULTIPLY"), .USE_SIMD("ONE48")) u_dsp (
                                                        ^
designs/mixed_64.sv:27:57: warning: output port 'OVERFLOW' has no connection [-Wunconnected-output-port]
             .USE_MULT("MULTIPLY"), .USE_SIMD("ONE48")) u_dsp (
                                                        ^
designs/mixed_64.sv:27:57: warning: output port 'PATTERNBDETECT' has no connection [-Wunconnected-output-port]
             .USE_MULT("MULTIPLY"), .USE_SIMD("ONE48")) u_dsp (
                                                        ^
designs/mixed_64.sv:27:57: warning: output port 'PATTERNDETECT' has no connection [-Wunconnected-output-port]
             .USE_MULT("MULTIPLY"), .USE_SIMD("ONE48")) u_dsp (
                                                        ^
designs/mixed_64.sv:27:57: warning: output port 'PCOUT' has no connection [-Wunconnected-output-port]
             .USE_MULT("MULTIPLY"), .USE_SIMD("ONE48")) u_dsp (
                                                        ^
designs/mixed_64.sv:27:57: warning: output port 'UNDERFLOW' has no connection [-Wunconnected-output-port]
             .USE_MULT("MULTIPLY"), .USE_SIMD("ONE48")) u_dsp (
                                                        ^
designs/mixed_64.sv:27:57: warning: output port 'XOROUT' has no connection [-Wunconnected-output-port]
             .USE_MULT("MULTIPLY"), .USE_SIMD("ONE48")) u_dsp (
                                                        ^
designs/mixed_64.sv:27:57: warning: output port 'ACOUT' has no connection [-Wunconnected-output-port]
             .USE_MULT("MULTIPLY"), .USE_SIMD("ONE48")) u_dsp (
                                                        ^
designs/mixed_64.sv:27:57: warning: output port 'BCOUT' has no connection [-Wunconnected-output-port]
             .USE_MULT("MULTIPLY"), .USE_SIMD("ONE48")) u_dsp (
                                                        ^
designs/mixed_64.sv:27:57: warning: output port 'CARRYCASCOUT' has no connection [-Wunconnected-output-port]
             .USE_MULT("MULTIPLY"), .USE_SIMD("ONE48")) u_dsp (
                                                        ^
designs/mixed_64.sv:27:57: warning: output port 'CARRYOUT' has no connection [-Wunconnected-output-port]
             .USE_MULT("MULTIPLY"), .USE_SIMD("ONE48")) u_dsp (
                                                        ^
designs/mixed_64.sv:27:57: warning: output port 'MULTSIGNOUT' has no connection [-Wunconnected-output-port]
             .USE_MULT("MULTIPLY"), .USE_SIMD("ONE48")) u_dsp (
                                                        ^
designs/mixed_64.sv:27:57: warning: output port 'OVERFLOW' has no connection [-Wunconnected-output-port]
             .USE_MULT("MULTIPLY"), .USE_SIMD("ONE48")) u_dsp (
                                                        ^
designs/mixed_64.sv:27:57: warning: output port 'PATTERNBDETECT' has no connection [-Wunconnected-output-port]
             .USE_MULT("MULTIPLY"), .USE_SIMD("ONE48")) u_dsp (
                                                        ^
designs/mixed_64.sv:27:57: warning: output port 'PATTERNDETECT' has no connection [-Wunconnected-output-port]
             .USE_MULT("MULTIPLY"), .USE_SIMD("ONE48")) u_dsp (
                                                        ^
designs/mixed_64.sv:27:57: warning: output port 'PCOUT' has no connection [-Wunconnected-output-port]
             .USE_MULT("MULTIPLY"), .USE_SIMD("ONE48")) u_dsp (
                                                        ^
designs/mixed_64.sv:27:57: warning: output port 'UNDERFLOW' has no connection [-Wunconnected-output-port]
             .USE_MULT("MULTIPLY"), .USE_SIMD("ONE48")) u_dsp (
                                                        ^
designs/mixed_64.sv:27:57: warning: output port 'XOROUT' has no connection [-Wunconnected-output-port]
             .USE_MULT("MULTIPLY"), .USE_SIMD("ONE48")) u_dsp (
                                                        ^
designs/mixed_64.sv:27:57: warning: output port 'ACOUT' has no connection [-Wunconnected-output-port]
             .USE_MULT("MULTIPLY"), .USE_SIMD("ONE48")) u_dsp (
                                                        ^
designs/mixed_64.sv:27:57: warning: output port 'BCOUT' has no connection [-Wunconnected-output-port]
             .USE_MULT("MULTIPLY"), .USE_SIMD("ONE48")) u_dsp (
                                                        ^
designs/mixed_64.sv:27:57: warning: output port 'CARRYCASCOUT' has no connection [-Wunconnected-output-port]
             .USE_MULT("MULTIPLY"), .USE_SIMD("ONE48")) u_dsp (
                                                        ^
designs/mixed_64.sv:27:57: warning: output port 'CARRYOUT' has no connection [-Wunconnected-output-port]
             .USE_MULT("MULTIPLY"), .USE_SIMD("ONE48")) u_dsp (
                                                        ^
designs/mixed_64.sv:27:57: warning: output port 'MULTSIGNOUT' has no connection [-Wunconnected-output-port]
             .USE_MULT("MULTIPLY"), .USE_SIMD("ONE48")) u_dsp (
                                                        ^
designs/mixed_64.sv:27:57: warning: output port 'OVERFLOW' has no connection [-Wunconnected-output-port]
             .USE_MULT("MULTIPLY"), .USE_SIMD("ONE48")) u_dsp (
                                                        ^
designs/mixed_64.sv:27:57: warning: output port 'PATTERNBDETECT' has no connection [-Wunconnected-output-port]
             .USE_MULT("MULTIPLY"), .USE_SIMD("ONE48")) u_dsp (
                                                        ^
designs/mixed_64.sv:27:57: warning: output port 'PATTERNDETECT' has no connection [-Wunconnected-output-port]
             .USE_MULT("MULTIPLY"), .USE_SIMD("ONE48")) u_dsp (
                                                        ^
designs/mixed_64.sv:27:57: warning: output port 'PCOUT' has no connection [-Wunconnected-output-port]
             .USE_MULT("MULTIPLY"), .USE_SIMD("ONE48")) u_dsp (
                                                        ^
designs/mixed_64.sv:27:57: warning: output port 'UNDERFLOW' has no connection [-Wunconnected-output-port]
             .USE_MULT("MULTIPLY"), .USE_SIMD("ONE48")) u_dsp (
                                                        ^
designs/mixed_64.sv:27:57: warning: output port 'XOROUT' has no connection [-Wunconnected-output-port]
             .USE_MULT("MULTIPLY"), .USE_SIMD("ONE48")) u_dsp (
                                                        ^
designs/mixed_64.sv:27:57: warning: output port 'ACOUT' has no connection [-Wunconnected-output-port]
             .USE_MULT("MULTIPLY"), .USE_SIMD("ONE48")) u_dsp (
                                                        ^
designs/mixed_64.sv:27:57: warning: output port 'BCOUT' has no connection [-Wunconnected-output-port]
             .USE_MULT("MULTIPLY"), .USE_SIMD("ONE48")) u_dsp (
                                                        ^
designs/mixed_64.sv:27:57: warning: output port 'CARRYCASCOUT' has no connection [-Wunconnected-output-port]
             .USE_MULT("MULTIPLY"), .USE_SIMD("ONE48")) u_dsp (
                                                        ^
designs/mixed_64.sv:27:57: warning: output port 'CARRYOUT' has no connection [-Wunconnected-output-port]
             .USE_MULT("MULTIPLY"), .USE_SIMD("ONE48")) u_dsp (
                                                        ^
designs/mixed_64.sv:27:57: warning: output port 'MULTSIGNOUT' has no connection [-Wunconnected-output-port]
             .USE_MULT("MULTIPLY"), .USE_SIMD("ONE48")) u_dsp (
                                                        ^
designs/mixed_64.sv:27:57: warning: output port 'OVERFLOW' has no connection [-Wunconnected-output-port]
             .USE_MULT("MULTIPLY"), .USE_SIMD("ONE48")) u_dsp (
                                                        ^
designs/mixed_64.sv:27:57: warning: output port 'PATTERNBDETECT' has no connection [-Wunconnected-output-port]
             .USE_MULT("MULTIPLY"), .USE_SIMD("ONE48")) u_dsp (
                                                        ^
designs/mixed_64.sv:27:57: warning: output port 'PATTERNDETECT' has no connection [-Wunconnected-output-port]
             .USE_MULT("MULTIPLY"), .USE_SIMD("ONE48")) u_dsp (
                                                        ^
designs/mixed_64.sv:27:57: warning: output port 'PCOUT' has no connection [-Wunconnected-output-port]
             .USE_MULT("MULTIPLY"), .USE_SIMD("ONE48")) u_dsp (
                                                        ^
designs/mixed_64.sv:27:57: warning: output port 'UNDERFLOW' has no connection [-Wunconnected-output-port]
             .USE_MULT("MULTIPLY"), .USE_SIMD("ONE48")) u_dsp (
                                                        ^
designs/mixed_64.sv:27:57: warning: output port 'XOROUT' has no connection [-Wunconnected-output-port]
             .USE_MULT("MULTIPLY"), .USE_SIMD("ONE48")) u_dsp (
                                                        ^
designs/mixed_64.sv:27:57: warning: output port 'ACOUT' has no connection [-Wunconnected-output-port]
             .USE_MULT("MULTIPLY"), .USE_SIMD("ONE48")) u_dsp (
                                                        ^
designs/mixed_64.sv:27:57: warning: output port 'BCOUT' has no connection [-Wunconnected-output-port]
             .USE_MULT("MULTIPLY"), .USE_SIMD("ONE48")) u_dsp (
                                                        ^
designs/mixed_64.sv:27:57: warning: output port 'CARRYCASCOUT' has no connection [-Wunconnected-output-port]
             .USE_MULT("MULTIPLY"), .USE_SIMD("ONE48")) u_dsp (
                                                        ^
designs/mixed_64.sv:27:57: warning: output port 'CARRYOUT' has no connection [-Wunconnected-output-port]
             .USE_MULT("MULTIPLY"), .USE_SIMD("ONE48")) u_dsp (
                                                        ^
designs/mixed_64.sv:27:57: warning: output port 'MULTSIGNOUT' has no connection [-Wunconnected-output-port]
             .USE_MULT("MULTIPLY"), .USE_SIMD("ONE48")) u_dsp (
                                                        ^
designs/mixed_64.sv:27:57: warning: output port 'OVERFLOW' has no connection [-Wunconnected-output-port]
             .USE_MULT("MULTIPLY"), .USE_SIMD("ONE48")) u_dsp (
                                                        ^
designs/mixed_64.sv:27:57: warning: output port 'PATTERNBDETECT' has no connection [-Wunconnected-output-port]
             .USE_MULT("MULTIPLY"), .USE_SIMD("ONE48")) u_dsp (
                                                        ^
designs/mixed_64.sv:27:57: warning: output port 'PATTERNDETECT' has no connection [-Wunconnected-output-port]
             .USE_MULT("MULTIPLY"), .USE_SIMD("ONE48")) u_dsp (
                                                        ^
designs/mixed_64.sv:27:57: warning: output port 'PCOUT' has no connection [-Wunconnected-output-port]
             .USE_MULT("MULTIPLY"), .USE_SIMD("ONE48")) u_dsp (
                                                        ^
designs/mixed_64.sv:27:57: warning: output port 'UNDERFLOW' has no connection [-Wunconnected-output-port]
             .USE_MULT("MULTIPLY"), .USE_SIMD("ONE48")) u_dsp (
                                                        ^
designs/mixed_64.sv:27:57: warning: output port 'XOROUT' has no connection [-Wunconnected-output-port]
             .USE_MULT("MULTIPLY"), .USE_SIMD("ONE48")) u_dsp (
                                                        ^
designs/mixed_64.sv:27:57: warning: output port 'ACOUT' has no connection [-Wunconnected-output-port]
             .USE_MULT("MULTIPLY"), .USE_SIMD("ONE48")) u_dsp (
                                                        ^
designs/mixed_64.sv:27:57: warning: output port 'BCOUT' has no connection [-Wunconnected-output-port]
             .USE_MULT("MULTIPLY"), .USE_SIMD("ONE48")) u_dsp (
                                                        ^
designs/mixed_64.sv:27:57: warning: output port 'CARRYCASCOUT' has no connection [-Wunconnected-output-port]
             .USE_MULT("MULTIPLY"), .USE_SIMD("ONE48")) u_dsp (
                                                        ^
designs/mixed_64.sv:27:57: warning: output port 'CARRYOUT' has no connection [-Wunconnected-output-port]
             .USE_MULT("MULTIPLY"), .USE_SIMD("ONE48")) u_dsp (
                                                        ^
designs/mixed_64.sv:27:57: warning: output port 'MULTSIGNOUT' has no connection [-Wunconnected-output-port]
             .USE_MULT("MULTIPLY"), .USE_SIMD("ONE48")) u_dsp (
                                                        ^
designs/mixed_64.sv:27:57: warning: output port 'OVERFLOW' has no connection [-Wunconnected-output-port]
             .USE_MULT("MULTIPLY"), .USE_SIMD("ONE48")) u_dsp (
                                                        ^
designs/mixed_64.sv:27:57: warning: output port 'PATTERNBDETECT' has no connection [-Wunconnected-output-port]
             .USE_MULT("MULTIPLY"), .USE_SIMD("ONE48")) u_dsp (
                                                        ^
designs/mixed_64.sv:27:57: warning: output port 'PATTERNDETECT' has no connection [-Wunconnected-output-port]
             .USE_MULT("MULTIPLY"), .USE_SIMD("ONE48")) u_dsp (
                                                        ^
designs/mixed_64.sv:27:57: warning: output port 'PCOUT' has no connection [-Wunconnected-output-port]
             .USE_MULT("MULTIPLY"), .USE_SIMD("ONE48")) u_dsp (
                                                        ^
designs/mixed_64.sv:27:57: warning: output port 'UNDERFLOW' has no connection [-Wunconnected-output-port]
             .USE_MULT("MULTIPLY"), .USE_SIMD("ONE48")) u_dsp (
                                                        ^
designs/mixed_64.sv:27:57: warning: output port 'XOROUT' has no connection [-Wunconnected-output-port]
             .USE_MULT("MULTIPLY"), .USE_SIMD("ONE48")) u_dsp (
                                                        ^
designs/mixed_64.sv:27:57: warning: output port 'ACOUT' has no connection [-Wunconnected-output-port]
             .USE_MULT("MULTIPLY"), .USE_SIMD("ONE48")) u_dsp (
                                                        ^
designs/mixed_64.sv:27:57: warning: output port 'BCOUT' has no connection [-Wunconnected-output-port]
             .USE_MULT("MULTIPLY"), .USE_SIMD("ONE48")) u_dsp (
                                                        ^
designs/mixed_64.sv:27:57: warning: output port 'CARRYCASCOUT' has no connection [-Wunconnected-output-port]
             .USE_MULT("MULTIPLY"), .USE_SIMD("ONE48")) u_dsp (
                                                        ^
designs/mixed_64.sv:27:57: warning: output port 'CARRYOUT' has no connection [-Wunconnected-output-port]
             .USE_MULT("MULTIPLY"), .USE_SIMD("ONE48")) u_dsp (
                                                        ^
designs/mixed_64.sv:27:57: warning: output port 'MULTSIGNOUT' has no connection [-Wunconnected-output-port]
             .USE_MULT("MULTIPLY"), .USE_SIMD("ONE48")) u_dsp (
                                                        ^
designs/mixed_64.sv:27:57: warning: output port 'OVERFLOW' has no connection [-Wunconnected-output-port]
             .USE_MULT("MULTIPLY"), .USE_SIMD("ONE48")) u_dsp (
                                                        ^
designs/mixed_64.sv:27:57: warning: output port 'PATTERNBDETECT' has no connection [-Wunconnected-output-port]
             .USE_MULT("MULTIPLY"), .USE_SIMD("ONE48")) u_dsp (
                                                        ^
designs/mixed_64.sv:27:57: warning: output port 'PATTERNDETECT' has no connection [-Wunconnected-output-port]
             .USE_MULT("MULTIPLY"), .USE_SIMD("ONE48")) u_dsp (
                                                        ^
designs/mixed_64.sv:27:57: warning: output port 'PCOUT' has no connection [-Wunconnected-output-port]
             .USE_MULT("MULTIPLY"), .USE_SIMD("ONE48")) u_dsp (
                                                        ^
designs/mixed_64.sv:27:57: warning: output port 'UNDERFLOW' has no connection [-Wunconnected-output-port]
             .USE_MULT("MULTIPLY"), .USE_SIMD("ONE48")) u_dsp (
                                                        ^
designs/mixed_64.sv:27:57: warning: output port 'XOROUT' has no connection [-Wunconnected-output-port]
             .USE_MULT("MULTIPLY"), .USE_SIMD("ONE48")) u_dsp (
                                                        ^
designs/mixed_64.sv:27:57: warning: output port 'ACOUT' has no connection [-Wunconnected-output-port]
             .USE_MULT("MULTIPLY"), .USE_SIMD("ONE48")) u_dsp (
                                                        ^
designs/mixed_64.sv:27:57: warning: output port 'BCOUT' has no connection [-Wunconnected-output-port]
             .USE_MULT("MULTIPLY"), .USE_SIMD("ONE48")) u_dsp (
                                                        ^
designs/mixed_64.sv:27:57: warning: output port 'CARRYCASCOUT' has no connection [-Wunconnected-output-port]
             .USE_MULT("MULTIPLY"), .USE_SIMD("ONE48")) u_dsp (
                                                        ^
designs/mixed_64.sv:27:57: warning: output port 'CARRYOUT' has no connection [-Wunconnected-output-port]
             .USE_MULT("MULTIPLY"), .USE_SIMD("ONE48")) u_dsp (
                                                        ^
designs/mixed_64.sv:27:57: warning: output port 'MULTSIGNOUT' has no connection [-Wunconnected-output-port]
             .USE_MULT("MULTIPLY"), .USE_SIMD("ONE48")) u_dsp (
                                                        ^
designs/mixed_64.sv:27:57: warning: output port 'OVERFLOW' has no connection [-Wunconnected-output-port]
             .USE_MULT("MULTIPLY"), .USE_SIMD("ONE48")) u_dsp (
                                                        ^
designs/mixed_64.sv:27:57: warning: output port 'PATTERNBDETECT' has no connection [-Wunconnected-output-port]
             .USE_MULT("MULTIPLY"), .USE_SIMD("ONE48")) u_dsp (
                                                        ^
designs/mixed_64.sv:27:57: warning: output port 'PATTERNDETECT' has no connection [-Wunconnected-output-port]
             .USE_MULT("MULTIPLY"), .USE_SIMD("ONE48")) u_dsp (
                                                        ^
designs/mixed_64.sv:27:57: warning: output port 'PCOUT' has no connection [-Wunconnected-output-port]
             .USE_MULT("MULTIPLY"), .USE_SIMD("ONE48")) u_dsp (
                                                        ^
designs/mixed_64.sv:27:57: warning: output port 'UNDERFLOW' has no connection [-Wunconnected-output-port]
             .USE_MULT("MULTIPLY"), .USE_SIMD("ONE48")) u_dsp (
                                                        ^
designs/mixed_64.sv:27:57: warning: output port 'XOROUT' has no connection [-Wunconnected-output-port]
             .USE_MULT("MULTIPLY"), .USE_SIMD("ONE48")) u_dsp (
                                                        ^
designs/mixed_64.sv:27:57: warning: output port 'ACOUT' has no connection [-Wunconnected-output-port]
             .USE_MULT("MULTIPLY"), .USE_SIMD("ONE48")) u_dsp (
                                                        ^
designs/mixed_64.sv:27:57: warning: output port 'BCOUT' has no connection [-Wunconnected-output-port]
             .USE_MULT("MULTIPLY"), .USE_SIMD("ONE48")) u_dsp (
                                                        ^
designs/mixed_64.sv:27:57: warning: output port 'CARRYCASCOUT' has no connection [-Wunconnected-output-port]
             .USE_MULT("MULTIPLY"), .USE_SIMD("ONE48")) u_dsp (
                                                        ^
designs/mixed_64.sv:27:57: warning: output port 'CARRYOUT' has no connection [-Wunconnected-output-port]
             .USE_MULT("MULTIPLY"), .USE_SIMD("ONE48")) u_dsp (
                                                        ^
designs/mixed_64.sv:27:57: warning: output port 'MULTSIGNOUT' has no connection [-Wunconnected-output-port]
             .USE_MULT("MULTIPLY"), .USE_SIMD("ONE48")) u_dsp (
                                                        ^
designs/mixed_64.sv:27:57: warning: output port 'OVERFLOW' has no connection [-Wunconnected-output-port]
             .USE_MULT("MULTIPLY"), .USE_SIMD("ONE48")) u_dsp (
                                                        ^
designs/mixed_64.sv:27:57: warning: output port 'PATTERNBDETECT' has no connection [-Wunconnected-output-port]
             .USE_MULT("MULTIPLY"), .USE_SIMD("ONE48")) u_dsp (
                                                        ^
designs/mixed_64.sv:27:57: warning: output port 'PATTERNDETECT' has no connection [-Wunconnected-output-port]
             .USE_MULT("MULTIPLY"), .USE_SIMD("ONE48")) u_dsp (
                                                        ^
designs/mixed_64.sv:27:57: warning: output port 'PCOUT' has no connection [-Wunconnected-output-port]
             .USE_MULT("MULTIPLY"), .USE_SIMD("ONE48")) u_dsp (
                                                        ^
designs/mixed_64.sv:27:57: warning: output port 'UNDERFLOW' has no connection [-Wunconnected-output-port]
             .USE_MULT("MULTIPLY"), .USE_SIMD("ONE48")) u_dsp (
                                                        ^
designs/mixed_64.sv:27:57: warning: output port 'XOROUT' has no connection [-Wunconnected-output-port]
             .USE_MULT("MULTIPLY"), .USE_SIMD("ONE48")) u_dsp (
                                                        ^
designs/mixed_64.sv:27:57: warning: output port 'ACOUT' has no connection [-Wunconnected-output-port]
             .USE_MULT("MULTIPLY"), .USE_SIMD("ONE48")) u_dsp (
                                                        ^
designs/mixed_64.sv:27:57: warning: output port 'BCOUT' has no connection [-Wunconnected-output-port]
             .USE_MULT("MULTIPLY"), .USE_SIMD("ONE48")) u_dsp (
                                                        ^
designs/mixed_64.sv:27:57: warning: output port 'CARRYCASCOUT' has no connection [-Wunconnected-output-port]
             .USE_MULT("MULTIPLY"), .USE_SIMD("ONE48")) u_dsp (
                                                        ^
designs/mixed_64.sv:27:57: warning: output port 'CARRYOUT' has no connection [-Wunconnected-output-port]
             .USE_MULT("MULTIPLY"), .USE_SIMD("ONE48")) u_dsp (
                                                        ^
designs/mixed_64.sv:27:57: warning: output port 'MULTSIGNOUT' has no connection [-Wunconnected-output-port]
             .USE_MULT("MULTIPLY"), .USE_SIMD("ONE48")) u_dsp (
                                                        ^
designs/mixed_64.sv:27:57: warning: output port 'OVERFLOW' has no connection [-Wunconnected-output-port]
             .USE_MULT("MULTIPLY"), .USE_SIMD("ONE48")) u_dsp (
                                                        ^
designs/mixed_64.sv:27:57: warning: output port 'PATTERNBDETECT' has no connection [-Wunconnected-output-port]
             .USE_MULT("MULTIPLY"), .USE_SIMD("ONE48")) u_dsp (
                                                        ^
designs/mixed_64.sv:27:57: warning: output port 'PATTERNDETECT' has no connection [-Wunconnected-output-port]
             .USE_MULT("MULTIPLY"), .USE_SIMD("ONE48")) u_dsp (
                                                        ^
designs/mixed_64.sv:27:57: warning: output port 'PCOUT' has no connection [-Wunconnected-output-port]
             .USE_MULT("MULTIPLY"), .USE_SIMD("ONE48")) u_dsp (
                                                        ^
designs/mixed_64.sv:27:57: warning: output port 'UNDERFLOW' has no connection [-Wunconnected-output-port]
             .USE_MULT("MULTIPLY"), .USE_SIMD("ONE48")) u_dsp (
                                                        ^
designs/mixed_64.sv:27:57: warning: output port 'XOROUT' has no connection [-Wunconnected-output-port]
             .USE_MULT("MULTIPLY"), .USE_SIMD("ONE48")) u_dsp (
                                                        ^
designs/mixed_64.sv:27:57: warning: output port 'ACOUT' has no connection [-Wunconnected-output-port]
             .USE_MULT("MULTIPLY"), .USE_SIMD("ONE48")) u_dsp (
                                                        ^
designs/mixed_64.sv:27:57: warning: output port 'BCOUT' has no connection [-Wunconnected-output-port]
             .USE_MULT("MULTIPLY"), .USE_SIMD("ONE48")) u_dsp (
                                                        ^
designs/mixed_64.sv:27:57: warning: output port 'CARRYCASCOUT' has no connection [-Wunconnected-output-port]
             .USE_MULT("MULTIPLY"), .USE_SIMD("ONE48")) u_dsp (
                                                        ^
designs/mixed_64.sv:27:57: warning: output port 'CARRYOUT' has no connection [-Wunconnected-output-port]
             .USE_MULT("MULTIPLY"), .USE_SIMD("ONE48")) u_dsp (
                                                        ^
designs/mixed_64.sv:27:57: warning: output port 'MULTSIGNOUT' has no connection [-Wunconnected-output-port]
             .USE_MULT("MULTIPLY"), .USE_SIMD("ONE48")) u_dsp (
                                                        ^
designs/mixed_64.sv:27:57: warning: output port 'OVERFLOW' has no connection [-Wunconnected-output-port]
             .USE_MULT("MULTIPLY"), .USE_SIMD("ONE48")) u_dsp (
                                                        ^
designs/mixed_64.sv:27:57: warning: output port 'PATTERNBDETECT' has no connection [-Wunconnected-output-port]
             .USE_MULT("MULTIPLY"), .USE_SIMD("ONE48")) u_dsp (
                                                        ^
designs/mixed_64.sv:27:57: warning: output port 'PATTERNDETECT' has no connection [-Wunconnected-output-port]
             .USE_MULT("MULTIPLY"), .USE_SIMD("ONE48")) u_dsp (
                                                        ^
designs/mixed_64.sv:27:57: warning: output port 'PCOUT' has no connection [-Wunconnected-output-port]
             .USE_MULT("MULTIPLY"), .USE_SIMD("ONE48")) u_dsp (
                                                        ^
designs/mixed_64.sv:27:57: warning: output port 'UNDERFLOW' has no connection [-Wunconnected-output-port]
             .USE_MULT("MULTIPLY"), .USE_SIMD("ONE48")) u_dsp (
                                                        ^
designs/mixed_64.sv:27:57: warning: output port 'XOROUT' has no connection [-Wunconnected-output-port]
             .USE_MULT("MULTIPLY"), .USE_SIMD("ONE48")) u_dsp (
                                                        ^
designs/mixed_64.sv:27:57: warning: output port 'ACOUT' has no connection [-Wunconnected-output-port]
             .USE_MULT("MULTIPLY"), .USE_SIMD("ONE48")) u_dsp (
                                                        ^
designs/mixed_64.sv:27:57: warning: output port 'BCOUT' has no connection [-Wunconnected-output-port]
             .USE_MULT("MULTIPLY"), .USE_SIMD("ONE48")) u_dsp (
                                                        ^
designs/mixed_64.sv:27:57: warning: output port 'CARRYCASCOUT' has no connection [-Wunconnected-output-port]
             .USE_MULT("MULTIPLY"), .USE_SIMD("ONE48")) u_dsp (
                                                        ^
designs/mixed_64.sv:27:57: warning: output port 'CARRYOUT' has no connection [-Wunconnected-output-port]
             .USE_MULT("MULTIPLY"), .USE_SIMD("ONE48")) u_dsp (
                                                        ^
designs/mixed_64.sv:27:57: warning: output port 'MULTSIGNOUT' has no connection [-Wunconnected-output-port]
             .USE_MULT("MULTIPLY"), .USE_SIMD("ONE48")) u_dsp (
                                                        ^
designs/mixed_64.sv:27:57: warning: output port 'OVERFLOW' has no connection [-Wunconnected-output-port]
             .USE_MULT("MULTIPLY"), .USE_SIMD("ONE48")) u_dsp (
                                                        ^
designs/mixed_64.sv:27:57: warning: output port 'PATTERNBDETECT' has no connection [-Wunconnected-output-port]
             .USE_MULT("MULTIPLY"), .USE_SIMD("ONE48")) u_dsp (
                                                        ^
designs/mixed_64.sv:27:57: warning: output port 'PATTERNDETECT' has no connection [-Wunconnected-output-port]
             .USE_MULT("MULTIPLY"), .USE_SIMD("ONE48")) u_dsp (
                                                        ^
designs/mixed_64.sv:27:57: warning: output port 'PCOUT' has no connection [-Wunconnected-output-port]
             .USE_MULT("MULTIPLY"), .USE_SIMD("ONE48")) u_dsp (
                                                        ^
designs/mixed_64.sv:27:57: warning: output port 'UNDERFLOW' has no connection [-Wunconnected-output-port]
             .USE_MULT("MULTIPLY"), .USE_SIMD("ONE48")) u_dsp (
                                                        ^
designs/mixed_64.sv:27:57: warning: output port 'XOROUT' has no connection [-Wunconnected-output-port]
             .USE_MULT("MULTIPLY"), .USE_SIMD("ONE48")) u_dsp (
                                                        ^
designs/mixed_64.sv:27:57: warning: output port 'ACOUT' has no connection [-Wunconnected-output-port]
             .USE_MULT("MULTIPLY"), .USE_SIMD("ONE48")) u_dsp (
                                                        ^
designs/mixed_64.sv:27:57: warning: output port 'BCOUT' has no connection [-Wunconnected-output-port]
             .USE_MULT("MULTIPLY"), .USE_SIMD("ONE48")) u_dsp (
                                                        ^
designs/mixed_64.sv:27:57: warning: output port 'CARRYCASCOUT' has no connection [-Wunconnected-output-port]
             .USE_MULT("MULTIPLY"), .USE_SIMD("ONE48")) u_dsp (
                                                        ^
designs/mixed_64.sv:27:57: warning: output port 'CARRYOUT' has no connection [-Wunconnected-output-port]
             .USE_MULT("MULTIPLY"), .USE_SIMD("ONE48")) u_dsp (
                                                        ^
designs/mixed_64.sv:27:57: warning: output port 'MULTSIGNOUT' has no connection [-Wunconnected-output-port]
             .USE_MULT("MULTIPLY"), .USE_SIMD("ONE48")) u_dsp (
                                                        ^
designs/mixed_64.sv:27:57: warning: output port 'OVERFLOW' has no connection [-Wunconnected-output-port]
             .USE_MULT("MULTIPLY"), .USE_SIMD("ONE48")) u_dsp (
                                                        ^
designs/mixed_64.sv:27:57: warning: output port 'PATTERNBDETECT' has no connection [-Wunconnected-output-port]
             .USE_MULT("MULTIPLY"), .USE_SIMD("ONE48")) u_dsp (
                                                        ^
designs/mixed_64.sv:27:57: warning: output port 'PATTERNDETECT' has no connection [-Wunconnected-output-port]
             .USE_MULT("MULTIPLY"), .USE_SIMD("ONE48")) u_dsp (
                                                        ^
designs/mixed_64.sv:27:57: warning: output port 'PCOUT' has no connection [-Wunconnected-output-port]
             .USE_MULT("MULTIPLY"), .USE_SIMD("ONE48")) u_dsp (
                                                        ^
designs/mixed_64.sv:27:57: warning: output port 'UNDERFLOW' has no connection [-Wunconnected-output-port]
             .USE_MULT("MULTIPLY"), .USE_SIMD("ONE48")) u_dsp (
                                                        ^
designs/mixed_64.sv:27:57: warning: output port 'XOROUT' has no connection [-Wunconnected-output-port]
             .USE_MULT("MULTIPLY"), .USE_SIMD("ONE48")) u_dsp (
                                                        ^
designs/mixed_64.sv:27:57: warning: output port 'ACOUT' has no connection [-Wunconnected-output-port]
             .USE_MULT("MULTIPLY"), .USE_SIMD("ONE48")) u_dsp (
                                                        ^
designs/mixed_64.sv:27:57: warning: output port 'BCOUT' has no connection [-Wunconnected-output-port]
             .USE_MULT("MULTIPLY"), .USE_SIMD("ONE48")) u_dsp (
                                                        ^
designs/mixed_64.sv:27:57: warning: output port 'CARRYCASCOUT' has no connection [-Wunconnected-output-port]
             .USE_MULT("MULTIPLY"), .USE_SIMD("ONE48")) u_dsp (
                                                        ^
designs/mixed_64.sv:27:57: warning: output port 'CARRYOUT' has no connection [-Wunconnected-output-port]
             .USE_MULT("MULTIPLY"), .USE_SIMD("ONE48")) u_dsp (
                                                        ^
designs/mixed_64.sv:27:57: warning: output port 'MULTSIGNOUT' has no connection [-Wunconnected-output-port]
             .USE_MULT("MULTIPLY"), .USE_SIMD("ONE48")) u_dsp (
                                                        ^
designs/mixed_64.sv:27:57: warning: output port 'OVERFLOW' has no connection [-Wunconnected-output-port]
             .USE_MULT("MULTIPLY"), .USE_SIMD("ONE48")) u_dsp (
                                                        ^
designs/mixed_64.sv:27:57: warning: output port 'PATTERNBDETECT' has no connection [-Wunconnected-output-port]
             .USE_MULT("MULTIPLY"), .USE_SIMD("ONE48")) u_dsp (
                                                        ^
designs/mixed_64.sv:27:57: warning: output port 'PATTERNDETECT' has no connection [-Wunconnected-output-port]
             .USE_MULT("MULTIPLY"), .USE_SIMD("ONE48")) u_dsp (
                                                        ^
designs/mixed_64.sv:27:57: warning: output port 'PCOUT' has no connection [-Wunconnected-output-port]
             .USE_MULT("MULTIPLY"), .USE_SIMD("ONE48")) u_dsp (
                                                        ^
designs/mixed_64.sv:27:57: warning: output port 'UNDERFLOW' has no connection [-Wunconnected-output-port]
             .USE_MULT("MULTIPLY"), .USE_SIMD("ONE48")) u_dsp (
                                                        ^
designs/mixed_64.sv:27:57: warning: output port 'XOROUT' has no connection [-Wunconnected-output-port]
             .USE_MULT("MULTIPLY"), .USE_SIMD("ONE48")) u_dsp (
                                                        ^
designs/mixed_64.sv:27:57: warning: output port 'ACOUT' has no connection [-Wunconnected-output-port]
             .USE_MULT("MULTIPLY"), .USE_SIMD("ONE48")) u_dsp (
                                                        ^
designs/mixed_64.sv:27:57: warning: output port 'BCOUT' has no connection [-Wunconnected-output-port]
             .USE_MULT("MULTIPLY"), .USE_SIMD("ONE48")) u_dsp (
                                                        ^
designs/mixed_64.sv:27:57: warning: output port 'CARRYCASCOUT' has no connection [-Wunconnected-output-port]
             .USE_MULT("MULTIPLY"), .USE_SIMD("ONE48")) u_dsp (
                                                        ^
designs/mixed_64.sv:27:57: warning: output port 'CARRYOUT' has no connection [-Wunconnected-output-port]
             .USE_MULT("MULTIPLY"), .USE_SIMD("ONE48")) u_dsp (
                                                        ^
designs/mixed_64.sv:27:57: warning: output port 'MULTSIGNOUT' has no connection [-Wunconnected-output-port]
             .USE_MULT("MULTIPLY"), .USE_SIMD("ONE48")) u_dsp (
                                                        ^
designs/mixed_64.sv:27:57: warning: output port 'OVERFLOW' has no connection [-Wunconnected-output-port]
             .USE_MULT("MULTIPLY"), .USE_SIMD("ONE48")) u_dsp (
                                                        ^
designs/mixed_64.sv:27:57: warning: output port 'PATTERNBDETECT' has no connection [-Wunconnected-output-port]
             .USE_MULT("MULTIPLY"), .USE_SIMD("ONE48")) u_dsp (
                                                        ^
designs/mixed_64.sv:27:57: warning: output port 'PATTERNDETECT' has no connection [-Wunconnected-output-port]
             .USE_MULT("MULTIPLY"), .USE_SIMD("ONE48")) u_dsp (
                                                        ^
designs/mixed_64.sv:27:57: warning: output port 'PCOUT' has no connection [-Wunconnected-output-port]
             .USE_MULT("MULTIPLY"), .USE_SIMD("ONE48")) u_dsp (
                                                        ^
designs/mixed_64.sv:27:57: warning: output port 'UNDERFLOW' has no connection [-Wunconnected-output-port]
             .USE_MULT("MULTIPLY"), .USE_SIMD("ONE48")) u_dsp (
                                                        ^
designs/mixed_64.sv:27:57: warning: output port 'XOROUT' has no connection [-Wunconnected-output-port]
             .USE_MULT("MULTIPLY"), .USE_SIMD("ONE48")) u_dsp (
                                                        ^
designs/mixed_64.sv:27:57: warning: output port 'ACOUT' has no connection [-Wunconnected-output-port]
             .USE_MULT("MULTIPLY"), .USE_SIMD("ONE48")) u_dsp (
                                                        ^
designs/mixed_64.sv:27:57: warning: output port 'BCOUT' has no connection [-Wunconnected-output-port]
             .USE_MULT("MULTIPLY"), .USE_SIMD("ONE48")) u_dsp (
                                                        ^
designs/mixed_64.sv:27:57: warning: output port 'CARRYCASCOUT' has no connection [-Wunconnected-output-port]
             .USE_MULT("MULTIPLY"), .USE_SIMD("ONE48")) u_dsp (
                                                        ^
designs/mixed_64.sv:27:57: warning: output port 'CARRYOUT' has no connection [-Wunconnected-output-port]
             .USE_MULT("MULTIPLY"), .USE_SIMD("ONE48")) u_dsp (
                                                        ^
designs/mixed_64.sv:27:57: warning: output port 'MULTSIGNOUT' has no connection [-Wunconnected-output-port]
             .USE_MULT("MULTIPLY"), .USE_SIMD("ONE48")) u_dsp (
                                                        ^
designs/mixed_64.sv:27:57: warning: output port 'OVERFLOW' has no connection [-Wunconnected-output-port]
             .USE_MULT("MULTIPLY"), .USE_SIMD("ONE48")) u_dsp (
                                                        ^
designs/mixed_64.sv:27:57: warning: output port 'PATTERNBDETECT' has no connection [-Wunconnected-output-port]
             .USE_MULT("MULTIPLY"), .USE_SIMD("ONE48")) u_dsp (
                                                        ^
designs/mixed_64.sv:27:57: warning: output port 'PATTERNDETECT' has no connection [-Wunconnected-output-port]
             .USE_MULT("MULTIPLY"), .USE_SIMD("ONE48")) u_dsp (
                                                        ^
designs/mixed_64.sv:27:57: warning: output port 'PCOUT' has no connection [-Wunconnected-output-port]
             .USE_MULT("MULTIPLY"), .USE_SIMD("ONE48")) u_dsp (
                                                        ^
designs/mixed_64.sv:27:57: warning: output port 'UNDERFLOW' has no connection [-Wunconnected-output-port]
             .USE_MULT("MULTIPLY"), .USE_SIMD("ONE48")) u_dsp (
                                                        ^
designs/mixed_64.sv:27:57: warning: output port 'XOROUT' has no connection [-Wunconnected-output-port]
             .USE_MULT("MULTIPLY"), .USE_SIMD("ONE48")) u_dsp (
                                                        ^
designs/mixed_64.sv:27:57: warning: output port 'ACOUT' has no connection [-Wunconnected-output-port]
             .USE_MULT("MULTIPLY"), .USE_SIMD("ONE48")) u_dsp (
                                                        ^
designs/mixed_64.sv:27:57: warning: output port 'BCOUT' has no connection [-Wunconnected-output-port]
             .USE_MULT("MULTIPLY"), .USE_SIMD("ONE48")) u_dsp (
                                                        ^
designs/mixed_64.sv:27:57: warning: output port 'CARRYCASCOUT' has no connection [-Wunconnected-output-port]
             .USE_MULT("MULTIPLY"), .USE_SIMD("ONE48")) u_dsp (
                                                        ^
designs/mixed_64.sv:27:57: warning: output port 'CARRYOUT' has no connection [-Wunconnected-output-port]
             .USE_MULT("MULTIPLY"), .USE_SIMD("ONE48")) u_dsp (
                                                        ^
designs/mixed_64.sv:27:57: warning: output port 'MULTSIGNOUT' has no connection [-Wunconnected-output-port]
             .USE_MULT("MULTIPLY"), .USE_SIMD("ONE48")) u_dsp (
                                                        ^
designs/mixed_64.sv:27:57: warning: output port 'OVERFLOW' has no connection [-Wunconnected-output-port]
             .USE_MULT("MULTIPLY"), .USE_SIMD("ONE48")) u_dsp (
                                                        ^
designs/mixed_64.sv:27:57: warning: output port 'PATTERNBDETECT' has no connection [-Wunconnected-output-port]
             .USE_MULT("MULTIPLY"), .USE_SIMD("ONE48")) u_dsp (
                                                        ^
designs/mixed_64.sv:27:57: warning: output port 'PATTERNDETECT' has no connection [-Wunconnected-output-port]
             .USE_MULT("MULTIPLY"), .USE_SIMD("ONE48")) u_dsp (
                                                        ^
designs/mixed_64.sv:27:57: warning: output port 'PCOUT' has no connection [-Wunconnected-output-port]
             .USE_MULT("MULTIPLY"), .USE_SIMD("ONE48")) u_dsp (
                                                        ^
designs/mixed_64.sv:27:57: warning: output port 'UNDERFLOW' has no connection [-Wunconnected-output-port]
             .USE_MULT("MULTIPLY"), .USE_SIMD("ONE48")) u_dsp (
                                                        ^
designs/mixed_64.sv:27:57: warning: output port 'XOROUT' has no connection [-Wunconnected-output-port]
             .USE_MULT("MULTIPLY"), .USE_SIMD("ONE48")) u_dsp (
                                                        ^
designs/mixed_64.sv:27:57: warning: output port 'ACOUT' has no connection [-Wunconnected-output-port]
             .USE_MULT("MULTIPLY"), .USE_SIMD("ONE48")) u_dsp (
                                                        ^
designs/mixed_64.sv:27:57: warning: output port 'BCOUT' has no connection [-Wunconnected-output-port]
             .USE_MULT("MULTIPLY"), .USE_SIMD("ONE48")) u_dsp (
                                                        ^
designs/mixed_64.sv:27:57: warning: output port 'CARRYCASCOUT' has no connection [-Wunconnected-output-port]
             .USE_MULT("MULTIPLY"), .USE_SIMD("ONE48")) u_dsp (
                                                        ^
designs/mixed_64.sv:27:57: warning: output port 'CARRYOUT' has no connection [-Wunconnected-output-port]
             .USE_MULT("MULTIPLY"), .USE_SIMD("ONE48")) u_dsp (
                                                        ^
designs/mixed_64.sv:27:57: warning: output port 'MULTSIGNOUT' has no connection [-Wunconnected-output-port]
             .USE_MULT("MULTIPLY"), .USE_SIMD("ONE48")) u_dsp (
                                                        ^
designs/mixed_64.sv:27:57: warning: output port 'OVERFLOW' has no connection [-Wunconnected-output-port]
             .USE_MULT("MULTIPLY"), .USE_SIMD("ONE48")) u_dsp (
                                                        ^
designs/mixed_64.sv:27:57: warning: output port 'PATTERNBDETECT' has no connection [-Wunconnected-output-port]
             .USE_MULT("MULTIPLY"), .USE_SIMD("ONE48")) u_dsp (
                                                        ^
designs/mixed_64.sv:27:57: warning: output port 'PATTERNDETECT' has no connection [-Wunconnected-output-port]
             .USE_MULT("MULTIPLY"), .USE_SIMD("ONE48")) u_dsp (
                                                        ^
designs/mixed_64.sv:27:57: warning: output port 'PCOUT' has no connection [-Wunconnected-output-port]
             .USE_MULT("MULTIPLY"), .USE_SIMD("ONE48")) u_dsp (
                                                        ^
designs/mixed_64.sv:27:57: warning: output port 'UNDERFLOW' has no connection [-Wunconnected-output-port]
             .USE_MULT("MULTIPLY"), .USE_SIMD("ONE48")) u_dsp (
                                                        ^
designs/mixed_64.sv:27:57: warning: output port 'XOROUT' has no connection [-Wunconnected-output-port]
             .USE_MULT("MULTIPLY"), .USE_SIMD("ONE48")) u_dsp (
                                                        ^
designs/mixed_64.sv:27:57: warning: output port 'ACOUT' has no connection [-Wunconnected-output-port]
             .USE_MULT("MULTIPLY"), .USE_SIMD("ONE48")) u_dsp (
                                                        ^
designs/mixed_64.sv:27:57: warning: output port 'BCOUT' has no connection [-Wunconnected-output-port]
             .USE_MULT("MULTIPLY"), .USE_SIMD("ONE48")) u_dsp (
                                                        ^
designs/mixed_64.sv:27:57: warning: output port 'CARRYCASCOUT' has no connection [-Wunconnected-output-port]
             .USE_MULT("MULTIPLY"), .USE_SIMD("ONE48")) u_dsp (
                                                        ^
designs/mixed_64.sv:27:57: warning: output port 'CARRYOUT' has no connection [-Wunconnected-output-port]
             .USE_MULT("MULTIPLY"), .USE_SIMD("ONE48")) u_dsp (
                                                        ^
designs/mixed_64.sv:27:57: warning: output port 'MULTSIGNOUT' has no connection [-Wunconnected-output-port]
             .USE_MULT("MULTIPLY"), .USE_SIMD("ONE48")) u_dsp (
                                                        ^
designs/mixed_64.sv:27:57: warning: output port 'OVERFLOW' has no connection [-Wunconnected-output-port]
             .USE_MULT("MULTIPLY"), .USE_SIMD("ONE48")) u_dsp (
                                                        ^
designs/mixed_64.sv:27:57: warning: output port 'PATTERNBDETECT' has no connection [-Wunconnected-output-port]
             .USE_MULT("MULTIPLY"), .USE_SIMD("ONE48")) u_dsp (
                                                        ^
designs/mixed_64.sv:27:57: warning: output port 'PATTERNDETECT' has no connection [-Wunconnected-output-port]
             .USE_MULT("MULTIPLY"), .USE_SIMD("ONE48")) u_dsp (
                                                        ^
designs/mixed_64.sv:27:57: warning: output port 'PCOUT' has no connection [-Wunconnected-output-port]
             .USE_MULT("MULTIPLY"), .USE_SIMD("ONE48")) u_dsp (
                                                        ^
designs/mixed_64.sv:27:57: warning: output port 'UNDERFLOW' has no connection [-Wunconnected-output-port]
             .USE_MULT("MULTIPLY"), .USE_SIMD("ONE48")) u_dsp (
                                                        ^
designs/mixed_64.sv:27:57: warning: output port 'XOROUT' has no connection [-Wunconnected-output-port]
             .USE_MULT("MULTIPLY"), .USE_SIMD("ONE48")) u_dsp (
                                                        ^
designs/mixed_64.sv:27:57: warning: output port 'ACOUT' has no connection [-Wunconnected-output-port]
             .USE_MULT("MULTIPLY"), .USE_SIMD("ONE48")) u_dsp (
                                                        ^
designs/mixed_64.sv:27:57: warning: output port 'BCOUT' has no connection [-Wunconnected-output-port]
             .USE_MULT("MULTIPLY"), .USE_SIMD("ONE48")) u_dsp (
                                                        ^
designs/mixed_64.sv:27:57: warning: output port 'CARRYCASCOUT' has no connection [-Wunconnected-output-port]
             .USE_MULT("MULTIPLY"), .USE_SIMD("ONE48")) u_dsp (
                                                        ^
designs/mixed_64.sv:27:57: warning: output port 'CARRYOUT' has no connection [-Wunconnected-output-port]
             .USE_MULT("MULTIPLY"), .USE_SIMD("ONE48")) u_dsp (
                                                        ^
designs/mixed_64.sv:27:57: warning: output port 'MULTSIGNOUT' has no connection [-Wunconnected-output-port]
             .USE_MULT("MULTIPLY"), .USE_SIMD("ONE48")) u_dsp (
                                                        ^
designs/mixed_64.sv:27:57: warning: output port 'OVERFLOW' has no connection [-Wunconnected-output-port]
             .USE_MULT("MULTIPLY"), .USE_SIMD("ONE48")) u_dsp (
                                                        ^
designs/mixed_64.sv:27:57: warning: output port 'PATTERNBDETECT' has no connection [-Wunconnected-output-port]
             .USE_MULT("MULTIPLY"), .USE_SIMD("ONE48")) u_dsp (
                                                        ^
designs/mixed_64.sv:27:57: warning: output port 'PATTERNDETECT' has no connection [-Wunconnected-output-port]
             .USE_MULT("MULTIPLY"), .USE_SIMD("ONE48")) u_dsp (
                                                        ^
designs/mixed_64.sv:27:57: warning: output port 'PCOUT' has no connection [-Wunconnected-output-port]
             .USE_MULT("MULTIPLY"), .USE_SIMD("ONE48")) u_dsp (
                                                        ^
designs/mixed_64.sv:27:57: warning: output port 'UNDERFLOW' has no connection [-Wunconnected-output-port]
             .USE_MULT("MULTIPLY"), .USE_SIMD("ONE48")) u_dsp (
                                                        ^
designs/mixed_64.sv:27:57: warning: output port 'XOROUT' has no connection [-Wunconnected-output-port]
             .USE_MULT("MULTIPLY"), .USE_SIMD("ONE48")) u_dsp (
                                                        ^
designs/mixed_64.sv:27:57: warning: output port 'ACOUT' has no connection [-Wunconnected-output-port]
             .USE_MULT("MULTIPLY"), .USE_SIMD("ONE48")) u_dsp (
                                                        ^
designs/mixed_64.sv:27:57: warning: output port 'BCOUT' has no connection [-Wunconnected-output-port]
             .USE_MULT("MULTIPLY"), .USE_SIMD("ONE48")) u_dsp (
                                                        ^
designs/mixed_64.sv:27:57: warning: output port 'CARRYCASCOUT' has no connection [-Wunconnected-output-port]
             .USE_MULT("MULTIPLY"), .USE_SIMD("ONE48")) u_dsp (
                                                        ^
designs/mixed_64.sv:27:57: warning: output port 'CARRYOUT' has no connection [-Wunconnected-output-port]
             .USE_MULT("MULTIPLY"), .USE_SIMD("ONE48")) u_dsp (
                                                        ^
designs/mixed_64.sv:27:57: warning: output port 'MULTSIGNOUT' has no connection [-Wunconnected-output-port]
             .USE_MULT("MULTIPLY"), .USE_SIMD("ONE48")) u_dsp (
                                                        ^
designs/mixed_64.sv:27:57: warning: output port 'OVERFLOW' has no connection [-Wunconnected-output-port]
             .USE_MULT("MULTIPLY"), .USE_SIMD("ONE48")) u_dsp (
                                                        ^
designs/mixed_64.sv:27:57: warning: output port 'PATTERNBDETECT' has no connection [-Wunconnected-output-port]
             .USE_MULT("MULTIPLY"), .USE_SIMD("ONE48")) u_dsp (
                                                        ^
designs/mixed_64.sv:27:57: warning: output port 'PATTERNDETECT' has no connection [-Wunconnected-output-port]
             .USE_MULT("MULTIPLY"), .USE_SIMD("ONE48")) u_dsp (
                                                        ^
designs/mixed_64.sv:27:57: warning: output port 'PCOUT' has no connection [-Wunconnected-output-port]
             .USE_MULT("MULTIPLY"), .USE_SIMD("ONE48")) u_dsp (
                                                        ^
designs/mixed_64.sv:27:57: warning: output port 'UNDERFLOW' has no connection [-Wunconnected-output-port]
             .USE_MULT("MULTIPLY"), .USE_SIMD("ONE48")) u_dsp (
                                                        ^
designs/mixed_64.sv:27:57: warning: output port 'XOROUT' has no connection [-Wunconnected-output-port]
             .USE_MULT("MULTIPLY"), .USE_SIMD("ONE48")) u_dsp (
                                                        ^
designs/mixed_64.sv:27:57: warning: output port 'ACOUT' has no connection [-Wunconnected-output-port]
             .USE_MULT("MULTIPLY"), .USE_SIMD("ONE48")) u_dsp (
                                                        ^
designs/mixed_64.sv:27:57: warning: output port 'BCOUT' has no connection [-Wunconnected-output-port]
             .USE_MULT("MULTIPLY"), .USE_SIMD("ONE48")) u_dsp (
                                                        ^
designs/mixed_64.sv:27:57: warning: output port 'CARRYCASCOUT' has no connection [-Wunconnected-output-port]
             .USE_MULT("MULTIPLY"), .USE_SIMD("ONE48")) u_dsp (
                                                        ^
designs/mixed_64.sv:27:57: warning: output port 'CARRYOUT' has no connection [-Wunconnected-output-port]
             .USE_MULT("MULTIPLY"), .USE_SIMD("ONE48")) u_dsp (
                                                        ^
designs/mixed_64.sv:27:57: warning: output port 'MULTSIGNOUT' has no connection [-Wunconnected-output-port]
             .USE_MULT("MULTIPLY"), .USE_SIMD("ONE48")) u_dsp (
                                                        ^
designs/mixed_64.sv:27:57: warning: output port 'OVERFLOW' has no connection [-Wunconnected-output-port]
             .USE_MULT("MULTIPLY"), .USE_SIMD("ONE48")) u_dsp (
                                                        ^
designs/mixed_64.sv:27:57: warning: output port 'PATTERNBDETECT' has no connection [-Wunconnected-output-port]
             .USE_MULT("MULTIPLY"), .USE_SIMD("ONE48")) u_dsp (
                                                        ^
designs/mixed_64.sv:27:57: warning: output port 'PATTERNDETECT' has no connection [-Wunconnected-output-port]
             .USE_MULT("MULTIPLY"), .USE_SIMD("ONE48")) u_dsp (
                                                        ^
designs/mixed_64.sv:27:57: warning: output port 'PCOUT' has no connection [-Wunconnected-output-port]
             .USE_MULT("MULTIPLY"), .USE_SIMD("ONE48")) u_dsp (
                                                        ^
designs/mixed_64.sv:27:57: warning: output port 'UNDERFLOW' has no connection [-Wunconnected-output-port]
             .USE_MULT("MULTIPLY"), .USE_SIMD("ONE48")) u_dsp (
                                                        ^
designs/mixed_64.sv:27:57: warning: output port 'XOROUT' has no connection [-Wunconnected-output-port]
             .USE_MULT("MULTIPLY"), .USE_SIMD("ONE48")) u_dsp (
                                                        ^
designs/mixed_64.sv:27:57: warning: output port 'ACOUT' has no connection [-Wunconnected-output-port]
             .USE_MULT("MULTIPLY"), .USE_SIMD("ONE48")) u_dsp (
                                                        ^
designs/mixed_64.sv:27:57: warning: output port 'BCOUT' has no connection [-Wunconnected-output-port]
             .USE_MULT("MULTIPLY"), .USE_SIMD("ONE48")) u_dsp (
                                                        ^
designs/mixed_64.sv:27:57: warning: output port 'CARRYCASCOUT' has no connection [-Wunconnected-output-port]
             .USE_MULT("MULTIPLY"), .USE_SIMD("ONE48")) u_dsp (
                                                        ^
designs/mixed_64.sv:27:57: warning: output port 'CARRYOUT' has no connection [-Wunconnected-output-port]
             .USE_MULT("MULTIPLY"), .USE_SIMD("ONE48")) u_dsp (
                                                        ^
designs/mixed_64.sv:27:57: warning: output port 'MULTSIGNOUT' has no connection [-Wunconnected-output-port]
             .USE_MULT("MULTIPLY"), .USE_SIMD("ONE48")) u_dsp (
                                                        ^
designs/mixed_64.sv:27:57: warning: output port 'OVERFLOW' has no connection [-Wunconnected-output-port]
             .USE_MULT("MULTIPLY"), .USE_SIMD("ONE48")) u_dsp (
                                                        ^
designs/mixed_64.sv:27:57: warning: output port 'PATTERNBDETECT' has no connection [-Wunconnected-output-port]
             .USE_MULT("MULTIPLY"), .USE_SIMD("ONE48")) u_dsp (
                                                        ^
designs/mixed_64.sv:27:57: warning: output port 'PATTERNDETECT' has no connection [-Wunconnected-output-port]
             .USE_MULT("MULTIPLY"), .USE_SIMD("ONE48")) u_dsp (
                                                        ^
designs/mixed_64.sv:27:57: warning: output port 'PCOUT' has no connection [-Wunconnected-output-port]
             .USE_MULT("MULTIPLY"), .USE_SIMD("ONE48")) u_dsp (
                                                        ^
designs/mixed_64.sv:27:57: warning: output port 'UNDERFLOW' has no connection [-Wunconnected-output-port]
             .USE_MULT("MULTIPLY"), .USE_SIMD("ONE48")) u_dsp (
                                                        ^
designs/mixed_64.sv:27:57: warning: output port 'XOROUT' has no connection [-Wunconnected-output-port]
             .USE_MULT("MULTIPLY"), .USE_SIMD("ONE48")) u_dsp (
                                                        ^
designs/mixed_64.sv:27:57: warning: output port 'ACOUT' has no connection [-Wunconnected-output-port]
             .USE_MULT("MULTIPLY"), .USE_SIMD("ONE48")) u_dsp (
                                                        ^
designs/mixed_64.sv:27:57: warning: output port 'BCOUT' has no connection [-Wunconnected-output-port]
             .USE_MULT("MULTIPLY"), .USE_SIMD("ONE48")) u_dsp (
                                                        ^
designs/mixed_64.sv:27:57: warning: output port 'CARRYCASCOUT' has no connection [-Wunconnected-output-port]
             .USE_MULT("MULTIPLY"), .USE_SIMD("ONE48")) u_dsp (
                                                        ^
designs/mixed_64.sv:27:57: warning: output port 'CARRYOUT' has no connection [-Wunconnected-output-port]
             .USE_MULT("MULTIPLY"), .USE_SIMD("ONE48")) u_dsp (
                                                        ^
designs/mixed_64.sv:27:57: warning: output port 'MULTSIGNOUT' has no connection [-Wunconnected-output-port]
             .USE_MULT("MULTIPLY"), .USE_SIMD("ONE48")) u_dsp (
                                                        ^
designs/mixed_64.sv:27:57: warning: output port 'OVERFLOW' has no connection [-Wunconnected-output-port]
             .USE_MULT("MULTIPLY"), .USE_SIMD("ONE48")) u_dsp (
                                                        ^
designs/mixed_64.sv:27:57: warning: output port 'PATTERNBDETECT' has no connection [-Wunconnected-output-port]
             .USE_MULT("MULTIPLY"), .USE_SIMD("ONE48")) u_dsp (
                                                        ^
designs/mixed_64.sv:27:57: warning: output port 'PATTERNDETECT' has no connection [-Wunconnected-output-port]
             .USE_MULT("MULTIPLY"), .USE_SIMD("ONE48")) u_dsp (
                                                        ^
designs/mixed_64.sv:27:57: warning: output port 'PCOUT' has no connection [-Wunconnected-output-port]
             .USE_MULT("MULTIPLY"), .USE_SIMD("ONE48")) u_dsp (
                                                        ^
designs/mixed_64.sv:27:57: warning: output port 'UNDERFLOW' has no connection [-Wunconnected-output-port]
             .USE_MULT("MULTIPLY"), .USE_SIMD("ONE48")) u_dsp (
                                                        ^
designs/mixed_64.sv:27:57: warning: output port 'XOROUT' has no connection [-Wunconnected-output-port]
             .USE_MULT("MULTIPLY"), .USE_SIMD("ONE48")) u_dsp (
                                                        ^
designs/mixed_64.sv:27:57: warning: output port 'ACOUT' has no connection [-Wunconnected-output-port]
             .USE_MULT("MULTIPLY"), .USE_SIMD("ONE48")) u_dsp (
                                                        ^
designs/mixed_64.sv:27:57: warning: output port 'BCOUT' has no connection [-Wunconnected-output-port]
             .USE_MULT("MULTIPLY"), .USE_SIMD("ONE48")) u_dsp (
                                                        ^
designs/mixed_64.sv:27:57: warning: output port 'CARRYCASCOUT' has no connection [-Wunconnected-output-port]
             .USE_MULT("MULTIPLY"), .USE_SIMD("ONE48")) u_dsp (
                                                        ^
designs/mixed_64.sv:27:57: warning: output port 'CARRYOUT' has no connection [-Wunconnected-output-port]
             .USE_MULT("MULTIPLY"), .USE_SIMD("ONE48")) u_dsp (
                                                        ^
designs/mixed_64.sv:27:57: warning: output port 'MULTSIGNOUT' has no connection [-Wunconnected-output-port]
             .USE_MULT("MULTIPLY"), .USE_SIMD("ONE48")) u_dsp (
                                                        ^
designs/mixed_64.sv:27:57: warning: output port 'OVERFLOW' has no connection [-Wunconnected-output-port]
             .USE_MULT("MULTIPLY"), .USE_SIMD("ONE48")) u_dsp (
                                                        ^
designs/mixed_64.sv:27:57: warning: output port 'PATTERNBDETECT' has no connection [-Wunconnected-output-port]
             .USE_MULT("MULTIPLY"), .USE_SIMD("ONE48")) u_dsp (
                                                        ^
designs/mixed_64.sv:27:57: warning: output port 'PATTERNDETECT' has no connection [-Wunconnected-output-port]
             .USE_MULT("MULTIPLY"), .USE_SIMD("ONE48")) u_dsp (
                                                        ^
designs/mixed_64.sv:27:57: warning: output port 'PCOUT' has no connection [-Wunconnected-output-port]
             .USE_MULT("MULTIPLY"), .USE_SIMD("ONE48")) u_dsp (
                                                        ^
designs/mixed_64.sv:27:57: warning: output port 'UNDERFLOW' has no connection [-Wunconnected-output-port]
             .USE_MULT("MULTIPLY"), .USE_SIMD("ONE48")) u_dsp (
                                                        ^
designs/mixed_64.sv:27:57: warning: output port 'XOROUT' has no connection [-Wunconnected-output-port]
             .USE_MULT("MULTIPLY"), .USE_SIMD("ONE48")) u_dsp (
                                                        ^
designs/mixed_64.sv:27:57: warning: output port 'ACOUT' has no connection [-Wunconnected-output-port]
             .USE_MULT("MULTIPLY"), .USE_SIMD("ONE48")) u_dsp (
                                                        ^
designs/mixed_64.sv:27:57: warning: output port 'BCOUT' has no connection [-Wunconnected-output-port]
             .USE_MULT("MULTIPLY"), .USE_SIMD("ONE48")) u_dsp (
                                                        ^
designs/mixed_64.sv:27:57: warning: output port 'CARRYCASCOUT' has no connection [-Wunconnected-output-port]
             .USE_MULT("MULTIPLY"), .USE_SIMD("ONE48")) u_dsp (
                                                        ^
designs/mixed_64.sv:27:57: warning: output port 'CARRYOUT' has no connection [-Wunconnected-output-port]
             .USE_MULT("MULTIPLY"), .USE_SIMD("ONE48")) u_dsp (
                                                        ^
designs/mixed_64.sv:27:57: warning: output port 'MULTSIGNOUT' has no connection [-Wunconnected-output-port]
             .USE_MULT("MULTIPLY"), .USE_SIMD("ONE48")) u_dsp (
                                                        ^
designs/mixed_64.sv:27:57: warning: output port 'OVERFLOW' has no connection [-Wunconnected-output-port]
             .USE_MULT("MULTIPLY"), .USE_SIMD("ONE48")) u_dsp (
                                                        ^
designs/mixed_64.sv:27:57: warning: output port 'PATTERNBDETECT' has no connection [-Wunconnected-output-port]
             .USE_MULT("MULTIPLY"), .USE_SIMD("ONE48")) u_dsp (
                                                        ^
designs/mixed_64.sv:27:57: warning: output port 'PATTERNDETECT' has no connection [-Wunconnected-output-port]
             .USE_MULT("MULTIPLY"), .USE_SIMD("ONE48")) u_dsp (
                                                        ^
designs/mixed_64.sv:27:57: warning: output port 'PCOUT' has no connection [-Wunconnected-output-port]
             .USE_MULT("MULTIPLY"), .USE_SIMD("ONE48")) u_dsp (
                                                        ^
designs/mixed_64.sv:27:57: warning: output port 'UNDERFLOW' has no connection [-Wunconnected-output-port]
             .USE_MULT("MULTIPLY"), .USE_SIMD("ONE48")) u_dsp (
                                                        ^
designs/mixed_64.sv:27:57: warning: output port 'XOROUT' has no connection [-Wunconnected-output-port]
             .USE_MULT("MULTIPLY"), .USE_SIMD("ONE48")) u_dsp (
                                                        ^
designs/mixed_64.sv:27:57: warning: output port 'ACOUT' has no connection [-Wunconnected-output-port]
             .USE_MULT("MULTIPLY"), .USE_SIMD("ONE48")) u_dsp (
                                                        ^
designs/mixed_64.sv:27:57: warning: output port 'BCOUT' has no connection [-Wunconnected-output-port]
             .USE_MULT("MULTIPLY"), .USE_SIMD("ONE48")) u_dsp (
                                                        ^
designs/mixed_64.sv:27:57: warning: output port 'CARRYCASCOUT' has no connection [-Wunconnected-output-port]
             .USE_MULT("MULTIPLY"), .USE_SIMD("ONE48")) u_dsp (
                                                        ^
designs/mixed_64.sv:27:57: warning: output port 'CARRYOUT' has no connection [-Wunconnected-output-port]
             .USE_MULT("MULTIPLY"), .USE_SIMD("ONE48")) u_dsp (
                                                        ^
designs/mixed_64.sv:27:57: warning: output port 'MULTSIGNOUT' has no connection [-Wunconnected-output-port]
             .USE_MULT("MULTIPLY"), .USE_SIMD("ONE48")) u_dsp (
                                                        ^
designs/mixed_64.sv:27:57: warning: output port 'OVERFLOW' has no connection [-Wunconnected-output-port]
             .USE_MULT("MULTIPLY"), .USE_SIMD("ONE48")) u_dsp (
                                                        ^
designs/mixed_64.sv:27:57: warning: output port 'PATTERNBDETECT' has no connection [-Wunconnected-output-port]
             .USE_MULT("MULTIPLY"), .USE_SIMD("ONE48")) u_dsp (
                                                        ^
designs/mixed_64.sv:27:57: warning: output port 'PATTERNDETECT' has no connection [-Wunconnected-output-port]
             .USE_MULT("MULTIPLY"), .USE_SIMD("ONE48")) u_dsp (
                                                        ^
designs/mixed_64.sv:27:57: warning: output port 'PCOUT' has no connection [-Wunconnected-output-port]
             .USE_MULT("MULTIPLY"), .USE_SIMD("ONE48")) u_dsp (
                                                        ^
designs/mixed_64.sv:27:57: warning: output port 'UNDERFLOW' has no connection [-Wunconnected-output-port]
             .USE_MULT("MULTIPLY"), .USE_SIMD("ONE48")) u_dsp (
                                                        ^
designs/mixed_64.sv:27:57: warning: output port 'XOROUT' has no connection [-Wunconnected-output-port]
             .USE_MULT("MULTIPLY"), .USE_SIMD("ONE48")) u_dsp (
                                                        ^
designs/mixed_64.sv:27:57: warning: output port 'ACOUT' has no connection [-Wunconnected-output-port]
             .USE_MULT("MULTIPLY"), .USE_SIMD("ONE48")) u_dsp (
                                                        ^
designs/mixed_64.sv:27:57: warning: output port 'BCOUT' has no connection [-Wunconnected-output-port]
             .USE_MULT("MULTIPLY"), .USE_SIMD("ONE48")) u_dsp (
                                                        ^
designs/mixed_64.sv:27:57: warning: output port 'CARRYCASCOUT' has no connection [-Wunconnected-output-port]
             .USE_MULT("MULTIPLY"), .USE_SIMD("ONE48")) u_dsp (
                                                        ^
designs/mixed_64.sv:27:57: warning: output port 'CARRYOUT' has no connection [-Wunconnected-output-port]
             .USE_MULT("MULTIPLY"), .USE_SIMD("ONE48")) u_dsp (
                                                        ^
designs/mixed_64.sv:27:57: warning: output port 'MULTSIGNOUT' has no connection [-Wunconnected-output-port]
             .USE_MULT("MULTIPLY"), .USE_SIMD("ONE48")) u_dsp (
                                                        ^
designs/mixed_64.sv:27:57: warning: output port 'OVERFLOW' has no connection [-Wunconnected-output-port]
             .USE_MULT("MULTIPLY"), .USE_SIMD("ONE48")) u_dsp (
                                                        ^
designs/mixed_64.sv:27:57: warning: output port 'PATTERNBDETECT' has no connection [-Wunconnected-output-port]
             .USE_MULT("MULTIPLY"), .USE_SIMD("ONE48")) u_dsp (
                                                        ^
designs/mixed_64.sv:27:57: warning: output port 'PATTERNDETECT' has no connection [-Wunconnected-output-port]
             .USE_MULT("MULTIPLY"), .USE_SIMD("ONE48")) u_dsp (
                                                        ^
designs/mixed_64.sv:27:57: warning: output port 'PCOUT' has no connection [-Wunconnected-output-port]
             .USE_MULT("MULTIPLY"), .USE_SIMD("ONE48")) u_dsp (
                                                        ^
designs/mixed_64.sv:27:57: warning: output port 'UNDERFLOW' has no connection [-Wunconnected-output-port]
             .USE_MULT("MULTIPLY"), .USE_SIMD("ONE48")) u_dsp (
                                                        ^
designs/mixed_64.sv:27:57: warning: output port 'XOROUT' has no connection [-Wunconnected-output-port]
             .USE_MULT("MULTIPLY"), .USE_SIMD("ONE48")) u_dsp (
                                                        ^
designs/mixed_64.sv:27:57: warning: output port 'ACOUT' has no connection [-Wunconnected-output-port]
             .USE_MULT("MULTIPLY"), .USE_SIMD("ONE48")) u_dsp (
                                                        ^
designs/mixed_64.sv:27:57: warning: output port 'BCOUT' has no connection [-Wunconnected-output-port]
             .USE_MULT("MULTIPLY"), .USE_SIMD("ONE48")) u_dsp (
                                                        ^
designs/mixed_64.sv:27:57: warning: output port 'CARRYCASCOUT' has no connection [-Wunconnected-output-port]
             .USE_MULT("MULTIPLY"), .USE_SIMD("ONE48")) u_dsp (
                                                        ^
designs/mixed_64.sv:27:57: warning: output port 'CARRYOUT' has no connection [-Wunconnected-output-port]
             .USE_MULT("MULTIPLY"), .USE_SIMD("ONE48")) u_dsp (
                                                        ^
designs/mixed_64.sv:27:57: warning: output port 'MULTSIGNOUT' has no connection [-Wunconnected-output-port]
             .USE_MULT("MULTIPLY"), .USE_SIMD("ONE48")) u_dsp (
                                                        ^
designs/mixed_64.sv:27:57: warning: output port 'OVERFLOW' has no connection [-Wunconnected-output-port]
             .USE_MULT("MULTIPLY"), .USE_SIMD("ONE48")) u_dsp (
                                                        ^
designs/mixed_64.sv:27:57: warning: output port 'PATTERNBDETECT' has no connection [-Wunconnected-output-port]
             .USE_MULT("MULTIPLY"), .USE_SIMD("ONE48")) u_dsp (
                                                        ^
designs/mixed_64.sv:27:57: warning: output port 'PATTERNDETECT' has no connection [-Wunconnected-output-port]
             .USE_MULT("MULTIPLY"), .USE_SIMD("ONE48")) u_dsp (
                                                        ^
designs/mixed_64.sv:27:57: warning: output port 'PCOUT' has no connection [-Wunconnected-output-port]
             .USE_MULT("MULTIPLY"), .USE_SIMD("ONE48")) u_dsp (
                                                        ^
designs/mixed_64.sv:27:57: warning: output port 'UNDERFLOW' has no connection [-Wunconnected-output-port]
             .USE_MULT("MULTIPLY"), .USE_SIMD("ONE48")) u_dsp (
                                                        ^
designs/mixed_64.sv:27:57: warning: output port 'XOROUT' has no connection [-Wunconnected-output-port]
             .USE_MULT("MULTIPLY"), .USE_SIMD("ONE48")) u_dsp (
                                                        ^
designs/mixed_64.sv:27:57: warning: output port 'ACOUT' has no connection [-Wunconnected-output-port]
             .USE_MULT("MULTIPLY"), .USE_SIMD("ONE48")) u_dsp (
                                                        ^
designs/mixed_64.sv:27:57: warning: output port 'BCOUT' has no connection [-Wunconnected-output-port]
             .USE_MULT("MULTIPLY"), .USE_SIMD("ONE48")) u_dsp (
                                                        ^
designs/mixed_64.sv:27:57: warning: output port 'CARRYCASCOUT' has no connection [-Wunconnected-output-port]
             .USE_MULT("MULTIPLY"), .USE_SIMD("ONE48")) u_dsp (
                                                        ^
designs/mixed_64.sv:27:57: warning: output port 'CARRYOUT' has no connection [-Wunconnected-output-port]
             .USE_MULT("MULTIPLY"), .USE_SIMD("ONE48")) u_dsp (
                                                        ^
designs/mixed_64.sv:27:57: warning: output port 'MULTSIGNOUT' has no connection [-Wunconnected-output-port]
             .USE_MULT("MULTIPLY"), .USE_SIMD("ONE48")) u_dsp (
                                                        ^
designs/mixed_64.sv:27:57: warning: output port 'OVERFLOW' has no connection [-Wunconnected-output-port]
             .USE_MULT("MULTIPLY"), .USE_SIMD("ONE48")) u_dsp (
                                                        ^
designs/mixed_64.sv:27:57: warning: output port 'PATTERNBDETECT' has no connection [-Wunconnected-output-port]
             .USE_MULT("MULTIPLY"), .USE_SIMD("ONE48")) u_dsp (
                                                        ^
designs/mixed_64.sv:27:57: warning: output port 'PATTERNDETECT' has no connection [-Wunconnected-output-port]
             .USE_MULT("MULTIPLY"), .USE_SIMD("ONE48")) u_dsp (
                                                        ^
designs/mixed_64.sv:27:57: warning: output port 'PCOUT' has no connection [-Wunconnected-output-port]
             .USE_MULT("MULTIPLY"), .USE_SIMD("ONE48")) u_dsp (
                                                        ^
designs/mixed_64.sv:27:57: warning: output port 'UNDERFLOW' has no connection [-Wunconnected-output-port]
             .USE_MULT("MULTIPLY"), .USE_SIMD("ONE48")) u_dsp (
                                                        ^
designs/mixed_64.sv:27:57: warning: output port 'XOROUT' has no connection [-Wunconnected-output-port]
             .USE_MULT("MULTIPLY"), .USE_SIMD("ONE48")) u_dsp (
                                                        ^
designs/mixed_64.sv:27:57: warning: output port 'ACOUT' has no connection [-Wunconnected-output-port]
             .USE_MULT("MULTIPLY"), .USE_SIMD("ONE48")) u_dsp (
                                                        ^
designs/mixed_64.sv:27:57: warning: output port 'BCOUT' has no connection [-Wunconnected-output-port]
             .USE_MULT("MULTIPLY"), .USE_SIMD("ONE48")) u_dsp (
                                                        ^
designs/mixed_64.sv:27:57: warning: output port 'CARRYCASCOUT' has no connection [-Wunconnected-output-port]
             .USE_MULT("MULTIPLY"), .USE_SIMD("ONE48")) u_dsp (
                                                        ^
designs/mixed_64.sv:27:57: warning: output port 'CARRYOUT' has no connection [-Wunconnected-output-port]
             .USE_MULT("MULTIPLY"), .USE_SIMD("ONE48")) u_dsp (
                                                        ^
designs/mixed_64.sv:27:57: warning: output port 'MULTSIGNOUT' has no connection [-Wunconnected-output-port]
             .USE_MULT("MULTIPLY"), .USE_SIMD("ONE48")) u_dsp (
                                                        ^
designs/mixed_64.sv:27:57: warning: output port 'OVERFLOW' has no connection [-Wunconnected-output-port]
             .USE_MULT("MULTIPLY"), .USE_SIMD("ONE48")) u_dsp (
                                                        ^
designs/mixed_64.sv:27:57: warning: output port 'PATTERNBDETECT' has no connection [-Wunconnected-output-port]
             .USE_MULT("MULTIPLY"), .USE_SIMD("ONE48")) u_dsp (
                                                        ^
designs/mixed_64.sv:27:57: warning: output port 'PATTERNDETECT' has no connection [-Wunconnected-output-port]
             .USE_MULT("MULTIPLY"), .USE_SIMD("ONE48")) u_dsp (
                                                        ^
designs/mixed_64.sv:27:57: warning: output port 'PCOUT' has no connection [-Wunconnected-output-port]
             .USE_MULT("MULTIPLY"), .USE_SIMD("ONE48")) u_dsp (
                                                        ^
designs/mixed_64.sv:27:57: warning: output port 'UNDERFLOW' has no connection [-Wunconnected-output-port]
             .USE_MULT("MULTIPLY"), .USE_SIMD("ONE48")) u_dsp (
                                                        ^
designs/mixed_64.sv:27:57: warning: output port 'XOROUT' has no connection [-Wunconnected-output-port]
             .USE_MULT("MULTIPLY"), .USE_SIMD("ONE48")) u_dsp (
                                                        ^
designs/mixed_64.sv:27:57: warning: output port 'ACOUT' has no connection [-Wunconnected-output-port]
             .USE_MULT("MULTIPLY"), .USE_SIMD("ONE48")) u_dsp (
                                                        ^
designs/mixed_64.sv:27:57: warning: output port 'BCOUT' has no connection [-Wunconnected-output-port]
             .USE_MULT("MULTIPLY"), .USE_SIMD("ONE48")) u_dsp (
                                                        ^
designs/mixed_64.sv:27:57: warning: output port 'CARRYCASCOUT' has no connection [-Wunconnected-output-port]
             .USE_MULT("MULTIPLY"), .USE_SIMD("ONE48")) u_dsp (
                                                        ^
designs/mixed_64.sv:27:57: warning: output port 'CARRYOUT' has no connection [-Wunconnected-output-port]
             .USE_MULT("MULTIPLY"), .USE_SIMD("ONE48")) u_dsp (
                                                        ^
designs/mixed_64.sv:27:57: warning: output port 'MULTSIGNOUT' has no connection [-Wunconnected-output-port]
             .USE_MULT("MULTIPLY"), .USE_SIMD("ONE48")) u_dsp (
                                                        ^
designs/mixed_64.sv:27:57: warning: output port 'OVERFLOW' has no connection [-Wunconnected-output-port]
             .USE_MULT("MULTIPLY"), .USE_SIMD("ONE48")) u_dsp (
                                                        ^
designs/mixed_64.sv:27:57: warning: output port 'PATTERNBDETECT' has no connection [-Wunconnected-output-port]
             .USE_MULT("MULTIPLY"), .USE_SIMD("ONE48")) u_dsp (
                                                        ^
designs/mixed_64.sv:27:57: warning: output port 'PATTERNDETECT' has no connection [-Wunconnected-output-port]
             .USE_MULT("MULTIPLY"), .USE_SIMD("ONE48")) u_dsp (
                                                        ^
designs/mixed_64.sv:27:57: warning: output port 'PCOUT' has no connection [-Wunconnected-output-port]
             .USE_MULT("MULTIPLY"), .USE_SIMD("ONE48")) u_dsp (
                                                        ^
designs/mixed_64.sv:27:57: warning: output port 'UNDERFLOW' has no connection [-Wunconnected-output-port]
             .USE_MULT("MULTIPLY"), .USE_SIMD("ONE48")) u_dsp (
                                                        ^
designs/mixed_64.sv:27:57: warning: output port 'XOROUT' has no connection [-Wunconnected-output-port]
             .USE_MULT("MULTIPLY"), .USE_SIMD("ONE48")) u_dsp (
                                                        ^
designs/mixed_64.sv:27:57: warning: output port 'ACOUT' has no connection [-Wunconnected-output-port]
             .USE_MULT("MULTIPLY"), .USE_SIMD("ONE48")) u_dsp (
                                                        ^
designs/mixed_64.sv:27:57: warning: output port 'BCOUT' has no connection [-Wunconnected-output-port]
             .USE_MULT("MULTIPLY"), .USE_SIMD("ONE48")) u_dsp (
                                                        ^
designs/mixed_64.sv:27:57: warning: output port 'CARRYCASCOUT' has no connection [-Wunconnected-output-port]
             .USE_MULT("MULTIPLY"), .USE_SIMD("ONE48")) u_dsp (
                                                        ^
designs/mixed_64.sv:27:57: warning: output port 'CARRYOUT' has no connection [-Wunconnected-output-port]
             .USE_MULT("MULTIPLY"), .USE_SIMD("ONE48")) u_dsp (
                                                        ^
designs/mixed_64.sv:27:57: warning: output port 'MULTSIGNOUT' has no connection [-Wunconnected-output-port]
             .USE_MULT("MULTIPLY"), .USE_SIMD("ONE48")) u_dsp (
                                                        ^
designs/mixed_64.sv:27:57: warning: output port 'OVERFLOW' has no connection [-Wunconnected-output-port]
             .USE_MULT("MULTIPLY"), .USE_SIMD("ONE48")) u_dsp (
                                                        ^
designs/mixed_64.sv:27:57: warning: output port 'PATTERNBDETECT' has no connection [-Wunconnected-output-port]
             .USE_MULT("MULTIPLY"), .USE_SIMD("ONE48")) u_dsp (
                                                        ^
designs/mixed_64.sv:27:57: warning: output port 'PATTERNDETECT' has no connection [-Wunconnected-output-port]
             .USE_MULT("MULTIPLY"), .USE_SIMD("ONE48")) u_dsp (
                                                        ^
designs/mixed_64.sv:27:57: warning: output port 'PCOUT' has no connection [-Wunconnected-output-port]
             .USE_MULT("MULTIPLY"), .USE_SIMD("ONE48")) u_dsp (
                                                        ^
designs/mixed_64.sv:27:57: warning: output port 'UNDERFLOW' has no connection [-Wunconnected-output-port]
             .USE_MULT("MULTIPLY"), .USE_SIMD("ONE48")) u_dsp (
                                                        ^
designs/mixed_64.sv:27:57: warning: output port 'XOROUT' has no connection [-Wunconnected-output-port]
             .USE_MULT("MULTIPLY"), .USE_SIMD("ONE48")) u_dsp (
                                                        ^
designs/mixed_64.sv:27:57: warning: output port 'ACOUT' has no connection [-Wunconnected-output-port]
             .USE_MULT("MULTIPLY"), .USE_SIMD("ONE48")) u_dsp (
                                                        ^
designs/mixed_64.sv:27:57: warning: output port 'BCOUT' has no connection [-Wunconnected-output-port]
             .USE_MULT("MULTIPLY"), .USE_SIMD("ONE48")) u_dsp (
                                                        ^
designs/mixed_64.sv:27:57: warning: output port 'CARRYCASCOUT' has no connection [-Wunconnected-output-port]
             .USE_MULT("MULTIPLY"), .USE_SIMD("ONE48")) u_dsp (
                                                        ^
designs/mixed_64.sv:27:57: warning: output port 'CARRYOUT' has no connection [-Wunconnected-output-port]
             .USE_MULT("MULTIPLY"), .USE_SIMD("ONE48")) u_dsp (
                                                        ^
designs/mixed_64.sv:27:57: warning: output port 'MULTSIGNOUT' has no connection [-Wunconnected-output-port]
             .USE_MULT("MULTIPLY"), .USE_SIMD("ONE48")) u_dsp (
                                                        ^
designs/mixed_64.sv:27:57: warning: output port 'OVERFLOW' has no connection [-Wunconnected-output-port]
             .USE_MULT("MULTIPLY"), .USE_SIMD("ONE48")) u_dsp (
                                                        ^
designs/mixed_64.sv:27:57: warning: output port 'PATTERNBDETECT' has no connection [-Wunconnected-output-port]
             .USE_MULT("MULTIPLY"), .USE_SIMD("ONE48")) u_dsp (
                                                        ^
designs/mixed_64.sv:27:57: warning: output port 'PATTERNDETECT' has no connection [-Wunconnected-output-port]
             .USE_MULT("MULTIPLY"), .USE_SIMD("ONE48")) u_dsp (
                                                        ^
designs/mixed_64.sv:27:57: warning: output port 'PCOUT' has no connection [-Wunconnected-output-port]
             .USE_MULT("MULTIPLY"), .USE_SIMD("ONE48")) u_dsp (
                                                        ^
designs/mixed_64.sv:27:57: warning: output port 'UNDERFLOW' has no connection [-Wunconnected-output-port]
             .USE_MULT("MULTIPLY"), .USE_SIMD("ONE48")) u_dsp (
                                                        ^
designs/mixed_64.sv:27:57: warning: output port 'XOROUT' has no connection [-Wunconnected-output-port]
             .USE_MULT("MULTIPLY"), .USE_SIMD("ONE48")) u_dsp (
                                                        ^
designs/mixed_64.sv:27:57: warning: output port 'ACOUT' has no connection [-Wunconnected-output-port]
             .USE_MULT("MULTIPLY"), .USE_SIMD("ONE48")) u_dsp (
                                                        ^
designs/mixed_64.sv:27:57: warning: output port 'BCOUT' has no connection [-Wunconnected-output-port]
             .USE_MULT("MULTIPLY"), .USE_SIMD("ONE48")) u_dsp (
                                                        ^
designs/mixed_64.sv:27:57: warning: output port 'CARRYCASCOUT' has no connection [-Wunconnected-output-port]
             .USE_MULT("MULTIPLY"), .USE_SIMD("ONE48")) u_dsp (
                                                        ^
designs/mixed_64.sv:27:57: warning: output port 'CARRYOUT' has no connection [-Wunconnected-output-port]
             .USE_MULT("MULTIPLY"), .USE_SIMD("ONE48")) u_dsp (
                                                        ^
designs/mixed_64.sv:27:57: warning: output port 'MULTSIGNOUT' has no connection [-Wunconnected-output-port]
             .USE_MULT("MULTIPLY"), .USE_SIMD("ONE48")) u_dsp (
                                                        ^
designs/mixed_64.sv:27:57: warning: output port 'OVERFLOW' has no connection [-Wunconnected-output-port]
             .USE_MULT("MULTIPLY"), .USE_SIMD("ONE48")) u_dsp (
                                                        ^
designs/mixed_64.sv:27:57: warning: output port 'PATTERNBDETECT' has no connection [-Wunconnected-output-port]
             .USE_MULT("MULTIPLY"), .USE_SIMD("ONE48")) u_dsp (
                                                        ^
designs/mixed_64.sv:27:57: warning: output port 'PATTERNDETECT' has no connection [-Wunconnected-output-port]
             .USE_MULT("MULTIPLY"), .USE_SIMD("ONE48")) u_dsp (
                                                        ^
designs/mixed_64.sv:27:57: warning: output port 'PCOUT' has no connection [-Wunconnected-output-port]
             .USE_MULT("MULTIPLY"), .USE_SIMD("ONE48")) u_dsp (
                                                        ^
designs/mixed_64.sv:27:57: warning: output port 'UNDERFLOW' has no connection [-Wunconnected-output-port]
             .USE_MULT("MULTIPLY"), .USE_SIMD("ONE48")) u_dsp (
                                                        ^
designs/mixed_64.sv:27:57: warning: output port 'XOROUT' has no connection [-Wunconnected-output-port]
             .USE_MULT("MULTIPLY"), .USE_SIMD("ONE48")) u_dsp (
                                                        ^
designs/mixed_64.sv:27:57: warning: output port 'ACOUT' has no connection [-Wunconnected-output-port]
             .USE_MULT("MULTIPLY"), .USE_SIMD("ONE48")) u_dsp (
                                                        ^
designs/mixed_64.sv:27:57: warning: output port 'BCOUT' has no connection [-Wunconnected-output-port]
             .USE_MULT("MULTIPLY"), .USE_SIMD("ONE48")) u_dsp (
                                                        ^
designs/mixed_64.sv:27:57: warning: output port 'CARRYCASCOUT' has no connection [-Wunconnected-output-port]
             .USE_MULT("MULTIPLY"), .USE_SIMD("ONE48")) u_dsp (
                                                        ^
designs/mixed_64.sv:27:57: warning: output port 'CARRYOUT' has no connection [-Wunconnected-output-port]
             .USE_MULT("MULTIPLY"), .USE_SIMD("ONE48")) u_dsp (
                                                        ^
designs/mixed_64.sv:27:57: warning: output port 'MULTSIGNOUT' has no connection [-Wunconnected-output-port]
             .USE_MULT("MULTIPLY"), .USE_SIMD("ONE48")) u_dsp (
                                                        ^
designs/mixed_64.sv:27:57: warning: output port 'OVERFLOW' has no connection [-Wunconnected-output-port]
             .USE_MULT("MULTIPLY"), .USE_SIMD("ONE48")) u_dsp (
                                                        ^
designs/mixed_64.sv:27:57: warning: output port 'PATTERNBDETECT' has no connection [-Wunconnected-output-port]
             .USE_MULT("MULTIPLY"), .USE_SIMD("ONE48")) u_dsp (
                                                        ^
designs/mixed_64.sv:27:57: warning: output port 'PATTERNDETECT' has no connection [-Wunconnected-output-port]
             .USE_MULT("MULTIPLY"), .USE_SIMD("ONE48")) u_dsp (
                                                        ^
designs/mixed_64.sv:27:57: warning: output port 'PCOUT' has no connection [-Wunconnected-output-port]
             .USE_MULT("MULTIPLY"), .USE_SIMD("ONE48")) u_dsp (
                                                        ^
designs/mixed_64.sv:27:57: warning: output port 'UNDERFLOW' has no connection [-Wunconnected-output-port]
             .USE_MULT("MULTIPLY"), .USE_SIMD("ONE48")) u_dsp (
                                                        ^
designs/mixed_64.sv:27:57: warning: output port 'XOROUT' has no connection [-Wunconnected-output-port]
             .USE_MULT("MULTIPLY"), .USE_SIMD("ONE48")) u_dsp (
                                                        ^
designs/mixed_64.sv:27:57: warning: output port 'ACOUT' has no connection [-Wunconnected-output-port]
             .USE_MULT("MULTIPLY"), .USE_SIMD("ONE48")) u_dsp (
                                                        ^
designs/mixed_64.sv:27:57: warning: output port 'BCOUT' has no connection [-Wunconnected-output-port]
             .USE_MULT("MULTIPLY"), .USE_SIMD("ONE48")) u_dsp (
                                                        ^
designs/mixed_64.sv:27:57: warning: output port 'CARRYCASCOUT' has no connection [-Wunconnected-output-port]
             .USE_MULT("MULTIPLY"), .USE_SIMD("ONE48")) u_dsp (
                                                        ^
designs/mixed_64.sv:27:57: warning: output port 'CARRYOUT' has no connection [-Wunconnected-output-port]
             .USE_MULT("MULTIPLY"), .USE_SIMD("ONE48")) u_dsp (
                                                        ^
designs/mixed_64.sv:27:57: warning: output port 'MULTSIGNOUT' has no connection [-Wunconnected-output-port]
             .USE_MULT("MULTIPLY"), .USE_SIMD("ONE48")) u_dsp (
                                                        ^
designs/mixed_64.sv:27:57: warning: output port 'OVERFLOW' has no connection [-Wunconnected-output-port]
             .USE_MULT("MULTIPLY"), .USE_SIMD("ONE48")) u_dsp (
                                                        ^
designs/mixed_64.sv:27:57: warning: output port 'PATTERNBDETECT' has no connection [-Wunconnected-output-port]
             .USE_MULT("MULTIPLY"), .USE_SIMD("ONE48")) u_dsp (
                                                        ^
designs/mixed_64.sv:27:57: warning: output port 'PATTERNDETECT' has no connection [-Wunconnected-output-port]
             .USE_MULT("MULTIPLY"), .USE_SIMD("ONE48")) u_dsp (
                                                        ^
designs/mixed_64.sv:27:57: warning: output port 'PCOUT' has no connection [-Wunconnected-output-port]
             .USE_MULT("MULTIPLY"), .USE_SIMD("ONE48")) u_dsp (
                                                        ^
designs/mixed_64.sv:27:57: warning: output port 'UNDERFLOW' has no connection [-Wunconnected-output-port]
             .USE_MULT("MULTIPLY"), .USE_SIMD("ONE48")) u_dsp (
                                                        ^
designs/mixed_64.sv:27:57: warning: output port 'XOROUT' has no connection [-Wunconnected-output-port]
             .USE_MULT("MULTIPLY"), .USE_SIMD("ONE48")) u_dsp (
                                                        ^
designs/mixed_64.sv:27:57: warning: output port 'ACOUT' has no connection [-Wunconnected-output-port]
             .USE_MULT("MULTIPLY"), .USE_SIMD("ONE48")) u_dsp (
                                                        ^
designs/mixed_64.sv:27:57: warning: output port 'BCOUT' has no connection [-Wunconnected-output-port]
             .USE_MULT("MULTIPLY"), .USE_SIMD("ONE48")) u_dsp (
                                                        ^
designs/mixed_64.sv:27:57: warning: output port 'CARRYCASCOUT' has no connection [-Wunconnected-output-port]
             .USE_MULT("MULTIPLY"), .USE_SIMD("ONE48")) u_dsp (
                                                        ^
designs/mixed_64.sv:27:57: warning: output port 'CARRYOUT' has no connection [-Wunconnected-output-port]
             .USE_MULT("MULTIPLY"), .USE_SIMD("ONE48")) u_dsp (
                                                        ^
designs/mixed_64.sv:27:57: warning: output port 'MULTSIGNOUT' has no connection [-Wunconnected-output-port]
             .USE_MULT("MULTIPLY"), .USE_SIMD("ONE48")) u_dsp (
                                                        ^
designs/mixed_64.sv:27:57: warning: output port 'OVERFLOW' has no connection [-Wunconnected-output-port]
             .USE_MULT("MULTIPLY"), .USE_SIMD("ONE48")) u_dsp (
                                                        ^
designs/mixed_64.sv:27:57: warning: output port 'PATTERNBDETECT' has no connection [-Wunconnected-output-port]
             .USE_MULT("MULTIPLY"), .USE_SIMD("ONE48")) u_dsp (
                                                        ^
designs/mixed_64.sv:27:57: warning: output port 'PATTERNDETECT' has no connection [-Wunconnected-output-port]
             .USE_MULT("MULTIPLY"), .USE_SIMD("ONE48")) u_dsp (
                                                        ^
designs/mixed_64.sv:27:57: warning: output port 'PCOUT' has no connection [-Wunconnected-output-port]
             .USE_MULT("MULTIPLY"), .USE_SIMD("ONE48")) u_dsp (
                                                        ^
designs/mixed_64.sv:27:57: warning: output port 'UNDERFLOW' has no connection [-Wunconnected-output-port]
             .USE_MULT("MULTIPLY"), .USE_SIMD("ONE48")) u_dsp (
                                                        ^
designs/mixed_64.sv:27:57: warning: output port 'XOROUT' has no connection [-Wunconnected-output-port]
             .USE_MULT("MULTIPLY"), .USE_SIMD("ONE48")) u_dsp (
                                                        ^
designs/mixed_64.sv:27:57: warning: output port 'ACOUT' has no connection [-Wunconnected-output-port]
             .USE_MULT("MULTIPLY"), .USE_SIMD("ONE48")) u_dsp (
                                                        ^
designs/mixed_64.sv:27:57: warning: output port 'BCOUT' has no connection [-Wunconnected-output-port]
             .USE_MULT("MULTIPLY"), .USE_SIMD("ONE48")) u_dsp (
                                                        ^
designs/mixed_64.sv:27:57: warning: output port 'CARRYCASCOUT' has no connection [-Wunconnected-output-port]
             .USE_MULT("MULTIPLY"), .USE_SIMD("ONE48")) u_dsp (
                                                        ^
designs/mixed_64.sv:27:57: warning: output port 'CARRYOUT' has no connection [-Wunconnected-output-port]
             .USE_MULT("MULTIPLY"), .USE_SIMD("ONE48")) u_dsp (
                                                        ^
designs/mixed_64.sv:27:57: warning: output port 'MULTSIGNOUT' has no connection [-Wunconnected-output-port]
             .USE_MULT("MULTIPLY"), .USE_SIMD("ONE48")) u_dsp (
                                                        ^
designs/mixed_64.sv:27:57: warning: output port 'OVERFLOW' has no connection [-Wunconnected-output-port]
             .USE_MULT("MULTIPLY"), .USE_SIMD("ONE48")) u_dsp (
                                                        ^
designs/mixed_64.sv:27:57: warning: output port 'PATTERNBDETECT' has no connection [-Wunconnected-output-port]
             .USE_MULT("MULTIPLY"), .USE_SIMD("ONE48")) u_dsp (
                                                        ^
designs/mixed_64.sv:27:57: warning: output port 'PATTERNDETECT' has no connection [-Wunconnected-output-port]
             .USE_MULT("MULTIPLY"), .USE_SIMD("ONE48")) u_dsp (
                                                        ^
designs/mixed_64.sv:27:57: warning: output port 'PCOUT' has no connection [-Wunconnected-output-port]
             .USE_MULT("MULTIPLY"), .USE_SIMD("ONE48")) u_dsp (
                                                        ^
designs/mixed_64.sv:27:57: warning: output port 'UNDERFLOW' has no connection [-Wunconnected-output-port]
             .USE_MULT("MULTIPLY"), .USE_SIMD("ONE48")) u_dsp (
                                                        ^
designs/mixed_64.sv:27:57: warning: output port 'XOROUT' has no connection [-Wunconnected-output-port]
             .USE_MULT("MULTIPLY"), .USE_SIMD("ONE48")) u_dsp (
                                                        ^
designs/mixed_64.sv:27:57: warning: output port 'ACOUT' has no connection [-Wunconnected-output-port]
             .USE_MULT("MULTIPLY"), .USE_SIMD("ONE48")) u_dsp (
                                                        ^
designs/mixed_64.sv:27:57: warning: output port 'BCOUT' has no connection [-Wunconnected-output-port]
             .USE_MULT("MULTIPLY"), .USE_SIMD("ONE48")) u_dsp (
                                                        ^
designs/mixed_64.sv:27:57: warning: output port 'CARRYCASCOUT' has no connection [-Wunconnected-output-port]
             .USE_MULT("MULTIPLY"), .USE_SIMD("ONE48")) u_dsp (
                                                        ^
designs/mixed_64.sv:27:57: warning: output port 'CARRYOUT' has no connection [-Wunconnected-output-port]
             .USE_MULT("MULTIPLY"), .USE_SIMD("ONE48")) u_dsp (
                                                        ^
designs/mixed_64.sv:27:57: warning: output port 'MULTSIGNOUT' has no connection [-Wunconnected-output-port]
             .USE_MULT("MULTIPLY"), .USE_SIMD("ONE48")) u_dsp (
                                                        ^
designs/mixed_64.sv:27:57: warning: output port 'OVERFLOW' has no connection [-Wunconnected-output-port]
             .USE_MULT("MULTIPLY"), .USE_SIMD("ONE48")) u_dsp (
                                                        ^
designs/mixed_64.sv:27:57: warning: output port 'PATTERNBDETECT' has no connection [-Wunconnected-output-port]
             .USE_MULT("MULTIPLY"), .USE_SIMD("ONE48")) u_dsp (
                                                        ^
designs/mixed_64.sv:27:57: warning: output port 'PATTERNDETECT' has no connection [-Wunconnected-output-port]
             .USE_MULT("MULTIPLY"), .USE_SIMD("ONE48")) u_dsp (
                                                        ^
designs/mixed_64.sv:27:57: warning: output port 'PCOUT' has no connection [-Wunconnected-output-port]
             .USE_MULT("MULTIPLY"), .USE_SIMD("ONE48")) u_dsp (
                                                        ^
designs/mixed_64.sv:27:57: warning: output port 'UNDERFLOW' has no connection [-Wunconnected-output-port]
             .USE_MULT("MULTIPLY"), .USE_SIMD("ONE48")) u_dsp (
                                                        ^
designs/mixed_64.sv:27:57: warning: output port 'XOROUT' has no connection [-Wunconnected-output-port]
             .USE_MULT("MULTIPLY"), .USE_SIMD("ONE48")) u_dsp (
                                                        ^
designs/mixed_64.sv:27:57: warning: output port 'ACOUT' has no connection [-Wunconnected-output-port]
             .USE_MULT("MULTIPLY"), .USE_SIMD("ONE48")) u_dsp (
                                                        ^
designs/mixed_64.sv:27:57: warning: output port 'BCOUT' has no connection [-Wunconnected-output-port]
             .USE_MULT("MULTIPLY"), .USE_SIMD("ONE48")) u_dsp (
                                                        ^
designs/mixed_64.sv:27:57: warning: output port 'CARRYCASCOUT' has no connection [-Wunconnected-output-port]
             .USE_MULT("MULTIPLY"), .USE_SIMD("ONE48")) u_dsp (
                                                        ^
designs/mixed_64.sv:27:57: warning: output port 'CARRYOUT' has no connection [-Wunconnected-output-port]
             .USE_MULT("MULTIPLY"), .USE_SIMD("ONE48")) u_dsp (
                                                        ^
designs/mixed_64.sv:27:57: warning: output port 'MULTSIGNOUT' has no connection [-Wunconnected-output-port]
             .USE_MULT("MULTIPLY"), .USE_SIMD("ONE48")) u_dsp (
                                                        ^
designs/mixed_64.sv:27:57: warning: output port 'OVERFLOW' has no connection [-Wunconnected-output-port]
             .USE_MULT("MULTIPLY"), .USE_SIMD("ONE48")) u_dsp (
                                                        ^
designs/mixed_64.sv:27:57: warning: output port 'PATTERNBDETECT' has no connection [-Wunconnected-output-port]
             .USE_MULT("MULTIPLY"), .USE_SIMD("ONE48")) u_dsp (
                                                        ^
designs/mixed_64.sv:27:57: warning: output port 'PATTERNDETECT' has no connection [-Wunconnected-output-port]
             .USE_MULT("MULTIPLY"), .USE_SIMD("ONE48")) u_dsp (
                                                        ^
designs/mixed_64.sv:27:57: warning: output port 'PCOUT' has no connection [-Wunconnected-output-port]
             .USE_MULT("MULTIPLY"), .USE_SIMD("ONE48")) u_dsp (
                                                        ^
designs/mixed_64.sv:27:57: warning: output port 'UNDERFLOW' has no connection [-Wunconnected-output-port]
             .USE_MULT("MULTIPLY"), .USE_SIMD("ONE48")) u_dsp (
                                                        ^
designs/mixed_64.sv:27:57: warning: output port 'XOROUT' has no connection [-Wunconnected-output-port]
             .USE_MULT("MULTIPLY"), .USE_SIMD("ONE48")) u_dsp (
                                                        ^
designs/mixed_64.sv:27:57: warning: output port 'ACOUT' has no connection [-Wunconnected-output-port]
             .USE_MULT("MULTIPLY"), .USE_SIMD("ONE48")) u_dsp (
                                                        ^
designs/mixed_64.sv:27:57: warning: output port 'BCOUT' has no connection [-Wunconnected-output-port]
             .USE_MULT("MULTIPLY"), .USE_SIMD("ONE48")) u_dsp (
                                                        ^
designs/mixed_64.sv:27:57: warning: output port 'CARRYCASCOUT' has no connection [-Wunconnected-output-port]
             .USE_MULT("MULTIPLY"), .USE_SIMD("ONE48")) u_dsp (
                                                        ^
designs/mixed_64.sv:27:57: warning: output port 'CARRYOUT' has no connection [-Wunconnected-output-port]
             .USE_MULT("MULTIPLY"), .USE_SIMD("ONE48")) u_dsp (
                                                        ^
designs/mixed_64.sv:27:57: warning: output port 'MULTSIGNOUT' has no connection [-Wunconnected-output-port]
             .USE_MULT("MULTIPLY"), .USE_SIMD("ONE48")) u_dsp (
                                                        ^
designs/mixed_64.sv:27:57: warning: output port 'OVERFLOW' has no connection [-Wunconnected-output-port]
             .USE_MULT("MULTIPLY"), .USE_SIMD("ONE48")) u_dsp (
                                                        ^
designs/mixed_64.sv:27:57: warning: output port 'PATTERNBDETECT' has no connection [-Wunconnected-output-port]
             .USE_MULT("MULTIPLY"), .USE_SIMD("ONE48")) u_dsp (
                                                        ^
designs/mixed_64.sv:27:57: warning: output port 'PATTERNDETECT' has no connection [-Wunconnected-output-port]
             .USE_MULT("MULTIPLY"), .USE_SIMD("ONE48")) u_dsp (
                                                        ^
designs/mixed_64.sv:27:57: warning: output port 'PCOUT' has no connection [-Wunconnected-output-port]
             .USE_MULT("MULTIPLY"), .USE_SIMD("ONE48")) u_dsp (
                                                        ^
designs/mixed_64.sv:27:57: warning: output port 'UNDERFLOW' has no connection [-Wunconnected-output-port]
             .USE_MULT("MULTIPLY"), .USE_SIMD("ONE48")) u_dsp (
                                                        ^
designs/mixed_64.sv:27:57: warning: output port 'XOROUT' has no connection [-Wunconnected-output-port]
             .USE_MULT("MULTIPLY"), .USE_SIMD("ONE48")) u_dsp (
                                                        ^
designs/mixed_64.sv:27:57: warning: output port 'ACOUT' has no connection [-Wunconnected-output-port]
             .USE_MULT("MULTIPLY"), .USE_SIMD("ONE48")) u_dsp (
                                                        ^
designs/mixed_64.sv:27:57: warning: output port 'BCOUT' has no connection [-Wunconnected-output-port]
             .USE_MULT("MULTIPLY"), .USE_SIMD("ONE48")) u_dsp (
                                                        ^
designs/mixed_64.sv:27:57: warning: output port 'CARRYCASCOUT' has no connection [-Wunconnected-output-port]
             .USE_MULT("MULTIPLY"), .USE_SIMD("ONE48")) u_dsp (
                                                        ^
designs/mixed_64.sv:27:57: warning: output port 'CARRYOUT' has no connection [-Wunconnected-output-port]
             .USE_MULT("MULTIPLY"), .USE_SIMD("ONE48")) u_dsp (
                                                        ^
designs/mixed_64.sv:27:57: warning: output port 'MULTSIGNOUT' has no connection [-Wunconnected-output-port]
             .USE_MULT("MULTIPLY"), .USE_SIMD("ONE48")) u_dsp (
                                                        ^
designs/mixed_64.sv:27:57: warning: output port 'OVERFLOW' has no connection [-Wunconnected-output-port]
             .USE_MULT("MULTIPLY"), .USE_SIMD("ONE48")) u_dsp (
                                                        ^
designs/mixed_64.sv:27:57: warning: output port 'PATTERNBDETECT' has no connection [-Wunconnected-output-port]
             .USE_MULT("MULTIPLY"), .USE_SIMD("ONE48")) u_dsp (
                                                        ^
designs/mixed_64.sv:27:57: warning: output port 'PATTERNDETECT' has no connection [-Wunconnected-output-port]
             .USE_MULT("MULTIPLY"), .USE_SIMD("ONE48")) u_dsp (
                                                        ^
designs/mixed_64.sv:27:57: warning: output port 'PCOUT' has no connection [-Wunconnected-output-port]
             .USE_MULT("MULTIPLY"), .USE_SIMD("ONE48")) u_dsp (
                                                        ^
designs/mixed_64.sv:27:57: warning: output port 'UNDERFLOW' has no connection [-Wunconnected-output-port]
             .USE_MULT("MULTIPLY"), .USE_SIMD("ONE48")) u_dsp (
                                                        ^
designs/mixed_64.sv:27:57: warning: output port 'XOROUT' has no connection [-Wunconnected-output-port]
             .USE_MULT("MULTIPLY"), .USE_SIMD("ONE48")) u_dsp (
                                                        ^
designs/mixed_64.sv:27:57: warning: output port 'ACOUT' has no connection [-Wunconnected-output-port]
             .USE_MULT("MULTIPLY"), .USE_SIMD("ONE48")) u_dsp (
                                                        ^
designs/mixed_64.sv:27:57: warning: output port 'BCOUT' has no connection [-Wunconnected-output-port]
             .USE_MULT("MULTIPLY"), .USE_SIMD("ONE48")) u_dsp (
                                                        ^
designs/mixed_64.sv:27:57: warning: output port 'CARRYCASCOUT' has no connection [-Wunconnected-output-port]
             .USE_MULT("MULTIPLY"), .USE_SIMD("ONE48")) u_dsp (
                                                        ^
designs/mixed_64.sv:27:57: warning: output port 'CARRYOUT' has no connection [-Wunconnected-output-port]
             .USE_MULT("MULTIPLY"), .USE_SIMD("ONE48")) u_dsp (
                                                        ^
designs/mixed_64.sv:27:57: warning: output port 'MULTSIGNOUT' has no connection [-Wunconnected-output-port]
             .USE_MULT("MULTIPLY"), .USE_SIMD("ONE48")) u_dsp (
                                                        ^
designs/mixed_64.sv:27:57: warning: output port 'OVERFLOW' has no connection [-Wunconnected-output-port]
             .USE_MULT("MULTIPLY"), .USE_SIMD("ONE48")) u_dsp (
                                                        ^
designs/mixed_64.sv:27:57: warning: output port 'PATTERNBDETECT' has no connection [-Wunconnected-output-port]
             .USE_MULT("MULTIPLY"), .USE_SIMD("ONE48")) u_dsp (
                                                        ^
designs/mixed_64.sv:27:57: warning: output port 'PATTERNDETECT' has no connection [-Wunconnected-output-port]
             .USE_MULT("MULTIPLY"), .USE_SIMD("ONE48")) u_dsp (
                                                        ^
designs/mixed_64.sv:27:57: warning: output port 'PCOUT' has no connection [-Wunconnected-output-port]
             .USE_MULT("MULTIPLY"), .USE_SIMD("ONE48")) u_dsp (
                                                        ^
designs/mixed_64.sv:27:57: warning: output port 'UNDERFLOW' has no connection [-Wunconnected-output-port]
             .USE_MULT("MULTIPLY"), .USE_SIMD("ONE48")) u_dsp (
                                                        ^
designs/mixed_64.sv:27:57: warning: output port 'XOROUT' has no connection [-Wunconnected-output-port]
             .USE_MULT("MULTIPLY"), .USE_SIMD("ONE48")) u_dsp (
                                                        ^
designs/mixed_64.sv:27:57: warning: output port 'ACOUT' has no connection [-Wunconnected-output-port]
             .USE_MULT("MULTIPLY"), .USE_SIMD("ONE48")) u_dsp (
                                                        ^
designs/mixed_64.sv:27:57: warning: output port 'BCOUT' has no connection [-Wunconnected-output-port]
             .USE_MULT("MULTIPLY"), .USE_SIMD("ONE48")) u_dsp (
                                                        ^
designs/mixed_64.sv:27:57: warning: output port 'CARRYCASCOUT' has no connection [-Wunconnected-output-port]
             .USE_MULT("MULTIPLY"), .USE_SIMD("ONE48")) u_dsp (
                                                        ^
designs/mixed_64.sv:27:57: warning: output port 'CARRYOUT' has no connection [-Wunconnected-output-port]
             .USE_MULT("MULTIPLY"), .USE_SIMD("ONE48")) u_dsp (
                                                        ^
designs/mixed_64.sv:27:57: warning: output port 'MULTSIGNOUT' has no connection [-Wunconnected-output-port]
             .USE_MULT("MULTIPLY"), .USE_SIMD("ONE48")) u_dsp (
                                                        ^
designs/mixed_64.sv:27:57: warning: output port 'OVERFLOW' has no connection [-Wunconnected-output-port]
             .USE_MULT("MULTIPLY"), .USE_SIMD("ONE48")) u_dsp (
                                                        ^
designs/mixed_64.sv:27:57: warning: output port 'PATTERNBDETECT' has no connection [-Wunconnected-output-port]
             .USE_MULT("MULTIPLY"), .USE_SIMD("ONE48")) u_dsp (
                                                        ^
designs/mixed_64.sv:27:57: warning: output port 'PATTERNDETECT' has no connection [-Wunconnected-output-port]
             .USE_MULT("MULTIPLY"), .USE_SIMD("ONE48")) u_dsp (
                                                        ^
designs/mixed_64.sv:27:57: warning: output port 'PCOUT' has no connection [-Wunconnected-output-port]
             .USE_MULT("MULTIPLY"), .USE_SIMD("ONE48")) u_dsp (
                                                        ^
designs/mixed_64.sv:27:57: warning: output port 'UNDERFLOW' has no connection [-Wunconnected-output-port]
             .USE_MULT("MULTIPLY"), .USE_SIMD("ONE48")) u_dsp (
                                                        ^
designs/mixed_64.sv:27:57: warning: output port 'XOROUT' has no connection [-Wunconnected-output-port]
             .USE_MULT("MULTIPLY"), .USE_SIMD("ONE48")) u_dsp (
                                                        ^
designs/mixed_64.sv:27:57: warning: output port 'ACOUT' has no connection [-Wunconnected-output-port]
             .USE_MULT("MULTIPLY"), .USE_SIMD("ONE48")) u_dsp (
                                                        ^
designs/mixed_64.sv:27:57: warning: output port 'BCOUT' has no connection [-Wunconnected-output-port]
             .USE_MULT("MULTIPLY"), .USE_SIMD("ONE48")) u_dsp (
                                                        ^
designs/mixed_64.sv:27:57: warning: output port 'CARRYCASCOUT' has no connection [-Wunconnected-output-port]
             .USE_MULT("MULTIPLY"), .USE_SIMD("ONE48")) u_dsp (
                                                        ^
designs/mixed_64.sv:27:57: warning: output port 'CARRYOUT' has no connection [-Wunconnected-output-port]
             .USE_MULT("MULTIPLY"), .USE_SIMD("ONE48")) u_dsp (
                                                        ^
designs/mixed_64.sv:27:57: warning: output port 'MULTSIGNOUT' has no connection [-Wunconnected-output-port]
             .USE_MULT("MULTIPLY"), .USE_SIMD("ONE48")) u_dsp (
                                                        ^
designs/mixed_64.sv:27:57: warning: output port 'OVERFLOW' has no connection [-Wunconnected-output-port]
             .USE_MULT("MULTIPLY"), .USE_SIMD("ONE48")) u_dsp (
                                                        ^
designs/mixed_64.sv:27:57: warning: output port 'PATTERNBDETECT' has no connection [-Wunconnected-output-port]
             .USE_MULT("MULTIPLY"), .USE_SIMD("ONE48")) u_dsp (
                                                        ^
designs/mixed_64.sv:27:57: warning: output port 'PATTERNDETECT' has no connection [-Wunconnected-output-port]
             .USE_MULT("MULTIPLY"), .USE_SIMD("ONE48")) u_dsp (
                                                        ^
designs/mixed_64.sv:27:57: warning: output port 'PCOUT' has no connection [-Wunconnected-output-port]
             .USE_MULT("MULTIPLY"), .USE_SIMD("ONE48")) u_dsp (
                                                        ^
designs/mixed_64.sv:27:57: warning: output port 'UNDERFLOW' has no connection [-Wunconnected-output-port]
             .USE_MULT("MULTIPLY"), .USE_SIMD("ONE48")) u_dsp (
                                                        ^
designs/mixed_64.sv:27:57: warning: output port 'XOROUT' has no connection [-Wunconnected-output-port]
             .USE_MULT("MULTIPLY"), .USE_SIMD("ONE48")) u_dsp (
                                                        ^
designs/mixed_64.sv:27:57: warning: output port 'ACOUT' has no connection [-Wunconnected-output-port]
             .USE_MULT("MULTIPLY"), .USE_SIMD("ONE48")) u_dsp (
                                                        ^
designs/mixed_64.sv:27:57: warning: output port 'BCOUT' has no connection [-Wunconnected-output-port]
             .USE_MULT("MULTIPLY"), .USE_SIMD("ONE48")) u_dsp (
                                                        ^
designs/mixed_64.sv:27:57: warning: output port 'CARRYCASCOUT' has no connection [-Wunconnected-output-port]
             .USE_MULT("MULTIPLY"), .USE_SIMD("ONE48")) u_dsp (
                                                        ^
designs/mixed_64.sv:27:57: warning: output port 'CARRYOUT' has no connection [-Wunconnected-output-port]
             .USE_MULT("MULTIPLY"), .USE_SIMD("ONE48")) u_dsp (
                                                        ^
designs/mixed_64.sv:27:57: warning: output port 'MULTSIGNOUT' has no connection [-Wunconnected-output-port]
             .USE_MULT("MULTIPLY"), .USE_SIMD("ONE48")) u_dsp (
                                                        ^
designs/mixed_64.sv:27:57: warning: output port 'OVERFLOW' has no connection [-Wunconnected-output-port]
             .USE_MULT("MULTIPLY"), .USE_SIMD("ONE48")) u_dsp (
                                                        ^
designs/mixed_64.sv:27:57: warning: output port 'PATTERNBDETECT' has no connection [-Wunconnected-output-port]
             .USE_MULT("MULTIPLY"), .USE_SIMD("ONE48")) u_dsp (
                                                        ^
designs/mixed_64.sv:27:57: warning: output port 'PATTERNDETECT' has no connection [-Wunconnected-output-port]
             .USE_MULT("MULTIPLY"), .USE_SIMD("ONE48")) u_dsp (
                                                        ^
designs/mixed_64.sv:27:57: warning: output port 'PCOUT' has no connection [-Wunconnected-output-port]
             .USE_MULT("MULTIPLY"), .USE_SIMD("ONE48")) u_dsp (
                                                        ^
designs/mixed_64.sv:27:57: warning: output port 'UNDERFLOW' has no connection [-Wunconnected-output-port]
             .USE_MULT("MULTIPLY"), .USE_SIMD("ONE48")) u_dsp (
                                                        ^
designs/mixed_64.sv:27:57: warning: output port 'XOROUT' has no connection [-Wunconnected-output-port]
             .USE_MULT("MULTIPLY"), .USE_SIMD("ONE48")) u_dsp (
                                                        ^
designs/mixed_64.sv:27:57: warning: output port 'ACOUT' has no connection [-Wunconnected-output-port]
             .USE_MULT("MULTIPLY"), .USE_SIMD("ONE48")) u_dsp (
                                                        ^
designs/mixed_64.sv:27:57: warning: output port 'BCOUT' has no connection [-Wunconnected-output-port]
             .USE_MULT("MULTIPLY"), .USE_SIMD("ONE48")) u_dsp (
                                                        ^
designs/mixed_64.sv:27:57: warning: output port 'CARRYCASCOUT' has no connection [-Wunconnected-output-port]
             .USE_MULT("MULTIPLY"), .USE_SIMD("ONE48")) u_dsp (
                                                        ^
designs/mixed_64.sv:27:57: warning: output port 'CARRYOUT' has no connection [-Wunconnected-output-port]
             .USE_MULT("MULTIPLY"), .USE_SIMD("ONE48")) u_dsp (
                                                        ^
designs/mixed_64.sv:27:57: warning: output port 'MULTSIGNOUT' has no connection [-Wunconnected-output-port]
             .USE_MULT("MULTIPLY"), .USE_SIMD("ONE48")) u_dsp (
                                                        ^
designs/mixed_64.sv:27:57: warning: output port 'OVERFLOW' has no connection [-Wunconnected-output-port]
             .USE_MULT("MULTIPLY"), .USE_SIMD("ONE48")) u_dsp (
                                                        ^
designs/mixed_64.sv:27:57: warning: output port 'PATTERNBDETECT' has no connection [-Wunconnected-output-port]
             .USE_MULT("MULTIPLY"), .USE_SIMD("ONE48")) u_dsp (
                                                        ^
designs/mixed_64.sv:27:57: warning: output port 'PATTERNDETECT' has no connection [-Wunconnected-output-port]
             .USE_MULT("MULTIPLY"), .USE_SIMD("ONE48")) u_dsp (
                                                        ^
designs/mixed_64.sv:27:57: warning: output port 'PCOUT' has no connection [-Wunconnected-output-port]
             .USE_MULT("MULTIPLY"), .USE_SIMD("ONE48")) u_dsp (
                                                        ^
designs/mixed_64.sv:27:57: warning: output port 'UNDERFLOW' has no connection [-Wunconnected-output-port]
             .USE_MULT("MULTIPLY"), .USE_SIMD("ONE48")) u_dsp (
                                                        ^
designs/mixed_64.sv:27:57: warning: output port 'XOROUT' has no connection [-Wunconnected-output-port]
             .USE_MULT("MULTIPLY"), .USE_SIMD("ONE48")) u_dsp (
                                                        ^
designs/mixed_64.sv:27:57: warning: output port 'ACOUT' has no connection [-Wunconnected-output-port]
             .USE_MULT("MULTIPLY"), .USE_SIMD("ONE48")) u_dsp (
                                                        ^
designs/mixed_64.sv:27:57: warning: output port 'BCOUT' has no connection [-Wunconnected-output-port]
             .USE_MULT("MULTIPLY"), .USE_SIMD("ONE48")) u_dsp (
                                                        ^
designs/mixed_64.sv:27:57: warning: output port 'CARRYCASCOUT' has no connection [-Wunconnected-output-port]
             .USE_MULT("MULTIPLY"), .USE_SIMD("ONE48")) u_dsp (
                                                        ^
designs/mixed_64.sv:27:57: warning: output port 'CARRYOUT' has no connection [-Wunconnected-output-port]
             .USE_MULT("MULTIPLY"), .USE_SIMD("ONE48")) u_dsp (
                                                        ^
designs/mixed_64.sv:27:57: warning: output port 'MULTSIGNOUT' has no connection [-Wunconnected-output-port]
             .USE_MULT("MULTIPLY"), .USE_SIMD("ONE48")) u_dsp (
                                                        ^
designs/mixed_64.sv:27:57: warning: output port 'OVERFLOW' has no connection [-Wunconnected-output-port]
             .USE_MULT("MULTIPLY"), .USE_SIMD("ONE48")) u_dsp (
                                                        ^
designs/mixed_64.sv:27:57: warning: output port 'PATTERNBDETECT' has no connection [-Wunconnected-output-port]
             .USE_MULT("MULTIPLY"), .USE_SIMD("ONE48")) u_dsp (
                                                        ^
designs/mixed_64.sv:27:57: warning: output port 'PATTERNDETECT' has no connection [-Wunconnected-output-port]
             .USE_MULT("MULTIPLY"), .USE_SIMD("ONE48")) u_dsp (
                                                        ^
designs/mixed_64.sv:27:57: warning: output port 'PCOUT' has no connection [-Wunconnected-output-port]
             .USE_MULT("MULTIPLY"), .USE_SIMD("ONE48")) u_dsp (
                                                        ^
designs/mixed_64.sv:27:57: warning: output port 'UNDERFLOW' has no connection [-Wunconnected-output-port]
             .USE_MULT("MULTIPLY"), .USE_SIMD("ONE48")) u_dsp (
                                                        ^
designs/mixed_64.sv:27:57: warning: output port 'XOROUT' has no connection [-Wunconnected-output-port]
             .USE_MULT("MULTIPLY"), .USE_SIMD("ONE48")) u_dsp (
                                                        ^
designs/mixed_64.sv:27:57: warning: output port 'ACOUT' has no connection [-Wunconnected-output-port]
             .USE_MULT("MULTIPLY"), .USE_SIMD("ONE48")) u_dsp (
                                                        ^
designs/mixed_64.sv:27:57: warning: output port 'BCOUT' has no connection [-Wunconnected-output-port]
             .USE_MULT("MULTIPLY"), .USE_SIMD("ONE48")) u_dsp (
                                                        ^
designs/mixed_64.sv:27:57: warning: output port 'CARRYCASCOUT' has no connection [-Wunconnected-output-port]
             .USE_MULT("MULTIPLY"), .USE_SIMD("ONE48")) u_dsp (
                                                        ^
designs/mixed_64.sv:27:57: warning: output port 'CARRYOUT' has no connection [-Wunconnected-output-port]
             .USE_MULT("MULTIPLY"), .USE_SIMD("ONE48")) u_dsp (
                                                        ^
designs/mixed_64.sv:27:57: warning: output port 'MULTSIGNOUT' has no connection [-Wunconnected-output-port]
             .USE_MULT("MULTIPLY"), .USE_SIMD("ONE48")) u_dsp (
                                                        ^
designs/mixed_64.sv:27:57: warning: output port 'OVERFLOW' has no connection [-Wunconnected-output-port]
             .USE_MULT("MULTIPLY"), .USE_SIMD("ONE48")) u_dsp (
                                                        ^
designs/mixed_64.sv:27:57: warning: output port 'PATTERNBDETECT' has no connection [-Wunconnected-output-port]
             .USE_MULT("MULTIPLY"), .USE_SIMD("ONE48")) u_dsp (
                                                        ^
designs/mixed_64.sv:27:57: warning: output port 'PATTERNDETECT' has no connection [-Wunconnected-output-port]
             .USE_MULT("MULTIPLY"), .USE_SIMD("ONE48")) u_dsp (
                                                        ^
designs/mixed_64.sv:27:57: warning: output port 'PCOUT' has no connection [-Wunconnected-output-port]
             .USE_MULT("MULTIPLY"), .USE_SIMD("ONE48")) u_dsp (
                                                        ^
designs/mixed_64.sv:27:57: warning: output port 'UNDERFLOW' has no connection [-Wunconnected-output-port]
             .USE_MULT("MULTIPLY"), .USE_SIMD("ONE48")) u_dsp (
                                                        ^
designs/mixed_64.sv:27:57: warning: output port 'XOROUT' has no connection [-Wunconnected-output-port]
             .USE_MULT("MULTIPLY"), .USE_SIMD("ONE48")) u_dsp (
                                                        ^
designs/mixed_64.sv:27:57: warning: output port 'ACOUT' has no connection [-Wunconnected-output-port]
             .USE_MULT("MULTIPLY"), .USE_SIMD("ONE48")) u_dsp (
                                                        ^
designs/mixed_64.sv:27:57: warning: output port 'BCOUT' has no connection [-Wunconnected-output-port]
             .USE_MULT("MULTIPLY"), .USE_SIMD("ONE48")) u_dsp (
                                                        ^
designs/mixed_64.sv:27:57: warning: output port 'CARRYCASCOUT' has no connection [-Wunconnected-output-port]
             .USE_MULT("MULTIPLY"), .USE_SIMD("ONE48")) u_dsp (
                                                        ^
designs/mixed_64.sv:27:57: warning: output port 'CARRYOUT' has no connection [-Wunconnected-output-port]
             .USE_MULT("MULTIPLY"), .USE_SIMD("ONE48")) u_dsp (
                                                        ^
designs/mixed_64.sv:27:57: warning: output port 'MULTSIGNOUT' has no connection [-Wunconnected-output-port]
             .USE_MULT("MULTIPLY"), .USE_SIMD("ONE48")) u_dsp (
                                                        ^
designs/mixed_64.sv:27:57: warning: output port 'OVERFLOW' has no connection [-Wunconnected-output-port]
             .USE_MULT("MULTIPLY"), .USE_SIMD("ONE48")) u_dsp (
                                                        ^
designs/mixed_64.sv:27:57: warning: output port 'PATTERNBDETECT' has no connection [-Wunconnected-output-port]
             .USE_MULT("MULTIPLY"), .USE_SIMD("ONE48")) u_dsp (
                                                        ^
designs/mixed_64.sv:27:57: warning: output port 'PATTERNDETECT' has no connection [-Wunconnected-output-port]
             .USE_MULT("MULTIPLY"), .USE_SIMD("ONE48")) u_dsp (
                                                        ^
designs/mixed_64.sv:27:57: warning: output port 'PCOUT' has no connection [-Wunconnected-output-port]
             .USE_MULT("MULTIPLY"), .USE_SIMD("ONE48")) u_dsp (
                                                        ^
designs/mixed_64.sv:27:57: warning: output port 'UNDERFLOW' has no connection [-Wunconnected-output-port]
             .USE_MULT("MULTIPLY"), .USE_SIMD("ONE48")) u_dsp (
                                                        ^
designs/mixed_64.sv:27:57: warning: output port 'XOROUT' has no connection [-Wunconnected-output-port]
             .USE_MULT("MULTIPLY"), .USE_SIMD("ONE48")) u_dsp (
                                                        ^
designs/mixed_64.sv:27:57: warning: output port 'ACOUT' has no connection [-Wunconnected-output-port]
             .USE_MULT("MULTIPLY"), .USE_SIMD("ONE48")) u_dsp (
                                                        ^
designs/mixed_64.sv:27:57: warning: output port 'BCOUT' has no connection [-Wunconnected-output-port]
             .USE_MULT("MULTIPLY"), .USE_SIMD("ONE48")) u_dsp (
                                                        ^
designs/mixed_64.sv:27:57: warning: output port 'CARRYCASCOUT' has no connection [-Wunconnected-output-port]
             .USE_MULT("MULTIPLY"), .USE_SIMD("ONE48")) u_dsp (
                                                        ^
designs/mixed_64.sv:27:57: warning: output port 'CARRYOUT' has no connection [-Wunconnected-output-port]
             .USE_MULT("MULTIPLY"), .USE_SIMD("ONE48")) u_dsp (
                                                        ^
designs/mixed_64.sv:27:57: warning: output port 'MULTSIGNOUT' has no connection [-Wunconnected-output-port]
             .USE_MULT("MULTIPLY"), .USE_SIMD("ONE48")) u_dsp (
                                                        ^
designs/mixed_64.sv:27:57: warning: output port 'OVERFLOW' has no connection [-Wunconnected-output-port]
             .USE_MULT("MULTIPLY"), .USE_SIMD("ONE48")) u_dsp (
                                                        ^
designs/mixed_64.sv:27:57: warning: output port 'PATTERNBDETECT' has no connection [-Wunconnected-output-port]
             .USE_MULT("MULTIPLY"), .USE_SIMD("ONE48")) u_dsp (
                                                        ^
designs/mixed_64.sv:27:57: warning: output port 'PATTERNDETECT' has no connection [-Wunconnected-output-port]
             .USE_MULT("MULTIPLY"), .USE_SIMD("ONE48")) u_dsp (
                                                        ^
designs/mixed_64.sv:27:57: warning: output port 'PCOUT' has no connection [-Wunconnected-output-port]
             .USE_MULT("MULTIPLY"), .USE_SIMD("ONE48")) u_dsp (
                                                        ^
designs/mixed_64.sv:27:57: warning: output port 'UNDERFLOW' has no connection [-Wunconnected-output-port]
             .USE_MULT("MULTIPLY"), .USE_SIMD("ONE48")) u_dsp (
                                                        ^
designs/mixed_64.sv:27:57: warning: output port 'XOROUT' has no connection [-Wunconnected-output-port]
             .USE_MULT("MULTIPLY"), .USE_SIMD("ONE48")) u_dsp (
                                                        ^
designs/mixed_64.sv:27:57: warning: output port 'ACOUT' has no connection [-Wunconnected-output-port]
             .USE_MULT("MULTIPLY"), .USE_SIMD("ONE48")) u_dsp (
                                                        ^
designs/mixed_64.sv:27:57: warning: output port 'BCOUT' has no connection [-Wunconnected-output-port]
             .USE_MULT("MULTIPLY"), .USE_SIMD("ONE48")) u_dsp (
                                                        ^
designs/mixed_64.sv:27:57: warning: output port 'CARRYCASCOUT' has no connection [-Wunconnected-output-port]
             .USE_MULT("MULTIPLY"), .USE_SIMD("ONE48")) u_dsp (
                                                        ^
designs/mixed_64.sv:27:57: warning: output port 'CARRYOUT' has no connection [-Wunconnected-output-port]
             .USE_MULT("MULTIPLY"), .USE_SIMD("ONE48")) u_dsp (
                                                        ^
designs/mixed_64.sv:27:57: warning: output port 'MULTSIGNOUT' has no connection [-Wunconnected-output-port]
             .USE_MULT("MULTIPLY"), .USE_SIMD("ONE48")) u_dsp (
                                                        ^
designs/mixed_64.sv:27:57: warning: output port 'OVERFLOW' has no connection [-Wunconnected-output-port]
             .USE_MULT("MULTIPLY"), .USE_SIMD("ONE48")) u_dsp (
                                                        ^
designs/mixed_64.sv:27:57: warning: output port 'PATTERNBDETECT' has no connection [-Wunconnected-output-port]
             .USE_MULT("MULTIPLY"), .USE_SIMD("ONE48")) u_dsp (
                                                        ^
designs/mixed_64.sv:27:57: warning: output port 'PATTERNDETECT' has no connection [-Wunconnected-output-port]
             .USE_MULT("MULTIPLY"), .USE_SIMD("ONE48")) u_dsp (
                                                        ^
designs/mixed_64.sv:27:57: warning: output port 'PCOUT' has no connection [-Wunconnected-output-port]
             .USE_MULT("MULTIPLY"), .USE_SIMD("ONE48")) u_dsp (
                                                        ^
designs/mixed_64.sv:27:57: warning: output port 'UNDERFLOW' has no connection [-Wunconnected-output-port]
             .USE_MULT("MULTIPLY"), .USE_SIMD("ONE48")) u_dsp (
                                                        ^
designs/mixed_64.sv:27:57: warning: output port 'XOROUT' has no connection [-Wunconnected-output-port]
             .USE_MULT("MULTIPLY"), .USE_SIMD("ONE48")) u_dsp (
                                                        ^
designs/mixed_64.sv:27:57: warning: output port 'ACOUT' has no connection [-Wunconnected-output-port]
             .USE_MULT("MULTIPLY"), .USE_SIMD("ONE48")) u_dsp (
                                                        ^
designs/mixed_64.sv:27:57: warning: output port 'BCOUT' has no connection [-Wunconnected-output-port]
             .USE_MULT("MULTIPLY"), .USE_SIMD("ONE48")) u_dsp (
                                                        ^
designs/mixed_64.sv:27:57: warning: output port 'CARRYCASCOUT' has no connection [-Wunconnected-output-port]
             .USE_MULT("MULTIPLY"), .USE_SIMD("ONE48")) u_dsp (
                                                        ^
designs/mixed_64.sv:27:57: warning: output port 'CARRYOUT' has no connection [-Wunconnected-output-port]
             .USE_MULT("MULTIPLY"), .USE_SIMD("ONE48")) u_dsp (
                                                        ^
designs/mixed_64.sv:27:57: warning: output port 'MULTSIGNOUT' has no connection [-Wunconnected-output-port]
             .USE_MULT("MULTIPLY"), .USE_SIMD("ONE48")) u_dsp (
                                                        ^
designs/mixed_64.sv:27:57: warning: output port 'OVERFLOW' has no connection [-Wunconnected-output-port]
             .USE_MULT("MULTIPLY"), .USE_SIMD("ONE48")) u_dsp (
                                                        ^
designs/mixed_64.sv:27:57: warning: output port 'PATTERNBDETECT' has no connection [-Wunconnected-output-port]
             .USE_MULT("MULTIPLY"), .USE_SIMD("ONE48")) u_dsp (
                                                        ^
designs/mixed_64.sv:27:57: warning: output port 'PATTERNDETECT' has no connection [-Wunconnected-output-port]
             .USE_MULT("MULTIPLY"), .USE_SIMD("ONE48")) u_dsp (
                                                        ^
designs/mixed_64.sv:27:57: warning: output port 'PCOUT' has no connection [-Wunconnected-output-port]
             .USE_MULT("MULTIPLY"), .USE_SIMD("ONE48")) u_dsp (
                                                        ^
designs/mixed_64.sv:27:57: warning: output port 'UNDERFLOW' has no connection [-Wunconnected-output-port]
             .USE_MULT("MULTIPLY"), .USE_SIMD("ONE48")) u_dsp (
                                                        ^
designs/mixed_64.sv:27:57: warning: output port 'XOROUT' has no connection [-Wunconnected-output-port]
             .USE_MULT("MULTIPLY"), .USE_SIMD("ONE48")) u_dsp (
                                                        ^
designs/mixed_64.sv:27:57: warning: output port 'ACOUT' has no connection [-Wunconnected-output-port]
             .USE_MULT("MULTIPLY"), .USE_SIMD("ONE48")) u_dsp (
                                                        ^
designs/mixed_64.sv:27:57: warning: output port 'BCOUT' has no connection [-Wunconnected-output-port]
             .USE_MULT("MULTIPLY"), .USE_SIMD("ONE48")) u_dsp (
                                                        ^
designs/mixed_64.sv:27:57: warning: output port 'CARRYCASCOUT' has no connection [-Wunconnected-output-port]
             .USE_MULT("MULTIPLY"), .USE_SIMD("ONE48")) u_dsp (
                                                        ^
designs/mixed_64.sv:27:57: warning: output port 'CARRYOUT' has no connection [-Wunconnected-output-port]
             .USE_MULT("MULTIPLY"), .USE_SIMD("ONE48")) u_dsp (
                                                        ^
designs/mixed_64.sv:27:57: warning: output port 'MULTSIGNOUT' has no connection [-Wunconnected-output-port]
             .USE_MULT("MULTIPLY"), .USE_SIMD("ONE48")) u_dsp (
                                                        ^
designs/mixed_64.sv:27:57: warning: output port 'OVERFLOW' has no connection [-Wunconnected-output-port]
             .USE_MULT("MULTIPLY"), .USE_SIMD("ONE48")) u_dsp (
                                                        ^
designs/mixed_64.sv:27:57: warning: output port 'PATTERNBDETECT' has no connection [-Wunconnected-output-port]
             .USE_MULT("MULTIPLY"), .USE_SIMD("ONE48")) u_dsp (
                                                        ^
designs/mixed_64.sv:27:57: warning: output port 'PATTERNDETECT' has no connection [-Wunconnected-output-port]
             .USE_MULT("MULTIPLY"), .USE_SIMD("ONE48")) u_dsp (
                                                        ^
designs/mixed_64.sv:27:57: warning: output port 'PCOUT' has no connection [-Wunconnected-output-port]
             .USE_MULT("MULTIPLY"), .USE_SIMD("ONE48")) u_dsp (
                                                        ^
designs/mixed_64.sv:27:57: warning: output port 'UNDERFLOW' has no connection [-Wunconnected-output-port]
             .USE_MULT("MULTIPLY"), .USE_SIMD("ONE48")) u_dsp (
                                                        ^
designs/mixed_64.sv:27:57: warning: output port 'XOROUT' has no connection [-Wunconnected-output-port]
             .USE_MULT("MULTIPLY"), .USE_SIMD("ONE48")) u_dsp (
                                                        ^
designs/mixed_64.sv:27:57: warning: output port 'ACOUT' has no connection [-Wunconnected-output-port]
             .USE_MULT("MULTIPLY"), .USE_SIMD("ONE48")) u_dsp (
                                                        ^
designs/mixed_64.sv:27:57: warning: output port 'BCOUT' has no connection [-Wunconnected-output-port]
             .USE_MULT("MULTIPLY"), .USE_SIMD("ONE48")) u_dsp (
                                                        ^
designs/mixed_64.sv:27:57: warning: output port 'CARRYCASCOUT' has no connection [-Wunconnected-output-port]
             .USE_MULT("MULTIPLY"), .USE_SIMD("ONE48")) u_dsp (
                                                        ^
designs/mixed_64.sv:27:57: warning: output port 'CARRYOUT' has no connection [-Wunconnected-output-port]
             .USE_MULT("MULTIPLY"), .USE_SIMD("ONE48")) u_dsp (
                                                        ^
designs/mixed_64.sv:27:57: warning: output port 'MULTSIGNOUT' has no connection [-Wunconnected-output-port]
             .USE_MULT("MULTIPLY"), .USE_SIMD("ONE48")) u_dsp (
                                                        ^
designs/mixed_64.sv:27:57: warning: output port 'OVERFLOW' has no connection [-Wunconnected-output-port]
             .USE_MULT("MULTIPLY"), .USE_SIMD("ONE48")) u_dsp (
                                                        ^
designs/mixed_64.sv:27:57: warning: output port 'PATTERNBDETECT' has no connection [-Wunconnected-output-port]
             .USE_MULT("MULTIPLY"), .USE_SIMD("ONE48")) u_dsp (
                                                        ^
designs/mixed_64.sv:27:57: warning: output port 'PATTERNDETECT' has no connection [-Wunconnected-output-port]
             .USE_MULT("MULTIPLY"), .USE_SIMD("ONE48")) u_dsp (
                                                        ^
designs/mixed_64.sv:27:57: warning: output port 'PCOUT' has no connection [-Wunconnected-output-port]
             .USE_MULT("MULTIPLY"), .USE_SIMD("ONE48")) u_dsp (
                                                        ^
designs/mixed_64.sv:27:57: warning: output port 'UNDERFLOW' has no connection [-Wunconnected-output-port]
             .USE_MULT("MULTIPLY"), .USE_SIMD("ONE48")) u_dsp (
                                                        ^
designs/mixed_64.sv:27:57: warning: output port 'XOROUT' has no connection [-Wunconnected-output-port]
             .USE_MULT("MULTIPLY"), .USE_SIMD("ONE48")) u_dsp (
                                                        ^
designs/mixed_64.sv:27:57: warning: output port 'ACOUT' has no connection [-Wunconnected-output-port]
             .USE_MULT("MULTIPLY"), .USE_SIMD("ONE48")) u_dsp (
                                                        ^
designs/mixed_64.sv:27:57: warning: output port 'BCOUT' has no connection [-Wunconnected-output-port]
             .USE_MULT("MULTIPLY"), .USE_SIMD("ONE48")) u_dsp (
                                                        ^
designs/mixed_64.sv:27:57: warning: output port 'CARRYCASCOUT' has no connection [-Wunconnected-output-port]
             .USE_MULT("MULTIPLY"), .USE_SIMD("ONE48")) u_dsp (
                                                        ^
designs/mixed_64.sv:27:57: warning: output port 'CARRYOUT' has no connection [-Wunconnected-output-port]
             .USE_MULT("MULTIPLY"), .USE_SIMD("ONE48")) u_dsp (
                                                        ^
designs/mixed_64.sv:27:57: warning: output port 'MULTSIGNOUT' has no connection [-Wunconnected-output-port]
             .USE_MULT("MULTIPLY"), .USE_SIMD("ONE48")) u_dsp (
                                                        ^
designs/mixed_64.sv:27:57: warning: output port 'OVERFLOW' has no connection [-Wunconnected-output-port]
             .USE_MULT("MULTIPLY"), .USE_SIMD("ONE48")) u_dsp (
                                                        ^
designs/mixed_64.sv:27:57: warning: output port 'PATTERNBDETECT' has no connection [-Wunconnected-output-port]
             .USE_MULT("MULTIPLY"), .USE_SIMD("ONE48")) u_dsp (
                                                        ^
designs/mixed_64.sv:27:57: warning: output port 'PATTERNDETECT' has no connection [-Wunconnected-output-port]
             .USE_MULT("MULTIPLY"), .USE_SIMD("ONE48")) u_dsp (
                                                        ^
designs/mixed_64.sv:27:57: warning: output port 'PCOUT' has no connection [-Wunconnected-output-port]
             .USE_MULT("MULTIPLY"), .USE_SIMD("ONE48")) u_dsp (
                                                        ^
designs/mixed_64.sv:27:57: warning: output port 'UNDERFLOW' has no connection [-Wunconnected-output-port]
             .USE_MULT("MULTIPLY"), .USE_SIMD("ONE48")) u_dsp (
                                                        ^
designs/mixed_64.sv:27:57: warning: output port 'XOROUT' has no connection [-Wunconnected-output-port]
             .USE_MULT("MULTIPLY"), .USE_SIMD("ONE48")) u_dsp (
                                                        ^
designs/mixed_64.sv:27:57: warning: output port 'ACOUT' has no connection [-Wunconnected-output-port]
             .USE_MULT("MULTIPLY"), .USE_SIMD("ONE48")) u_dsp (
                                                        ^
designs/mixed_64.sv:27:57: warning: output port 'BCOUT' has no connection [-Wunconnected-output-port]
             .USE_MULT("MULTIPLY"), .USE_SIMD("ONE48")) u_dsp (
                                                        ^
designs/mixed_64.sv:27:57: warning: output port 'CARRYCASCOUT' has no connection [-Wunconnected-output-port]
             .USE_MULT("MULTIPLY"), .USE_SIMD("ONE48")) u_dsp (
                                                        ^
designs/mixed_64.sv:27:57: warning: output port 'CARRYOUT' has no connection [-Wunconnected-output-port]
             .USE_MULT("MULTIPLY"), .USE_SIMD("ONE48")) u_dsp (
                                                        ^
designs/mixed_64.sv:27:57: warning: output port 'MULTSIGNOUT' has no connection [-Wunconnected-output-port]
             .USE_MULT("MULTIPLY"), .USE_SIMD("ONE48")) u_dsp (
                                                        ^
designs/mixed_64.sv:27:57: warning: output port 'OVERFLOW' has no connection [-Wunconnected-output-port]
             .USE_MULT("MULTIPLY"), .USE_SIMD("ONE48")) u_dsp (
                                                        ^
designs/mixed_64.sv:27:57: warning: output port 'PATTERNBDETECT' has no connection [-Wunconnected-output-port]
             .USE_MULT("MULTIPLY"), .USE_SIMD("ONE48")) u_dsp (
                                                        ^
designs/mixed_64.sv:27:57: warning: output port 'PATTERNDETECT' has no connection [-Wunconnected-output-port]
             .USE_MULT("MULTIPLY"), .USE_SIMD("ONE48")) u_dsp (
                                                        ^
designs/mixed_64.sv:27:57: warning: output port 'PCOUT' has no connection [-Wunconnected-output-port]
             .USE_MULT("MULTIPLY"), .USE_SIMD("ONE48")) u_dsp (
                                                        ^
designs/mixed_64.sv:27:57: warning: output port 'UNDERFLOW' has no connection [-Wunconnected-output-port]
             .USE_MULT("MULTIPLY"), .USE_SIMD("ONE48")) u_dsp (
                                                        ^
designs/mixed_64.sv:27:57: warning: output port 'XOROUT' has no connection [-Wunconnected-output-port]
             .USE_MULT("MULTIPLY"), .USE_SIMD("ONE48")) u_dsp (
                                                        ^
designs/mixed_64.sv:27:57: warning: output port 'ACOUT' has no connection [-Wunconnected-output-port]
             .USE_MULT("MULTIPLY"), .USE_SIMD("ONE48")) u_dsp (
                                                        ^
designs/mixed_64.sv:27:57: warning: output port 'BCOUT' has no connection [-Wunconnected-output-port]
             .USE_MULT("MULTIPLY"), .USE_SIMD("ONE48")) u_dsp (
                                                        ^
designs/mixed_64.sv:27:57: warning: output port 'CARRYCASCOUT' has no connection [-Wunconnected-output-port]
             .USE_MULT("MULTIPLY"), .USE_SIMD("ONE48")) u_dsp (
                                                        ^
designs/mixed_64.sv:27:57: warning: output port 'CARRYOUT' has no connection [-Wunconnected-output-port]
             .USE_MULT("MULTIPLY"), .USE_SIMD("ONE48")) u_dsp (
                                                        ^
designs/mixed_64.sv:27:57: warning: output port 'MULTSIGNOUT' has no connection [-Wunconnected-output-port]
             .USE_MULT("MULTIPLY"), .USE_SIMD("ONE48")) u_dsp (
                                                        ^
designs/mixed_64.sv:27:57: warning: output port 'OVERFLOW' has no connection [-Wunconnected-output-port]
             .USE_MULT("MULTIPLY"), .USE_SIMD("ONE48")) u_dsp (
                                                        ^
designs/mixed_64.sv:27:57: warning: output port 'PATTERNBDETECT' has no connection [-Wunconnected-output-port]
             .USE_MULT("MULTIPLY"), .USE_SIMD("ONE48")) u_dsp (
                                                        ^
designs/mixed_64.sv:27:57: warning: output port 'PATTERNDETECT' has no connection [-Wunconnected-output-port]
             .USE_MULT("MULTIPLY"), .USE_SIMD("ONE48")) u_dsp (
                                                        ^
designs/mixed_64.sv:27:57: warning: output port 'PCOUT' has no connection [-Wunconnected-output-port]
             .USE_MULT("MULTIPLY"), .USE_SIMD("ONE48")) u_dsp (
                                                        ^
designs/mixed_64.sv:27:57: warning: output port 'UNDERFLOW' has no connection [-Wunconnected-output-port]
             .USE_MULT("MULTIPLY"), .USE_SIMD("ONE48")) u_dsp (
                                                        ^
designs/mixed_64.sv:27:57: warning: output port 'XOROUT' has no connection [-Wunconnected-output-port]
             .USE_MULT("MULTIPLY"), .USE_SIMD("ONE48")) u_dsp (
                                                        ^
designs/mixed_64.sv:27:57: warning: output port 'ACOUT' has no connection [-Wunconnected-output-port]
             .USE_MULT("MULTIPLY"), .USE_SIMD("ONE48")) u_dsp (
                                                        ^
designs/mixed_64.sv:27:57: warning: output port 'BCOUT' has no connection [-Wunconnected-output-port]
             .USE_MULT("MULTIPLY"), .USE_SIMD("ONE48")) u_dsp (
                                                        ^
designs/mixed_64.sv:27:57: warning: output port 'CARRYCASCOUT' has no connection [-Wunconnected-output-port]
             .USE_MULT("MULTIPLY"), .USE_SIMD("ONE48")) u_dsp (
                                                        ^
designs/mixed_64.sv:27:57: warning: output port 'CARRYOUT' has no connection [-Wunconnected-output-port]
             .USE_MULT("MULTIPLY"), .USE_SIMD("ONE48")) u_dsp (
                                                        ^
designs/mixed_64.sv:27:57: warning: output port 'MULTSIGNOUT' has no connection [-Wunconnected-output-port]
             .USE_MULT("MULTIPLY"), .USE_SIMD("ONE48")) u_dsp (
                                                        ^
designs/mixed_64.sv:27:57: warning: output port 'OVERFLOW' has no connection [-Wunconnected-output-port]
             .USE_MULT("MULTIPLY"), .USE_SIMD("ONE48")) u_dsp (
                                                        ^
designs/mixed_64.sv:27:57: warning: output port 'PATTERNBDETECT' has no connection [-Wunconnected-output-port]
             .USE_MULT("MULTIPLY"), .USE_SIMD("ONE48")) u_dsp (
                                                        ^
designs/mixed_64.sv:27:57: warning: output port 'PATTERNDETECT' has no connection [-Wunconnected-output-port]
             .USE_MULT("MULTIPLY"), .USE_SIMD("ONE48")) u_dsp (
                                                        ^
designs/mixed_64.sv:27:57: warning: output port 'PCOUT' has no connection [-Wunconnected-output-port]
             .USE_MULT("MULTIPLY"), .USE_SIMD("ONE48")) u_dsp (
                                                        ^
designs/mixed_64.sv:27:57: warning: output port 'UNDERFLOW' has no connection [-Wunconnected-output-port]
             .USE_MULT("MULTIPLY"), .USE_SIMD("ONE48")) u_dsp (
                                                        ^
designs/mixed_64.sv:27:57: warning: output port 'XOROUT' has no connection [-Wunconnected-output-port]
             .USE_MULT("MULTIPLY"), .USE_SIMD("ONE48")) u_dsp (
                                                        ^
designs/mixed_64.sv:27:57: warning: output port 'ACOUT' has no connection [-Wunconnected-output-port]
             .USE_MULT("MULTIPLY"), .USE_SIMD("ONE48")) u_dsp (
                                                        ^
designs/mixed_64.sv:27:57: warning: output port 'BCOUT' has no connection [-Wunconnected-output-port]
             .USE_MULT("MULTIPLY"), .USE_SIMD("ONE48")) u_dsp (
                                                        ^
designs/mixed_64.sv:27:57: warning: output port 'CARRYCASCOUT' has no connection [-Wunconnected-output-port]
             .USE_MULT("MULTIPLY"), .USE_SIMD("ONE48")) u_dsp (
                                                        ^
designs/mixed_64.sv:27:57: warning: output port 'CARRYOUT' has no connection [-Wunconnected-output-port]
             .USE_MULT("MULTIPLY"), .USE_SIMD("ONE48")) u_dsp (
                                                        ^
designs/mixed_64.sv:27:57: warning: output port 'MULTSIGNOUT' has no connection [-Wunconnected-output-port]
             .USE_MULT("MULTIPLY"), .USE_SIMD("ONE48")) u_dsp (
                                                        ^
designs/mixed_64.sv:27:57: warning: output port 'OVERFLOW' has no connection [-Wunconnected-output-port]
             .USE_MULT("MULTIPLY"), .USE_SIMD("ONE48")) u_dsp (
                                                        ^
designs/mixed_64.sv:27:57: warning: output port 'PATTERNBDETECT' has no connection [-Wunconnected-output-port]
             .USE_MULT("MULTIPLY"), .USE_SIMD("ONE48")) u_dsp (
                                                        ^
designs/mixed_64.sv:27:57: warning: output port 'PATTERNDETECT' has no connection [-Wunconnected-output-port]
             .USE_MULT("MULTIPLY"), .USE_SIMD("ONE48")) u_dsp (
                                                        ^
designs/mixed_64.sv:27:57: warning: output port 'PCOUT' has no connection [-Wunconnected-output-port]
             .USE_MULT("MULTIPLY"), .USE_SIMD("ONE48")) u_dsp (
                                                        ^
designs/mixed_64.sv:27:57: warning: output port 'UNDERFLOW' has no connection [-Wunconnected-output-port]
             .USE_MULT("MULTIPLY"), .USE_SIMD("ONE48")) u_dsp (
                                                        ^
designs/mixed_64.sv:27:57: warning: output port 'XOROUT' has no connection [-Wunconnected-output-port]
             .USE_MULT("MULTIPLY"), .USE_SIMD("ONE48")) u_dsp (
                                                        ^
designs/mixed_64.sv:27:57: warning: output port 'ACOUT' has no connection [-Wunconnected-output-port]
             .USE_MULT("MULTIPLY"), .USE_SIMD("ONE48")) u_dsp (
                                                        ^
designs/mixed_64.sv:27:57: warning: output port 'BCOUT' has no connection [-Wunconnected-output-port]
             .USE_MULT("MULTIPLY"), .USE_SIMD("ONE48")) u_dsp (
                                                        ^
designs/mixed_64.sv:27:57: warning: output port 'CARRYCASCOUT' has no connection [-Wunconnected-output-port]
             .USE_MULT("MULTIPLY"), .USE_SIMD("ONE48")) u_dsp (
                                                        ^
designs/mixed_64.sv:27:57: warning: output port 'CARRYOUT' has no connection [-Wunconnected-output-port]
             .USE_MULT("MULTIPLY"), .USE_SIMD("ONE48")) u_dsp (
                                                        ^
designs/mixed_64.sv:27:57: warning: output port 'MULTSIGNOUT' has no connection [-Wunconnected-output-port]
             .USE_MULT("MULTIPLY"), .USE_SIMD("ONE48")) u_dsp (
                                                        ^
designs/mixed_64.sv:27:57: warning: output port 'OVERFLOW' has no connection [-Wunconnected-output-port]
             .USE_MULT("MULTIPLY"), .USE_SIMD("ONE48")) u_dsp (
                                                        ^
designs/mixed_64.sv:27:57: warning: output port 'PATTERNBDETECT' has no connection [-Wunconnected-output-port]
             .USE_MULT("MULTIPLY"), .USE_SIMD("ONE48")) u_dsp (
                                                        ^
designs/mixed_64.sv:27:57: warning: output port 'PATTERNDETECT' has no connection [-Wunconnected-output-port]
             .USE_MULT("MULTIPLY"), .USE_SIMD("ONE48")) u_dsp (
                                                        ^
designs/mixed_64.sv:27:57: warning: output port 'PCOUT' has no connection [-Wunconnected-output-port]
             .USE_MULT("MULTIPLY"), .USE_SIMD("ONE48")) u_dsp (
                                                        ^
designs/mixed_64.sv:27:57: warning: output port 'UNDERFLOW' has no connection [-Wunconnected-output-port]
             .USE_MULT("MULTIPLY"), .USE_SIMD("ONE48")) u_dsp (
                                                        ^
designs/mixed_64.sv:27:57: warning: output port 'XOROUT' has no connection [-Wunconnected-output-port]
             .USE_MULT("MULTIPLY"), .USE_SIMD("ONE48")) u_dsp (
                                                        ^
designs/mixed_64.sv:27:57: warning: output port 'ACOUT' has no connection [-Wunconnected-output-port]
             .USE_MULT("MULTIPLY"), .USE_SIMD("ONE48")) u_dsp (
                                                        ^
designs/mixed_64.sv:27:57: warning: output port 'BCOUT' has no connection [-Wunconnected-output-port]
             .USE_MULT("MULTIPLY"), .USE_SIMD("ONE48")) u_dsp (
                                                        ^
designs/mixed_64.sv:27:57: warning: output port 'CARRYCASCOUT' has no connection [-Wunconnected-output-port]
             .USE_MULT("MULTIPLY"), .USE_SIMD("ONE48")) u_dsp (
                                                        ^
designs/mixed_64.sv:27:57: warning: output port 'CARRYOUT' has no connection [-Wunconnected-output-port]
             .USE_MULT("MULTIPLY"), .USE_SIMD("ONE48")) u_dsp (
                                                        ^
designs/mixed_64.sv:27:57: warning: output port 'MULTSIGNOUT' has no connection [-Wunconnected-output-port]
             .USE_MULT("MULTIPLY"), .USE_SIMD("ONE48")) u_dsp (
                                                        ^
designs/mixed_64.sv:27:57: warning: output port 'OVERFLOW' has no connection [-Wunconnected-output-port]
             .USE_MULT("MULTIPLY"), .USE_SIMD("ONE48")) u_dsp (
                                                        ^
designs/mixed_64.sv:27:57: warning: output port 'PATTERNBDETECT' has no connection [-Wunconnected-output-port]
             .USE_MULT("MULTIPLY"), .USE_SIMD("ONE48")) u_dsp (
                                                        ^
designs/mixed_64.sv:27:57: warning: output port 'PATTERNDETECT' has no connection [-Wunconnected-output-port]
             .USE_MULT("MULTIPLY"), .USE_SIMD("ONE48")) u_dsp (
                                                        ^
designs/mixed_64.sv:27:57: warning: output port 'PCOUT' has no connection [-Wunconnected-output-port]
             .USE_MULT("MULTIPLY"), .USE_SIMD("ONE48")) u_dsp (
                                                        ^
designs/mixed_64.sv:27:57: warning: output port 'UNDERFLOW' has no connection [-Wunconnected-output-port]
             .USE_MULT("MULTIPLY"), .USE_SIMD("ONE48")) u_dsp (
                                                        ^
designs/mixed_64.sv:27:57: warning: output port 'XOROUT' has no connection [-Wunconnected-output-port]
             .USE_MULT("MULTIPLY"), .USE_SIMD("ONE48")) u_dsp (
                                                        ^
designs/mixed_64.sv:27:57: warning: output port 'ACOUT' has no connection [-Wunconnected-output-port]
             .USE_MULT("MULTIPLY"), .USE_SIMD("ONE48")) u_dsp (
                                                        ^
designs/mixed_64.sv:27:57: warning: output port 'BCOUT' has no connection [-Wunconnected-output-port]
             .USE_MULT("MULTIPLY"), .USE_SIMD("ONE48")) u_dsp (
                                                        ^
designs/mixed_64.sv:27:57: warning: output port 'CARRYCASCOUT' has no connection [-Wunconnected-output-port]
             .USE_MULT("MULTIPLY"), .USE_SIMD("ONE48")) u_dsp (
                                                        ^
designs/mixed_64.sv:27:57: warning: output port 'CARRYOUT' has no connection [-Wunconnected-output-port]
             .USE_MULT("MULTIPLY"), .USE_SIMD("ONE48")) u_dsp (
                                                        ^
designs/mixed_64.sv:27:57: warning: output port 'MULTSIGNOUT' has no connection [-Wunconnected-output-port]
             .USE_MULT("MULTIPLY"), .USE_SIMD("ONE48")) u_dsp (
                                                        ^
designs/mixed_64.sv:27:57: warning: output port 'OVERFLOW' has no connection [-Wunconnected-output-port]
             .USE_MULT("MULTIPLY"), .USE_SIMD("ONE48")) u_dsp (
                                                        ^
designs/mixed_64.sv:27:57: warning: output port 'PATTERNBDETECT' has no connection [-Wunconnected-output-port]
             .USE_MULT("MULTIPLY"), .USE_SIMD("ONE48")) u_dsp (
                                                        ^
designs/mixed_64.sv:27:57: warning: output port 'PATTERNDETECT' has no connection [-Wunconnected-output-port]
             .USE_MULT("MULTIPLY"), .USE_SIMD("ONE48")) u_dsp (
                                                        ^
designs/mixed_64.sv:27:57: warning: output port 'PCOUT' has no connection [-Wunconnected-output-port]
             .USE_MULT("MULTIPLY"), .USE_SIMD("ONE48")) u_dsp (
                                                        ^
designs/mixed_64.sv:27:57: warning: output port 'UNDERFLOW' has no connection [-Wunconnected-output-port]
             .USE_MULT("MULTIPLY"), .USE_SIMD("ONE48")) u_dsp (
                                                        ^
designs/mixed_64.sv:27:57: warning: output port 'XOROUT' has no connection [-Wunconnected-output-port]
             .USE_MULT("MULTIPLY"), .USE_SIMD("ONE48")) u_dsp (
                                                        ^

Build succeeded: 0 errors, 704 warnings

1.1. Executing PROC_CLEAN pass (remove empty switches from decision trees).
Removing empty process `mixed_64.$10755'.
Removing empty process `mixed_64.$10561'.
Found and cleaned up 1 empty switch in `\mixed_64.$10550'.
Found and cleaned up 1 empty switch in `\mixed_64.$10385'.
Found and cleaned up 1 empty switch in `\mixed_64.$10220'.
Found and cleaned up 1 empty switch in `\mixed_64.$10055'.
Found and cleaned up 1 empty switch in `\mixed_64.$9890'.
Found and cleaned up 1 empty switch in `\mixed_64.$9725'.
Found and cleaned up 1 empty switch in `\mixed_64.$9560'.
Found and cleaned up 1 empty switch in `\mixed_64.$9395'.
Found and cleaned up 1 empty switch in `\mixed_64.$9230'.
Found and cleaned up 1 empty switch in `\mixed_64.$9065'.
Found and cleaned up 1 empty switch in `\mixed_64.$8900'.
Found and cleaned up 1 empty switch in `\mixed_64.$8735'.
Found and cleaned up 1 empty switch in `\mixed_64.$8570'.
Found and cleaned up 1 empty switch in `\mixed_64.$8405'.
Found and cleaned up 1 empty switch in `\mixed_64.$8240'.
Found and cleaned up 1 empty switch in `\mixed_64.$8075'.
Found and cleaned up 1 empty switch in `\mixed_64.$7910'.
Found and cleaned up 1 empty switch in `\mixed_64.$7745'.
Found and cleaned up 1 empty switch in `\mixed_64.$7580'.
Found and cleaned up 1 empty switch in `\mixed_64.$7415'.
Found and cleaned up 1 empty switch in `\mixed_64.$7250'.
Found and cleaned up 1 empty switch in `\mixed_64.$7085'.
Found and cleaned up 1 empty switch in `\mixed_64.$6920'.
Found and cleaned up 1 empty switch in `\mixed_64.$6755'.
Found and cleaned up 1 empty switch in `\mixed_64.$6590'.
Found and cleaned up 1 empty switch in `\mixed_64.$6425'.
Found and cleaned up 1 empty switch in `\mixed_64.$6260'.
Found and cleaned up 1 empty switch in `\mixed_64.$6095'.
Found and cleaned up 1 empty switch in `\mixed_64.$5930'.
Found and cleaned up 1 empty switch in `\mixed_64.$5765'.
Found and cleaned up 1 empty switch in `\mixed_64.$5600'.
Found and cleaned up 1 empty switch in `\mixed_64.$5435'.
Found and cleaned up 1 empty switch in `\mixed_64.$5270'.
Found and cleaned up 1 empty switch in `\mixed_64.$5105'.
Found and cleaned up 1 empty switch in `\mixed_64.$4940'.
Found and cleaned up 1 empty switch in `\mixed_64.$4775'.
Found and cleaned up 1 empty switch in `\mixed_64.$4610'.
Found and cleaned up 1 empty switch in `\mixed_64.$4445'.
Found and cleaned up 1 empty switch in `\mixed_64.$4280'.
Found and cleaned up 1 empty switch in `\mixed_64.$4115'.
Found and cleaned up 1 empty switch in `\mixed_64.$3950'.
Found and cleaned up 1 empty switch in `\mixed_64.$3785'.
Found and cleaned up 1 empty switch in `\mixed_64.$3620'.
Found and cleaned up 1 empty switch in `\mixed_64.$3455'.
Found and cleaned up 1 empty switch in `\mixed_64.$3290'.
Found and cleaned up 1 empty switch in `\mixed_64.$3125'.
Found and cleaned up 1 empty switch in `\mixed_64.$2960'.
Found and cleaned up 1 empty switch in `\mixed_64.$2795'.
Found and cleaned up 1 empty switch in `\mixed_64.$2630'.
Found and cleaned up 1 empty switch in `\mixed_64.$2465'.
Found and cleaned up 1 empty switch in `\mixed_64.$2300'.
Found and cleaned up 1 empty switch in `\mixed_64.$2135'.
Found and cleaned up 1 empty switch in `\mixed_64.$1970'.
Found and cleaned up 1 empty switch in `\mixed_64.$1805'.
Found and cleaned up 1 empty switch in `\mixed_64.$1640'.
Found and cleaned up 1 empty switch in `\mixed_64.$1475'.
Found and cleaned up 1 empty switch in `\mixed_64.$1310'.
Found and cleaned up 1 empty switch in `\mixed_64.$1145'.
Found and cleaned up 1 empty switch in `\mixed_64.$980'.
Found and cleaned up 1 empty switch in `\mixed_64.$815'.
Found and cleaned up 1 empty switch in `\mixed_64.$650'.
Found and cleaned up 1 empty switch in `\mixed_64.$485'.
Found and cleaned up 1 empty switch in `\mixed_64.$320'.
Found and cleaned up 1 empty switch in `\mixed_64.$155'.
Removing empty process `mixed_64.$0'.
Cleaned up 64 empty switches.

1.2. Executing PROC_RMDEAD pass (remove dead branches from decision trees).
Removed a total of 0 dead cases.

1.3. Executing PROC_PRUNE pass (remove redundant assignments in processes).
Removed 0 redundant assignments.
Promoted 0 assignments to connections.

1.4. Executing PROC_INIT pass (extract init attributes).

1.5. Executing PROC_ROM pass (convert switches to ROMs).
Converted 0 switches.
<suppressed ~64 debug messages>

1.6. Executing PROC_MUX pass (convert decision trees to multiplexers).
Creating decoders for process `\mixed_64.$10385'.
     1/1: $lane[62].u_srl.sh$10386
Creating decoders for process `\mixed_64.$10220'.
     1/1: $lane[61].u_srl.sh$10221
Creating decoders for process `\mixed_64.$10055'.
     1/1: $lane[60].u_srl.sh$10056
Creating decoders for process `\mixed_64.$9890'.
     1/1: $lane[59].u_srl.sh$9891
Creating decoders for process `\mixed_64.$9725'.
     1/1: $lane[58].u_srl.sh$9726
Creating decoders for process `\mixed_64.$9560'.
     1/1: $lane[57].u_srl.sh$9561
Creating decoders for process `\mixed_64.$9395'.
     1/1: $lane[56].u_srl.sh$9396
Creating decoders for process `\mixed_64.$9230'.
     1/1: $lane[55].u_srl.sh$9231
Creating decoders for process `\mixed_64.$9065'.
     1/1: $lane[54].u_srl.sh$9066
Creating decoders for process `\mixed_64.$8900'.
     1/1: $lane[53].u_srl.sh$8901
Creating decoders for process `\mixed_64.$8735'.
     1/1: $lane[52].u_srl.sh$8736
Creating decoders for process `\mixed_64.$8570'.
     1/1: $lane[51].u_srl.sh$8571
Creating decoders for process `\mixed_64.$8405'.
     1/1: $lane[50].u_srl.sh$8406
Creating decoders for process `\mixed_64.$8240'.
     1/1: $lane[49].u_srl.sh$8241
Creating decoders for process `\mixed_64.$8075'.
     1/1: $lane[48].u_srl.sh$8076
Creating decoders for process `\mixed_64.$7910'.
     1/1: $lane[47].u_srl.sh$7911
Creating decoders for process `\mixed_64.$7745'.
     1/1: $lane[46].u_srl.sh$7746
Creating decoders for process `\mixed_64.$7580'.
     1/1: $lane[45].u_srl.sh$7581
Creating decoders for process `\mixed_64.$7415'.
     1/1: $lane[44].u_srl.sh$7416
Creating decoders for process `\mixed_64.$7250'.
     1/1: $lane[43].u_srl.sh$7251
Creating decoders for process `\mixed_64.$7085'.
     1/1: $lane[42].u_srl.sh$7086
Creating decoders for process `\mixed_64.$6920'.
     1/1: $lane[41].u_srl.sh$6921
Creating decoders for process `\mixed_64.$6755'.
     1/1: $lane[40].u_srl.sh$6756
Creating decoders for process `\mixed_64.$6590'.
     1/1: $lane[39].u_srl.sh$6591
Creating decoders for process `\mixed_64.$6425'.
     1/1: $lane[38].u_srl.sh$6426
Creating decoders for process `\mixed_64.$6260'.
     1/1: $lane[37].u_srl.sh$6261
Creating decoders for process `\mixed_64.$6095'.
     1/1: $lane[36].u_srl.sh$6096
Creating decoders for process `\mixed_64.$5930'.
     1/1: $lane[35].u_srl.sh$5931
Creating decoders for process `\mixed_64.$5765'.
     1/1: $lane[34].u_srl.sh$5766
Creating decoders for process `\mixed_64.$5600'.
     1/1: $lane[33].u_srl.sh$5601
Creating decoders for process `\mixed_64.$5435'.
     1/1: $lane[32].u_srl.sh$5436
Creating decoders for process `\mixed_64.$5270'.
     1/1: $lane[31].u_srl.sh$5271
Creating decoders for process `\mixed_64.$5105'.
     1/1: $lane[30].u_srl.sh$5106
Creating decoders for process `\mixed_64.$4940'.
     1/1: $lane[29].u_srl.sh$4941
Creating decoders for process `\mixed_64.$4775'.
     1/1: $lane[28].u_srl.sh$4776
Creating decoders for process `\mixed_64.$4610'.
     1/1: $lane[27].u_srl.sh$4611
Creating decoders for process `\mixed_64.$4445'.
     1/1: $lane[26].u_srl.sh$4446
Creating decoders for process `\mixed_64.$4280'.
     1/1: $lane[25].u_srl.sh$4281
Creating decoders for process `\mixed_64.$4115'.
     1/1: $lane[24].u_srl.sh$4116
Creating decoders for process `\mixed_64.$3950'.
     1/1: $lane[23].u_srl.sh$3951
Creating decoders for process `\mixed_64.$3785'.
     1/1: $lane[22].u_srl.sh$3786
Creating decoders for process `\mixed_64.$3620'.
     1/1: $lane[21].u_srl.sh$3621
Creating decoders for process `\mixed_64.$3455'.
     1/1: $lane[20].u_srl.sh$3456
Creating decoders for process `\mixed_64.$3290'.
     1/1: $lane[19].u_srl.sh$3291
Creating decoders for process `\mixed_64.$3125'.
     1/1: $lane[18].u_srl.sh$3126
Creating decoders for process `\mixed_64.$2960'.
     1/1: $lane[17].u_srl.sh$2961
Creating decoders for process `\mixed_64.$2795'.
     1/1: $lane[16].u_srl.sh$2796
Creating decoders for process `\mixed_64.$2630'.
     1/1: $lane[15].u_srl.sh$2631
Creating decoders for process `\mixed_64.$2465'.
     1/1: $lane[14].u_srl.sh$2466
Creating decoders for process `\mixed_64.$2300'.
     1/1: $lane[13].u_srl.sh$2301
Creating decoders for process `\mixed_64.$2135'.
     1/1: $lane[12].u_srl.sh$2136
Creating decoders for process `\mixed_64.$1970'.
     1/1: $lane[11].u_srl.sh$1971
Creating decoders for process `\mixed_64.$1805'.
     1/1: $lane[10].u_srl.sh$1806
Creating decoders for process `\mixed_64.$1640'.
     1/1: $lane[9].u_srl.sh$1641
Creating decoders for process `\mixed_64.$1475'.
     1/1: $lane[8].u_srl.sh$1476
Creating decoders for process `\mixed_64.$1310'.
     1/1: $lane[7].u_srl.sh$1311
Creating decoders for process `\mixed_64.$1145'.
     1/1: $lane[6].u_srl.sh$1146
Creating decoders for process `\mixed_64.$980'.
     1/1: $lane[5].u_srl.sh$981
Creating decoders for process `\mixed_64.$815'.
     1/1: $lane[4].u_srl.sh$816
Creating decoders for process `\mixed_64.$650'.
     1/1: $lane[3].u_srl.sh$651
Creating decoders for process `\mixed_64.$485'.
     1/1: $lane[2].u_srl.sh$486
Creating decoders for process `\mixed_64.$320'.
     1/1: $lane[1].u_srl.sh$321
Creating decoders for process `\mixed_64.$155'.
     1/1: $lane[0].u_srl.sh$156
Creating decoders for process `\mixed_64.$10550'.
     1/1: $lane[63].u_srl.sh$10551

1.7. Executing PROC_CLEAN pass (remove empty switches from decision trees).
Found and cleaned up 1 empty switch in `\mixed_64.$10385'.
Removing empty process `mixed_64.$10385'.
Found and cleaned up 1 empty switch in `\mixed_64.$10220'.
Removing empty process `mixed_64.$10220'.
Found and cleaned up 1 empty switch in `\mixed_64.$10055'.
Removing empty process `mixed_64.$10055'.
Found and cleaned up 1 empty switch in `\mixed_64.$9890'.
Removing empty process `mixed_64.$9890'.
Found and cleaned up 1 empty switch in `\mixed_64.$9725'.
Removing empty process `mixed_64.$9725'.
Found and cleaned up 1 empty switch in `\mixed_64.$9560'.
Removing empty process `mixed_64.$9560'.
Found and cleaned up 1 empty switch in `\mixed_64.$9395'.
Removing empty process `mixed_64.$9395'.
Found and cleaned up 1 empty switch in `\mixed_64.$9230'.
Removing empty process `mixed_64.$9230'.
Found and cleaned up 1 empty switch in `\mixed_64.$9065'.
Removing empty process `mixed_64.$9065'.
Found and cleaned up 1 empty switch in `\mixed_64.$8900'.
Removing empty process `mixed_64.$8900'.
Found and cleaned up 1 empty switch in `\mixed_64.$8735'.
Removing empty process `mixed_64.$8735'.
Found and cleaned up 1 empty switch in `\mixed_64.$8570'.
Removing empty process `mixed_64.$8570'.
Found and cleaned up 1 empty switch in `\mixed_64.$8405'.
Removing empty process `mixed_64.$8405'.
Found and cleaned up 1 empty switch in `\mixed_64.$8240'.
Removing empty process `mixed_64.$8240'.
Found and cleaned up 1 empty switch in `\mixed_64.$8075'.
Removing empty process `mixed_64.$8075'.
Found and cleaned up 1 empty switch in `\mixed_64.$7910'.
Removing empty process `mixed_64.$7910'.
Found and cleaned up 1 empty switch in `\mixed_64.$7745'.
Removing empty process `mixed_64.$7745'.
Found and cleaned up 1 empty switch in `\mixed_64.$7580'.
Removing empty process `mixed_64.$7580'.
Found and cleaned up 1 empty switch in `\mixed_64.$7415'.
Removing empty process `mixed_64.$7415'.
Found and cleaned up 1 empty switch in `\mixed_64.$7250'.
Removing empty process `mixed_64.$7250'.
Found and cleaned up 1 empty switch in `\mixed_64.$7085'.
Removing empty process `mixed_64.$7085'.
Found and cleaned up 1 empty switch in `\mixed_64.$6920'.
Removing empty process `mixed_64.$6920'.
Found and cleaned up 1 empty switch in `\mixed_64.$6755'.
Removing empty process `mixed_64.$6755'.
Found and cleaned up 1 empty switch in `\mixed_64.$6590'.
Removing empty process `mixed_64.$6590'.
Found and cleaned up 1 empty switch in `\mixed_64.$6425'.
Removing empty process `mixed_64.$6425'.
Found and cleaned up 1 empty switch in `\mixed_64.$6260'.
Removing empty process `mixed_64.$6260'.
Found and cleaned up 1 empty switch in `\mixed_64.$6095'.
Removing empty process `mixed_64.$6095'.
Found and cleaned up 1 empty switch in `\mixed_64.$5930'.
Removing empty process `mixed_64.$5930'.
Found and cleaned up 1 empty switch in `\mixed_64.$5765'.
Removing empty process `mixed_64.$5765'.
Found and cleaned up 1 empty switch in `\mixed_64.$5600'.
Removing empty process `mixed_64.$5600'.
Found and cleaned up 1 empty switch in `\mixed_64.$5435'.
Removing empty process `mixed_64.$5435'.
Found and cleaned up 1 empty switch in `\mixed_64.$5270'.
Removing empty process `mixed_64.$5270'.
Found and cleaned up 1 empty switch in `\mixed_64.$5105'.
Removing empty process `mixed_64.$5105'.
Found and cleaned up 1 empty switch in `\mixed_64.$4940'.
Removing empty process `mixed_64.$4940'.
Found and cleaned up 1 empty switch in `\mixed_64.$4775'.
Removing empty process `mixed_64.$4775'.
Found and cleaned up 1 empty switch in `\mixed_64.$4610'.
Removing empty process `mixed_64.$4610'.
Found and cleaned up 1 empty switch in `\mixed_64.$4445'.
Removing empty process `mixed_64.$4445'.
Found and cleaned up 1 empty switch in `\mixed_64.$4280'.
Removing empty process `mixed_64.$4280'.
Found and cleaned up 1 empty switch in `\mixed_64.$4115'.
Removing empty process `mixed_64.$4115'.
Found and cleaned up 1 empty switch in `\mixed_64.$3950'.
Removing empty process `mixed_64.$3950'.
Found and cleaned up 1 empty switch in `\mixed_64.$3785'.
Removing empty process `mixed_64.$3785'.
Found and cleaned up 1 empty switch in `\mixed_64.$3620'.
Removing empty process `mixed_64.$3620'.
Found and cleaned up 1 empty switch in `\mixed_64.$3455'.
Removing empty process `mixed_64.$3455'.
Found and cleaned up 1 empty switch in `\mixed_64.$3290'.
Removing empty process `mixed_64.$3290'.
Found and cleaned up 1 empty switch in `\mixed_64.$3125'.
Removing empty process `mixed_64.$3125'.
Found and cleaned up 1 empty switch in `\mixed_64.$2960'.
Removing empty process `mixed_64.$2960'.
Found and cleaned up 1 empty switch in `\mixed_64.$2795'.
Removing empty process `mixed_64.$2795'.
Found and cleaned up 1 empty switch in `\mixed_64.$2630'.
Removing empty process `mixed_64.$2630'.
Found and cleaned up 1 empty switch in `\mixed_64.$2465'.
Removing empty process `mixed_64.$2465'.
Found and cleaned up 1 empty switch in `\mixed_64.$2300'.
Removing empty process `mixed_64.$2300'.
Found and cleaned up 1 empty switch in `\mixed_64.$2135'.
Removing empty process `mixed_64.$2135'.
Found and cleaned up 1 empty switch in `\mixed_64.$1970'.
Removing empty process `mixed_64.$1970'.
Found and cleaned up 1 empty switch in `\mixed_64.$1805'.
Removing empty process `mixed_64.$1805'.
Found and cleaned up 1 empty switch in `\mixed_64.$1640'.
Removing empty process `mixed_64.$1640'.
Found and cleaned up 1 empty switch in `\mixed_64.$1475'.
Removing empty process `mixed_64.$1475'.
Found and cleaned up 1 empty switch in `\mixed_64.$1310'.
Removing empty process `mixed_64.$1310'.
Found and cleaned up 1 empty switch in `\mixed_64.$1145'.
Removing empty process `mixed_64.$1145'.
Found and cleaned up 1 empty switch in `\mixed_64.$980'.
Removing empty process `mixed_64.$980'.
Found and cleaned up 1 empty switch in `\mixed_64.$815'.
Removing empty process `mixed_64.$815'.
Found and cleaned up 1 empty switch in `\mixed_64.$650'.
Removing empty process `mixed_64.$650'.
Found and cleaned up 1 empty switch in `\mixed_64.$485'.
Removing empty process `mixed_64.$485'.
Found and cleaned up 1 empty switch in `\mixed_64.$320'.
Removing empty process `mixed_64.$320'.
Found and cleaned up 1 empty switch in `\mixed_64.$155'.
Removing empty process `mixed_64.$155'.
Found and cleaned up 1 empty switch in `\mixed_64.$10550'.
Removing empty process `mixed_64.$10550'.
Cleaned up 64 empty switches.

1.8. Executing OPT_EXPR pass (perform const folding).
Optimizing module mixed_64.
<suppressed ~3 debug messages>

2. Executing HIERARCHY pass (managing design hierarchy).

2.1. Analyzing design hierarchy..
Top module:  \mixed_64

2.2. Analyzing design hierarchy..
Top module:  \mixed_64
Removed 0 unused modules.

3. Executing PROC pass (convert processes to netlists).

3.1. Executing PROC_CLEAN pass (remove empty switches from decision trees).
Cleaned up 0 empty switches.

3.2. Executing PROC_RMDEAD pass (remove dead branches from decision trees).
Removed a total of 0 dead cases.

3.3. Executing PROC_PRUNE pass (remove redundant assignments in processes).
Removed 0 redundant assignments.
Promoted 0 assignments to connections.

3.4. Executing PROC_INIT pass (extract init attributes).

3.5. Executing PROC_ARST pass (detect async resets in processes).

3.6. Executing PROC_ROM pass (convert switches to ROMs).
Converted 0 switches.

3.7. Executing PROC_MUX pass (convert decision trees to multiplexers).

3.8. Executing PROC_DLATCH pass (convert process syncs to latches).

3.9. Executing PROC_DFF pass (convert process syncs to FFs).

3.10. Executing PROC_MEMWR pass (convert process memory writes to cells).

3.11. Executing PROC_CLEAN pass (remove empty switches from decision trees).
Cleaned up 0 empty switches.

3.12. Executing OPT_EXPR pass (perform const folding).
Optimizing module mixed_64.
Removed 0 unused cells and 3398 unused wires.

4. Executing OPT_EXPR pass (perform const folding).
Optimizing module mixed_64.
<suppressed ~512 debug messages>

5. Executing OPT_DFF pass (perform DFF optimizations).
Adding EN signal on $driver$lane[58].u_srl.sh ($dff) from module mixed_64 (D = { \lane[58].u_srl.sh [30:0] \lane[58].u_srl.D }, Q = \lane[58].u_srl.sh).
Adding EN signal on $driver$lane[0].u_srl.sh ($dff) from module mixed_64 (D = { \lane[0].u_srl.sh [30:0] \lane[0].u_srl.D }, Q = \lane[0].u_srl.sh).
Adding EN signal on $driver$lane[22].u_srl.sh ($dff) from module mixed_64 (D = { \lane[22].u_srl.sh [30:0] \lane[22].u_srl.D }, Q = \lane[22].u_srl.sh).
Adding EN signal on $driver$lane[37].u_srl.sh ($dff) from module mixed_64 (D = { \lane[37].u_srl.sh [30:0] \lane[37].u_srl.D }, Q = \lane[37].u_srl.sh).
Adding EN signal on $driver$lane[1].u_srl.sh ($dff) from module mixed_64 (D = { \lane[1].u_srl.sh [30:0] \lane[1].u_srl.D }, Q = \lane[1].u_srl.sh).
Adding EN signal on $driver$lane[47].u_srl.sh ($dff) from module mixed_64 (D = { \lane[47].u_srl.sh [30:0] \lane[47].u_srl.D }, Q = \lane[47].u_srl.sh).
Adding EN signal on $driver$lane[35].u_srl.sh ($dff) from module mixed_64 (D = { \lane[35].u_srl.sh [30:0] \lane[35].u_srl.D }, Q = \lane[35].u_srl.sh).
Adding EN signal on $driver$lane[23].u_srl.sh ($dff) from module mixed_64 (D = { \lane[23].u_srl.sh [30:0] \lane[23].u_srl.D }, Q = \lane[23].u_srl.sh).
Adding EN signal on $driver$lane[2].u_srl.sh ($dff) from module mixed_64 (D = { \lane[2].u_srl.sh [30:0] \lane[2].u_srl.D }, Q = \lane[2].u_srl.sh).
Adding EN signal on $driver$lane[20].u_srl.sh ($dff) from module mixed_64 (D = { \lane[20].u_srl.sh [30:0] \lane[20].u_srl.D }, Q = \lane[20].u_srl.sh).
Adding EN signal on $driver$lane[54].u_srl.sh ($dff) from module mixed_64 (D = { \lane[54].u_srl.sh [30:0] \lane[54].u_srl.D }, Q = \lane[54].u_srl.sh).
Adding EN signal on $driver$lane[21].u_srl.sh ($dff) from module mixed_64 (D = { \lane[21].u_srl.sh [30:0] \lane[21].u_srl.D }, Q = \lane[21].u_srl.sh).
Adding EN signal on $driver$lane[61].u_srl.sh ($dff) from module mixed_64 (D = { \lane[61].u_srl.sh [30:0] \lane[61].u_srl.D }, Q = \lane[61].u_srl.sh).
Adding EN signal on $driver$lane[38].u_srl.sh ($dff) from module mixed_64 (D = { \lane[38].u_srl.sh [30:0] \lane[38].u_srl.D }, Q = \lane[38].u_srl.sh).
Adding EN signal on $driver$lane[3].u_srl.sh ($dff) from module mixed_64 (D = { \lane[3].u_srl.sh [30:0] \lane[3].u_srl.D }, Q = \lane[3].u_srl.sh).
Adding EN signal on $driver$lane[24].u_srl.sh ($dff) from module mixed_64 (D = { \lane[24].u_srl.sh [30:0] \lane[24].u_srl.D }, Q = \lane[24].u_srl.sh).
Adding EN signal on $driver$lane[4].u_srl.sh ($dff) from module mixed_64 (D = { \lane[4].u_srl.sh [30:0] \lane[4].u_srl.D }, Q = \lane[4].u_srl.sh).
Adding EN signal on $driver$lane[48].u_srl.sh ($dff) from module mixed_64 (D = { \lane[48].u_srl.sh [30:0] \lane[48].u_srl.D }, Q = \lane[48].u_srl.sh).
Adding EN signal on $driver$lane[25].u_srl.sh ($dff) from module mixed_64 (D = { \lane[25].u_srl.sh [30:0] \lane[25].u_srl.D }, Q = \lane[25].u_srl.sh).
Adding EN signal on $driver$lane[5].u_srl.sh ($dff) from module mixed_64 (D = { \lane[5].u_srl.sh [30:0] \lane[5].u_srl.D }, Q = \lane[5].u_srl.sh).
Adding EN signal on $driver$lane[36].u_srl.sh ($dff) from module mixed_64 (D = { \lane[36].u_srl.sh [30:0] \lane[36].u_srl.D }, Q = \lane[36].u_srl.sh).
Adding EN signal on $driver$lane[39].u_srl.sh ($dff) from module mixed_64 (D = { \lane[39].u_srl.sh [30:0] \lane[39].u_srl.D }, Q = \lane[39].u_srl.sh).
Adding EN signal on $driver$lane[6].u_srl.sh ($dff) from module mixed_64 (D = { \lane[6].u_srl.sh [30:0] \lane[6].u_srl.D }, Q = \lane[6].u_srl.sh).
Adding EN signal on $driver$lane[59].u_srl.sh ($dff) from module mixed_64 (D = { \lane[59].u_srl.sh [30:0] \lane[59].u_srl.D }, Q = \lane[59].u_srl.sh).
Adding EN signal on $driver$lane[26].u_srl.sh ($dff) from module mixed_64 (D = { \lane[26].u_srl.sh [30:0] \lane[26].u_srl.D }, Q = \lane[26].u_srl.sh).
Adding EN signal on $driver$lane[7].u_srl.sh ($dff) from module mixed_64 (D = { \lane[7].u_srl.sh [30:0] \lane[7].u_srl.D }, Q = \lane[7].u_srl.sh).
Adding EN signal on $driver$lane[55].u_srl.sh ($dff) from module mixed_64 (D = { \lane[55].u_srl.sh [30:0] \lane[55].u_srl.D }, Q = \lane[55].u_srl.sh).
Adding EN signal on $driver$lane[40].u_srl.sh ($dff) from module mixed_64 (D = { \lane[40].u_srl.sh [30:0] \lane[40].u_srl.D }, Q = \lane[40].u_srl.sh).
Adding EN signal on $driver$lane[62].u_srl.sh ($dff) from module mixed_64 (D = { \lane[62].u_srl.sh [30:0] \lane[62].u_srl.D }, Q = \lane[62].u_srl.sh).
Adding EN signal on $driver$lane[49].u_srl.sh ($dff) from module mixed_64 (D = { \lane[49].u_srl.sh [30:0] \lane[49].u_srl.D }, Q = \lane[49].u_srl.sh).
Adding EN signal on $driver$lane[27].u_srl.sh ($dff) from module mixed_64 (D = { \lane[27].u_srl.sh [30:0] \lane[27].u_srl.D }, Q = \lane[27].u_srl.sh).
Adding EN signal on $driver$lane[8].u_srl.sh ($dff) from module mixed_64 (D = { \lane[8].u_srl.sh [30:0] \lane[8].u_srl.D }, Q = \lane[8].u_srl.sh).
Adding EN signal on $driver$lane[9].u_srl.sh ($dff) from module mixed_64 (D = { \lane[9].u_srl.sh [30:0] \lane[9].u_srl.D }, Q = \lane[9].u_srl.sh).
Adding EN signal on $driver$lane[28].u_srl.sh ($dff) from module mixed_64 (D = { \lane[28].u_srl.sh [30:0] \lane[28].u_srl.D }, Q = \lane[28].u_srl.sh).
Adding EN signal on $driver$lane[41].u_srl.sh ($dff) from module mixed_64 (D = { \lane[41].u_srl.sh [30:0] \lane[41].u_srl.D }, Q = \lane[41].u_srl.sh).
Adding EN signal on $driver$lane[10].u_srl.sh ($dff) from module mixed_64 (D = { \lane[10].u_srl.sh [30:0] \lane[10].u_srl.D }, Q = \lane[10].u_srl.sh).
Adding EN signal on $driver$lane[29].u_srl.sh ($dff) from module mixed_64 (D = { \lane[29].u_srl.sh [30:0] \lane[29].u_srl.D }, Q = \lane[29].u_srl.sh).
Adding EN signal on $driver$lane[50].u_srl.sh ($dff) from module mixed_64 (D = { \lane[50].u_srl.sh [30:0] \lane[50].u_srl.D }, Q = \lane[50].u_srl.sh).
Adding EN signal on $driver$lane[11].u_srl.sh ($dff) from module mixed_64 (D = { \lane[11].u_srl.sh [30:0] \lane[11].u_srl.D }, Q = \lane[11].u_srl.sh).
Adding EN signal on $driver$lane[42].u_srl.sh ($dff) from module mixed_64 (D = { \lane[42].u_srl.sh [30:0] \lane[42].u_srl.D }, Q = \lane[42].u_srl.sh).
Adding EN signal on $driver$lane[56].u_srl.sh ($dff) from module mixed_64 (D = { \lane[56].u_srl.sh [30:0] \lane[56].u_srl.D }, Q = \lane[56].u_srl.sh).
Adding EN signal on $driver$lane[12].u_srl.sh ($dff) from module mixed_64 (D = { \lane[12].u_srl.sh [30:0] \lane[12].u_srl.D }, Q = \lane[12].u_srl.sh).
Adding EN signal on $driver$lane[30].u_srl.sh ($dff) from module mixed_64 (D = { \lane[30].u_srl.sh [30:0] \lane[30].u_srl.D }, Q = \lane[30].u_srl.sh).
Adding SRST signal on $driver$p_xor ($dff) from module mixed_64 (D = \pa, Q = \p_xor, rval = 48'000000000000000000000000000000000000000000000000).
Adding SRST signal on $driver$s_xor ($dff) from module mixed_64 (D = \sa, Q = \s_xor, rval = 0).
Adding SRST signal on $driver$q_xor ($dff) from module mixed_64 (D = \qa, Q = \q_xor, rval = 1'0).
Adding EN signal on $driver$lane[13].u_srl.sh ($dff) from module mixed_64 (D = { \lane[13].u_srl.sh [30:0] \lane[13].u_srl.D }, Q = \lane[13].u_srl.sh).
Adding EN signal on $driver$lane[60].u_srl.sh ($dff) from module mixed_64 (D = { \lane[60].u_srl.sh [30:0] \lane[60].u_srl.D }, Q = \lane[60].u_srl.sh).
Adding EN signal on $driver$lane[31].u_srl.sh ($dff) from module mixed_64 (D = { \lane[31].u_srl.sh [30:0] \lane[31].u_srl.D }, Q = \lane[31].u_srl.sh).
Adding EN signal on $driver$lane[51].u_srl.sh ($dff) from module mixed_64 (D = { \lane[51].u_srl.sh [30:0] \lane[51].u_srl.D }, Q = \lane[51].u_srl.sh).
Adding EN signal on $driver$lane[43].u_srl.sh ($dff) from module mixed_64 (D = { \lane[43].u_srl.sh [30:0] \lane[43].u_srl.D }, Q = \lane[43].u_srl.sh).
Adding EN signal on $driver$lane[14].u_srl.sh ($dff) from module mixed_64 (D = { \lane[14].u_srl.sh [30:0] \lane[14].u_srl.D }, Q = \lane[14].u_srl.sh).
Adding EN signal on $driver$lane[32].u_srl.sh ($dff) from module mixed_64 (D = { \lane[32].u_srl.sh [30:0] \lane[32].u_srl.D }, Q = \lane[32].u_srl.sh).
Adding EN signal on $driver$lane[15].u_srl.sh ($dff) from module mixed_64 (D = { \lane[15].u_srl.sh [30:0] \lane[15].u_srl.D }, Q = \lane[15].u_srl.sh).
Adding EN signal on $driver$lane[46].u_srl.sh ($dff) from module mixed_64 (D = { \lane[46].u_srl.sh [30:0] \lane[46].u_srl.D }, Q = \lane[46].u_srl.sh).
Adding EN signal on $driver$lane[16].u_srl.sh ($dff) from module mixed_64 (D = { \lane[16].u_srl.sh [30:0] \lane[16].u_srl.D }, Q = \lane[16].u_srl.sh).
Adding EN signal on $driver$lane[44].u_srl.sh ($dff) from module mixed_64 (D = { \lane[44].u_srl.sh [30:0] \lane[44].u_srl.D }, Q = \lane[44].u_srl.sh).
Adding EN signal on $driver$lane[19].u_srl.sh ($dff) from module mixed_64 (D = { \lane[19].u_srl.sh [30:0] \lane[19].u_srl.D }, Q = \lane[19].u_srl.sh).
Adding EN signal on $driver$lane[33].u_srl.sh ($dff) from module mixed_64 (D = { \lane[33].u_srl.sh [30:0] \lane[33].u_srl.D }, Q = \lane[33].u_srl.sh).
Adding EN signal on $driver$lane[57].u_srl.sh ($dff) from module mixed_64 (D = { \lane[57].u_srl.sh [30:0] \lane[57].u_srl.D }, Q = \lane[57].u_srl.sh).
Adding EN signal on $driver$lane[17].u_srl.sh ($dff) from module mixed_64 (D = { \lane[17].u_srl.sh [30:0] \lane[17].u_srl.D }, Q = \lane[17].u_srl.sh).
Adding EN signal on $driver$lane[52].u_srl.sh ($dff) from module mixed_64 (D = { \lane[52].u_srl.sh [30:0] \lane[52].u_srl.D }, Q = \lane[52].u_srl.sh).
Adding EN signal on $driver$lane[45].u_srl.sh ($dff) from module mixed_64 (D = { \lane[45].u_srl.sh [30:0] \lane[45].u_srl.D }, Q = \lane[45].u_srl.sh).
Adding EN signal on $driver$lane[63].u_srl.sh ($dff) from module mixed_64 (D = { \lane[63].u_srl.sh [30:0] \lane[63].u_srl.D }, Q = \lane[63].u_srl.sh).
Adding EN signal on $driver$lane[34].u_srl.sh ($dff) from module mixed_64 (D = { \lane[34].u_srl.sh [30:0] \lane[34].u_srl.D }, Q = \lane[34].u_srl.sh).
Adding EN signal on $driver$lane[18].u_srl.sh ($dff) from module mixed_64 (D = { \lane[18].u_srl.sh [30:0] \lane[18].u_srl.D }, Q = \lane[18].u_srl.sh).
Adding EN signal on $driver$lane[53].u_srl.sh ($dff) from module mixed_64 (D = { \lane[53].u_srl.sh [30:0] \lane[53].u_srl.D }, Q = \lane[53].u_srl.sh).

6. Executing OPT_CLEAN pass (remove unused cells and wires).
Finding unused cells or wires in module \mixed_64..
Removed 67 unused cells and 67 unused wires.
<suppressed ~68 debug messages>

7. Executing MEMORY pass.

7.1. Executing OPT_MEM pass (optimize memories).
Performed a total of 0 transformations.

7.2. Executing OPT_MEM_PRIORITY pass (removing unnecessary memory write priority relations).
Performed a total of 0 transformations.

7.3. Executing OPT_MEM_FEEDBACK pass (finding memory read-to-write feedback paths).

7.4. Executing MEMORY_BMUX2ROM pass (converting muxes to ROMs).

7.5. Executing MEMORY_DFF pass (merging $dff cells to $memrd).

7.6. Executing OPT_CLEAN pass (remove unused cells and wires).
Finding unused cells or wires in module \mixed_64..

7.7. Executing MEMORY_SHARE pass (consolidating $memrd/$memwr cells).

7.8. Executing OPT_MEM_WIDEN pass (optimize memories where all ports are wide).
Performed a total of 0 transformations.

7.9. Executing OPT_CLEAN pass (remove unused cells and wires).
Finding unused cells or wires in module \mixed_64..

7.10. Executing MEMORY_COLLECT pass (generating $mem cells).

8. Executing MEMORY_LIBMAP pass (mapping memories to cells).

9. Executing TECHMAP pass (map to technology primitives).

9.1. Executing Verilog-2005 frontend: /home/darsh/gem/aigpdk/gemmacro_map.v
Parsing Verilog input from `/home/darsh/gem/aigpdk/gemmacro_map.v' to AST representation.
Generating RTLIL representation for module `\DSP48E2'.
Successfully finished Verilog frontend.

9.2. Continuing TECHMAP pass.
Using template $paramod$bf96ed5ef4a8b889961b438967357944c21a890a\DSP48E2 for cells of type DSP48E2.
No more expansions possible.
<suppressed ~168 debug messages>

10. Executing Verilog-2005 frontend: /home/darsh/gem/aigpdk/gemmacro_shred.v
Parsing Verilog input from `/home/darsh/gem/aigpdk/gemmacro_shred.v' to AST representation.
Generating RTLIL representation for module `\GEM_DSP48E2'.
Successfully finished Verilog frontend.

11. Executing PROC pass (convert processes to netlists).

11.1. Executing PROC_CLEAN pass (remove empty switches from decision trees).
Cleaned up 0 empty switches.

11.2. Executing PROC_RMDEAD pass (remove dead branches from decision trees).
Marked 2 switch rules as full_case in process $proc$/home/darsh/gem/aigpdk/gemmacro_shred.v:40$285 in module GEM_DSP48E2.
Removed a total of 0 dead cases.

11.3. Executing PROC_PRUNE pass (remove redundant assignments in processes).
Removed 0 redundant assignments.
Promoted 1 assignment to connection.

11.4. Executing PROC_INIT pass (extract init attributes).

11.5. Executing PROC_ARST pass (detect async resets in processes).

11.6. Executing PROC_ROM pass (convert switches to ROMs).
Converted 0 switches.
<suppressed ~3 debug messages>

11.7. Executing PROC_MUX pass (convert decision trees to multiplexers).
Creating decoders for process `\GEM_DSP48E2.$proc$/home/darsh/gem/aigpdk/gemmacro_shred.v:50$287'.
     1/1: $0\P[47:0]
Creating decoders for process `\GEM_DSP48E2.$proc$/home/darsh/gem/aigpdk/gemmacro_shred.v:40$285'.
     1/2: $2\p_next[47:0]
     2/2: $1\p_next[47:0]

11.8. Executing PROC_DLATCH pass (convert process syncs to latches).
No latch inferred for signal `\GEM_DSP48E2.\p_next' from process `\GEM_DSP48E2.$proc$/home/darsh/gem/aigpdk/gemmacro_shred.v:40$285'.

11.9. Executing PROC_DFF pass (convert process syncs to FFs).
Creating register for signal `\GEM_DSP48E2.\P' using process `\GEM_DSP48E2.$proc$/home/darsh/gem/aigpdk/gemmacro_shred.v:50$287'.
  created $dff cell `$procdff$298' with positive edge clock.

11.10. Executing PROC_MEMWR pass (convert process memory writes to cells).

11.11. Executing PROC_CLEAN pass (remove empty switches from decision trees).
Found and cleaned up 1 empty switch in `\GEM_DSP48E2.$proc$/home/darsh/gem/aigpdk/gemmacro_shred.v:50$287'.
Removing empty process `GEM_DSP48E2.$proc$/home/darsh/gem/aigpdk/gemmacro_shred.v:50$287'.
Found and cleaned up 2 empty switches in `\GEM_DSP48E2.$proc$/home/darsh/gem/aigpdk/gemmacro_shred.v:40$285'.
Removing empty process `GEM_DSP48E2.$proc$/home/darsh/gem/aigpdk/gemmacro_shred.v:40$285'.
Cleaned up 3 empty switches.

11.12. Executing OPT_EXPR pass (perform const folding).
Optimizing module GEM_DSP48E2.
Optimizing module mixed_64.
<suppressed ~768 debug messages>

12. Executing HIERARCHY pass (managing design hierarchy).

12.1. Analyzing design hierarchy..
Top module:  \mixed_64
Used module:     \GEM_DSP48E2

12.2. Analyzing design hierarchy..
Top module:  \mixed_64
Used module:     \GEM_DSP48E2
Removed 0 unused modules.

13. Executing OPT_EXPR pass (perform const folding).
Optimizing module GEM_DSP48E2.
Optimizing module mixed_64.
<suppressed ~320 debug messages>

14. Executing OPT_CLEAN pass (remove unused cells and wires).
Finding unused cells or wires in module \GEM_DSP48E2..
Finding unused cells or wires in module \mixed_64..
Removed 0 unused cells and 4361 unused wires.
<suppressed ~2 debug messages>

15. Executing SYNTH pass.

15.1. Executing HIERARCHY pass (managing design hierarchy).
Attribute `top' found on module `mixed_64'. Setting top module to mixed_64.

15.1.1. Analyzing design hierarchy..
Top module:  \mixed_64
Used module:     \GEM_DSP48E2

15.1.2. Analyzing design hierarchy..
Top module:  \mixed_64
Used module:     \GEM_DSP48E2
Removed 0 unused modules.

15.2. Executing PROC pass (convert processes to netlists).

15.2.1. Executing PROC_CLEAN pass (remove empty switches from decision trees).
Cleaned up 0 empty switches.

15.2.2. Executing PROC_RMDEAD pass (remove dead branches from decision trees).
Removed a total of 0 dead cases.

15.2.3. Executing PROC_PRUNE pass (remove redundant assignments in processes).
Removed 0 redundant assignments.
Promoted 0 assignments to connections.

15.2.4. Executing PROC_INIT pass (extract init attributes).

15.2.5. Executing PROC_ARST pass (detect async resets in processes).

15.2.6. Executing PROC_ROM pass (convert switches to ROMs).
Converted 0 switches.

15.2.7. Executing PROC_MUX pass (convert decision trees to multiplexers).

15.2.8. Executing PROC_DLATCH pass (convert process syncs to latches).

15.2.9. Executing PROC_DFF pass (convert process syncs to FFs).

15.2.10. Executing PROC_MEMWR pass (convert process memory writes to cells).

15.2.11. Executing PROC_CLEAN pass (remove empty switches from decision trees).
Cleaned up 0 empty switches.

15.2.12. Executing OPT_EXPR pass (perform const folding).
Optimizing module GEM_DSP48E2.
Optimizing module mixed_64.

15.3. Executing CHECK pass (checking for obvious problems).
Checking module GEM_DSP48E2...
Checking module mixed_64...
Found and reported 0 problems.

15.4. Executing FLATTEN pass (flatten design).
Deleting now unused module GEM_DSP48E2.
<suppressed ~64 debug messages>

15.5. Executing OPT_EXPR pass (perform const folding).
Optimizing module mixed_64.
<suppressed ~384 debug messages>

15.6. Executing OPT_CLEAN pass (remove unused cells and wires).
Finding unused cells or wires in module \mixed_64..
Removed 0 unused cells and 320 unused wires.
<suppressed ~65 debug messages>

15.7. Executing CHECK pass (checking for obvious problems).
Checking module mixed_64...
Found and reported 0 problems.

15.8. Executing OPT pass (performing simple optimizations).

15.8.1. Executing OPT_EXPR pass (perform const folding).
Optimizing module mixed_64.

15.8.2. Executing OPT_MERGE pass (detect identical cells).
Finding identical cells in module `\mixed_64'.
Computing hashes of 3648 cells of `\mixed_64'.
Finding duplicate cells in `\mixed_64'.
Removed a total of 0 cells.

15.8.3. Executing OPT_MUXTREE pass (detect dead branches in mux trees).
Running muxtree optimizer on module \mixed_64..
  Creating internal representation of mux trees.
  Evaluating internal representation of mux trees.
  Analyzing evaluation results.
    dead port 2/3 on $pmux $flatten\lane[63].u_dsp.$procmux$295.
    dead port 3/3 on $pmux $flatten\lane[63].u_dsp.$procmux$295.
    dead port 2/3 on $pmux $flatten\lane[39].u_dsp.$procmux$295.
    dead port 3/3 on $pmux $flatten\lane[39].u_dsp.$procmux$295.
    dead port 2/3 on $pmux $flatten\lane[2].u_dsp.$procmux$295.
    dead port 3/3 on $pmux $flatten\lane[2].u_dsp.$procmux$295.
    dead port 2/3 on $pmux $flatten\lane[43].u_dsp.$procmux$295.
    dead port 3/3 on $pmux $flatten\lane[43].u_dsp.$procmux$295.
    dead port 2/3 on $pmux $flatten\lane[42].u_dsp.$procmux$295.
    dead port 3/3 on $pmux $flatten\lane[42].u_dsp.$procmux$295.
    dead port 2/3 on $pmux $flatten\lane[46].u_dsp.$procmux$295.
    dead port 3/3 on $pmux $flatten\lane[46].u_dsp.$procmux$295.
    dead port 2/3 on $pmux $flatten\lane[40].u_dsp.$procmux$295.
    dead port 3/3 on $pmux $flatten\lane[40].u_dsp.$procmux$295.
    dead port 2/3 on $pmux $flatten\lane[51].u_dsp.$procmux$295.
    dead port 3/3 on $pmux $flatten\lane[51].u_dsp.$procmux$295.
    dead port 2/3 on $pmux $flatten\lane[30].u_dsp.$procmux$295.
    dead port 3/3 on $pmux $flatten\lane[30].u_dsp.$procmux$295.
    dead port 2/3 on $pmux $flatten\lane[13].u_dsp.$procmux$295.
    dead port 3/3 on $pmux $flatten\lane[13].u_dsp.$procmux$295.
    dead port 2/3 on $pmux $flatten\lane[8].u_dsp.$procmux$295.
    dead port 3/3 on $pmux $flatten\lane[8].u_dsp.$procmux$295.
    dead port 2/3 on $pmux $flatten\lane[20].u_dsp.$procmux$295.
    dead port 3/3 on $pmux $flatten\lane[20].u_dsp.$procmux$295.
    dead port 2/3 on $pmux $flatten\lane[56].u_dsp.$procmux$295.
    dead port 3/3 on $pmux $flatten\lane[56].u_dsp.$procmux$295.
    dead port 2/3 on $pmux $flatten\lane[6].u_dsp.$procmux$295.
    dead port 3/3 on $pmux $flatten\lane[6].u_dsp.$procmux$295.
    dead port 2/3 on $pmux $flatten\lane[61].u_dsp.$procmux$295.
    dead port 3/3 on $pmux $flatten\lane[61].u_dsp.$procmux$295.
    dead port 2/3 on $pmux $flatten\lane[11].u_dsp.$procmux$295.
    dead port 3/3 on $pmux $flatten\lane[11].u_dsp.$procmux$295.
    dead port 2/3 on $pmux $flatten\lane[1].u_dsp.$procmux$295.
    dead port 3/3 on $pmux $flatten\lane[1].u_dsp.$procmux$295.
    dead port 2/3 on $pmux $flatten\lane[10].u_dsp.$procmux$295.
    dead port 3/3 on $pmux $flatten\lane[10].u_dsp.$procmux$295.
    dead port 2/3 on $pmux $flatten\lane[16].u_dsp.$procmux$295.
    dead port 3/3 on $pmux $flatten\lane[16].u_dsp.$procmux$295.
    dead port 2/3 on $pmux $flatten\lane[57].u_dsp.$procmux$295.
    dead port 3/3 on $pmux $flatten\lane[57].u_dsp.$procmux$295.
    dead port 2/3 on $pmux $flatten\lane[38].u_dsp.$procmux$295.
    dead port 3/3 on $pmux $flatten\lane[38].u_dsp.$procmux$295.
    dead port 2/3 on $pmux $flatten\lane[47].u_dsp.$procmux$295.
    dead port 3/3 on $pmux $flatten\lane[47].u_dsp.$procmux$295.
    dead port 2/3 on $pmux $flatten\lane[15].u_dsp.$procmux$295.
    dead port 3/3 on $pmux $flatten\lane[15].u_dsp.$procmux$295.
    dead port 2/3 on $pmux $flatten\lane[41].u_dsp.$procmux$295.
    dead port 3/3 on $pmux $flatten\lane[41].u_dsp.$procmux$295.
    dead port 2/3 on $pmux $flatten\lane[48].u_dsp.$procmux$295.
    dead port 3/3 on $pmux $flatten\lane[48].u_dsp.$procmux$295.
    dead port 2/3 on $pmux $flatten\lane[59].u_dsp.$procmux$295.
    dead port 3/3 on $pmux $flatten\lane[59].u_dsp.$procmux$295.
    dead port 2/3 on $pmux $flatten\lane[9].u_dsp.$procmux$295.
    dead port 3/3 on $pmux $flatten\lane[9].u_dsp.$procmux$295.
    dead port 2/3 on $pmux $flatten\lane[22].u_dsp.$procmux$295.
    dead port 3/3 on $pmux $flatten\lane[22].u_dsp.$procmux$295.
    dead port 2/3 on $pmux $flatten\lane[62].u_dsp.$procmux$295.
    dead port 3/3 on $pmux $flatten\lane[62].u_dsp.$procmux$295.
    dead port 2/3 on $pmux $flatten\lane[53].u_dsp.$procmux$295.
    dead port 3/3 on $pmux $flatten\lane[53].u_dsp.$procmux$295.
    dead port 2/3 on $pmux $flatten\lane[45].u_dsp.$procmux$295.
    dead port 3/3 on $pmux $flatten\lane[45].u_dsp.$procmux$295.
    dead port 2/3 on $pmux $flatten\lane[34].u_dsp.$procmux$295.
    dead port 3/3 on $pmux $flatten\lane[34].u_dsp.$procmux$295.
    dead port 2/3 on $pmux $flatten\lane[35].u_dsp.$procmux$295.
    dead port 3/3 on $pmux $flatten\lane[35].u_dsp.$procmux$295.
    dead port 2/3 on $pmux $flatten\lane[14].u_dsp.$procmux$295.
    dead port 3/3 on $pmux $flatten\lane[14].u_dsp.$procmux$295.
    dead port 2/3 on $pmux $flatten\lane[24].u_dsp.$procmux$295.
    dead port 3/3 on $pmux $flatten\lane[24].u_dsp.$procmux$295.
    dead port 2/3 on $pmux $flatten\lane[29].u_dsp.$procmux$295.
    dead port 3/3 on $pmux $flatten\lane[29].u_dsp.$procmux$295.
    dead port 2/3 on $pmux $flatten\lane[12].u_dsp.$procmux$295.
    dead port 3/3 on $pmux $flatten\lane[12].u_dsp.$procmux$295.
    dead port 2/3 on $pmux $flatten\lane[28].u_dsp.$procmux$295.
    dead port 3/3 on $pmux $flatten\lane[28].u_dsp.$procmux$295.
    dead port 2/3 on $pmux $flatten\lane[25].u_dsp.$procmux$295.
    dead port 3/3 on $pmux $flatten\lane[25].u_dsp.$procmux$295.
    dead port 2/3 on $pmux $flatten\lane[32].u_dsp.$procmux$295.
    dead port 3/3 on $pmux $flatten\lane[32].u_dsp.$procmux$295.
    dead port 2/3 on $pmux $flatten\lane[50].u_dsp.$procmux$295.
    dead port 3/3 on $pmux $flatten\lane[50].u_dsp.$procmux$295.
    dead port 2/3 on $pmux $flatten\lane[44].u_dsp.$procmux$295.
    dead port 3/3 on $pmux $flatten\lane[44].u_dsp.$procmux$295.
    dead port 2/3 on $pmux $flatten\lane[52].u_dsp.$procmux$295.
    dead port 3/3 on $pmux $flatten\lane[52].u_dsp.$procmux$295.
    dead port 2/3 on $pmux $flatten\lane[54].u_dsp.$procmux$295.
    dead port 3/3 on $pmux $flatten\lane[54].u_dsp.$procmux$295.
    dead port 2/3 on $pmux $flatten\lane[37].u_dsp.$procmux$295.
    dead port 3/3 on $pmux $flatten\lane[37].u_dsp.$procmux$295.
    dead port 2/3 on $pmux $flatten\lane[27].u_dsp.$procmux$295.
    dead port 3/3 on $pmux $flatten\lane[27].u_dsp.$procmux$295.
    dead port 2/3 on $pmux $flatten\lane[23].u_dsp.$procmux$295.
    dead port 3/3 on $pmux $flatten\lane[23].u_dsp.$procmux$295.
    dead port 2/3 on $pmux $flatten\lane[60].u_dsp.$procmux$295.
    dead port 3/3 on $pmux $flatten\lane[60].u_dsp.$procmux$295.
    dead port 2/3 on $pmux $flatten\lane[33].u_dsp.$procmux$295.
    dead port 3/3 on $pmux $flatten\lane[33].u_dsp.$procmux$295.
    dead port 2/3 on $pmux $flatten\lane[0].u_dsp.$procmux$295.
    dead port 3/3 on $pmux $flatten\lane[0].u_dsp.$procmux$295.
    dead port 2/3 on $pmux $flatten\lane[21].u_dsp.$procmux$295.
    dead port 3/3 on $pmux $flatten\lane[21].u_dsp.$procmux$295.
    dead port 2/3 on $pmux $flatten\lane[17].u_dsp.$procmux$295.
    dead port 3/3 on $pmux $flatten\lane[17].u_dsp.$procmux$295.
    dead port 2/3 on $pmux $flatten\lane[3].u_dsp.$procmux$295.
    dead port 3/3 on $pmux $flatten\lane[3].u_dsp.$procmux$295.
    dead port 2/3 on $pmux $flatten\lane[31].u_dsp.$procmux$295.
    dead port 3/3 on $pmux $flatten\lane[31].u_dsp.$procmux$295.
    dead port 2/3 on $pmux $flatten\lane[36].u_dsp.$procmux$295.
    dead port 3/3 on $pmux $flatten\lane[36].u_dsp.$procmux$295.
    dead port 2/3 on $pmux $flatten\lane[19].u_dsp.$procmux$295.
    dead port 3/3 on $pmux $flatten\lane[19].u_dsp.$procmux$295.
    dead port 2/3 on $pmux $flatten\lane[5].u_dsp.$procmux$295.
    dead port 3/3 on $pmux $flatten\lane[5].u_dsp.$procmux$295.
    dead port 2/3 on $pmux $flatten\lane[58].u_dsp.$procmux$295.
    dead port 3/3 on $pmux $flatten\lane[58].u_dsp.$procmux$295.
    dead port 2/3 on $pmux $flatten\lane[26].u_dsp.$procmux$295.
    dead port 3/3 on $pmux $flatten\lane[26].u_dsp.$procmux$295.
    dead port 2/3 on $pmux $flatten\lane[49].u_dsp.$procmux$295.
    dead port 3/3 on $pmux $flatten\lane[49].u_dsp.$procmux$295.
    dead port 2/3 on $pmux $flatten\lane[4].u_dsp.$procmux$295.
    dead port 3/3 on $pmux $flatten\lane[4].u_dsp.$procmux$295.
    dead port 2/3 on $pmux $flatten\lane[55].u_dsp.$procmux$295.
    dead port 3/3 on $pmux $flatten\lane[55].u_dsp.$procmux$295.
    dead port 2/3 on $pmux $flatten\lane[7].u_dsp.$procmux$295.
    dead port 3/3 on $pmux $flatten\lane[7].u_dsp.$procmux$295.
    dead port 2/3 on $pmux $flatten\lane[18].u_dsp.$procmux$295.
    dead port 3/3 on $pmux $flatten\lane[18].u_dsp.$procmux$295.
Removed 128 multiplexer ports.
<suppressed ~4288 debug messages>

15.8.4. Executing OPT_REDUCE pass (consolidate $*mux and $reduce_* inputs).
  Optimizing cells in module \mixed_64.
Performed a total of 0 changes.

15.8.5. Executing OPT_MERGE pass (detect identical cells).
Finding identical cells in module `\mixed_64'.
Computing hashes of 3584 cells of `\mixed_64'.
Finding duplicate cells in `\mixed_64'.
Removed a total of 0 cells.

15.8.6. Executing OPT_DFF pass (perform DFF optimizations).

15.8.7. Executing OPT_CLEAN pass (remove unused cells and wires).
Finding unused cells or wires in module \mixed_64..
Removed 0 unused cells and 64 unused wires.
<suppressed ~1 debug messages>

15.8.8. Executing OPT_EXPR pass (perform const folding).
Optimizing module mixed_64.

15.8.9. Rerunning OPT passes. (Maybe there is more to do..)

15.8.10. Executing OPT_MUXTREE pass (detect dead branches in mux trees).
Running muxtree optimizer on module \mixed_64..
  Creating internal representation of mux trees.
  Evaluating internal representation of mux trees.
  Analyzing evaluation results.
Removed 0 multiplexer ports.
<suppressed ~4224 debug messages>

15.8.11. Executing OPT_REDUCE pass (consolidate $*mux and $reduce_* inputs).
  Optimizing cells in module \mixed_64.
Performed a total of 0 changes.

15.8.12. Executing OPT_MERGE pass (detect identical cells).
Finding identical cells in module `\mixed_64'.
Computing hashes of 3584 cells of `\mixed_64'.
Finding duplicate cells in `\mixed_64'.
Removed a total of 0 cells.

15.8.13. Executing OPT_DFF pass (perform DFF optimizations).

15.8.14. Executing OPT_CLEAN pass (remove unused cells and wires).
Finding unused cells or wires in module \mixed_64..

15.8.15. Executing OPT_EXPR pass (perform const folding).
Optimizing module mixed_64.

15.8.16. Finished fast OPT passes. (There is nothing left to do.)

15.9. Executing FSM pass (extract and optimize FSM).

15.9.1. Executing FSM_DETECT pass (finding FSMs in design).

15.9.2. Executing FSM_EXTRACT pass (extracting FSM from design).

15.9.3. Executing FSM_OPT pass (simple optimizations of FSMs).

15.9.4. Executing OPT_CLEAN pass (remove unused cells and wires).
Finding unused cells or wires in module \mixed_64..

15.9.5. Executing FSM_OPT pass (simple optimizations of FSMs).

15.9.6. Executing FSM_RECODE pass (re-assigning FSM state encoding).

15.9.7. Executing FSM_INFO pass (dumping all available information on FSM cells).

15.9.8. Executing FSM_MAP pass (mapping FSMs to basic logic).

15.10. Executing OPT pass (performing simple optimizations).

15.10.1. Executing OPT_EXPR pass (perform const folding).
Optimizing module mixed_64.

15.10.2. Executing OPT_MERGE pass (detect identical cells).
Finding identical cells in module `\mixed_64'.
Computing hashes of 3584 cells of `\mixed_64'.
Finding duplicate cells in `\mixed_64'.
Removed a total of 0 cells.

15.10.3. Executing OPT_MUXTREE pass (detect dead branches in mux trees).
Running muxtree optimizer on module \mixed_64..
  Creating internal representation of mux trees.
  Evaluating internal representation of mux trees.
  Analyzing evaluation results.
Removed 0 multiplexer ports.
<suppressed ~4224 debug messages>

15.10.4. Executing OPT_REDUCE pass (consolidate $*mux and $reduce_* inputs).
  Optimizing cells in module \mixed_64.
Performed a total of 0 changes.

15.10.5. Executing OPT_MERGE pass (detect identical cells).
Finding identical cells in module `\mixed_64'.
Computing hashes of 3584 cells of `\mixed_64'.
Finding duplicate cells in `\mixed_64'.
Removed a total of 0 cells.

15.10.6. Executing OPT_DFF pass (perform DFF optimizations).
Adding SRST signal on $flatten\lane[55].u_dsp.$procdff$298 ($dff) from module mixed_64 (D = $flatten\lane[55].u_dsp.$1\p_next[47:0], Q = \lane[55].u_dsp.P, rval = 48'000000000000000000000000000000000000000000000000).
Adding SRST signal on $flatten\lane[58].u_dsp.$procdff$298 ($dff) from module mixed_64 (D = $flatten\lane[58].u_dsp.$1\p_next[47:0], Q = \lane[58].u_dsp.P, rval = 48'000000000000000000000000000000000000000000000000).
Adding SRST signal on $flatten\lane[4].u_dsp.$procdff$298 ($dff) from module mixed_64 (D = $flatten\lane[4].u_dsp.$1\p_next[47:0], Q = \lane[4].u_dsp.P, rval = 48'000000000000000000000000000000000000000000000000).
Adding SRST signal on $flatten\lane[36].u_dsp.$procdff$298 ($dff) from module mixed_64 (D = $flatten\lane[36].u_dsp.$1\p_next[47:0], Q = \lane[36].u_dsp.P, rval = 48'000000000000000000000000000000000000000000000000).
Adding SRST signal on $flatten\lane[49].u_dsp.$procdff$298 ($dff) from module mixed_64 (D = $flatten\lane[49].u_dsp.$1\p_next[47:0], Q = \lane[49].u_dsp.P, rval = 48'000000000000000000000000000000000000000000000000).
Adding SRST signal on $flatten\lane[26].u_dsp.$procdff$298 ($dff) from module mixed_64 (D = $flatten\lane[26].u_dsp.$1\p_next[47:0], Q = \lane[26].u_dsp.P, rval = 48'000000000000000000000000000000000000000000000000).
Adding SRST signal on $flatten\lane[5].u_dsp.$procdff$298 ($dff) from module mixed_64 (D = $flatten\lane[5].u_dsp.$1\p_next[47:0], Q = \lane[5].u_dsp.P, rval = 48'000000000000000000000000000000000000000000000000).
Adding SRST signal on $flatten\lane[19].u_dsp.$procdff$298 ($dff) from module mixed_64 (D = $flatten\lane[19].u_dsp.$1\p_next[47:0], Q = \lane[19].u_dsp.P, rval = 48'000000000000000000000000000000000000000000000000).
Adding SRST signal on $flatten\lane[30].u_dsp.$procdff$298 ($dff) from module mixed_64 (D = $flatten\lane[30].u_dsp.$1\p_next[47:0], Q = \lane[30].u_dsp.P, rval = 48'000000000000000000000000000000000000000000000000).
Adding SRST signal on $flatten\lane[31].u_dsp.$procdff$298 ($dff) from module mixed_64 (D = $flatten\lane[31].u_dsp.$1\p_next[47:0], Q = \lane[31].u_dsp.P, rval = 48'000000000000000000000000000000000000000000000000).
Adding SRST signal on $flatten\lane[3].u_dsp.$procdff$298 ($dff) from module mixed_64 (D = $flatten\lane[3].u_dsp.$1\p_next[47:0], Q = \lane[3].u_dsp.P, rval = 48'000000000000000000000000000000000000000000000000).
Adding SRST signal on $flatten\lane[17].u_dsp.$procdff$298 ($dff) from module mixed_64 (D = $flatten\lane[17].u_dsp.$1\p_next[47:0], Q = \lane[17].u_dsp.P, rval = 48'000000000000000000000000000000000000000000000000).
Adding SRST signal on $flatten\lane[51].u_dsp.$procdff$298 ($dff) from module mixed_64 (D = $flatten\lane[51].u_dsp.$1\p_next[47:0], Q = \lane[51].u_dsp.P, rval = 48'000000000000000000000000000000000000000000000000).
Adding SRST signal on $flatten\lane[60].u_dsp.$procdff$298 ($dff) from module mixed_64 (D = $flatten\lane[60].u_dsp.$1\p_next[47:0], Q = \lane[60].u_dsp.P, rval = 48'000000000000000000000000000000000000000000000000).
Adding SRST signal on $flatten\lane[21].u_dsp.$procdff$298 ($dff) from module mixed_64 (D = $flatten\lane[21].u_dsp.$1\p_next[47:0], Q = \lane[21].u_dsp.P, rval = 48'000000000000000000000000000000000000000000000000).
Adding SRST signal on $flatten\lane[0].u_dsp.$procdff$298 ($dff) from module mixed_64 (D = $flatten\lane[0].u_dsp.$1\p_next[47:0], Q = \lane[0].u_dsp.P, rval = 48'000000000000000000000000000000000000000000000000).
Adding SRST signal on $flatten\lane[33].u_dsp.$procdff$298 ($dff) from module mixed_64 (D = $flatten\lane[33].u_dsp.$1\p_next[47:0], Q = \lane[33].u_dsp.P, rval = 48'000000000000000000000000000000000000000000000000).
Adding SRST signal on $flatten\lane[23].u_dsp.$procdff$298 ($dff) from module mixed_64 (D = $flatten\lane[23].u_dsp.$1\p_next[47:0], Q = \lane[23].u_dsp.P, rval = 48'000000000000000000000000000000000000000000000000).
Adding SRST signal on $flatten\lane[27].u_dsp.$procdff$298 ($dff) from module mixed_64 (D = $flatten\lane[27].u_dsp.$1\p_next[47:0], Q = \lane[27].u_dsp.P, rval = 48'000000000000000000000000000000000000000000000000).
Adding SRST signal on $flatten\lane[37].u_dsp.$procdff$298 ($dff) from module mixed_64 (D = $flatten\lane[37].u_dsp.$1\p_next[47:0], Q = \lane[37].u_dsp.P, rval = 48'000000000000000000000000000000000000000000000000).
Adding SRST signal on $flatten\lane[40].u_dsp.$procdff$298 ($dff) from module mixed_64 (D = $flatten\lane[40].u_dsp.$1\p_next[47:0], Q = \lane[40].u_dsp.P, rval = 48'000000000000000000000000000000000000000000000000).
Adding SRST signal on $flatten\lane[52].u_dsp.$procdff$298 ($dff) from module mixed_64 (D = $flatten\lane[52].u_dsp.$1\p_next[47:0], Q = \lane[52].u_dsp.P, rval = 48'000000000000000000000000000000000000000000000000).
Adding SRST signal on $flatten\lane[54].u_dsp.$procdff$298 ($dff) from module mixed_64 (D = $flatten\lane[54].u_dsp.$1\p_next[47:0], Q = \lane[54].u_dsp.P, rval = 48'000000000000000000000000000000000000000000000000).
Adding SRST signal on $flatten\lane[25].u_dsp.$procdff$298 ($dff) from module mixed_64 (D = $flatten\lane[25].u_dsp.$1\p_next[47:0], Q = \lane[25].u_dsp.P, rval = 48'000000000000000000000000000000000000000000000000).
Adding SRST signal on $flatten\lane[44].u_dsp.$procdff$298 ($dff) from module mixed_64 (D = $flatten\lane[44].u_dsp.$1\p_next[47:0], Q = \lane[44].u_dsp.P, rval = 48'000000000000000000000000000000000000000000000000).
Adding SRST signal on $flatten\lane[50].u_dsp.$procdff$298 ($dff) from module mixed_64 (D = $flatten\lane[50].u_dsp.$1\p_next[47:0], Q = \lane[50].u_dsp.P, rval = 48'000000000000000000000000000000000000000000000000).
Adding SRST signal on $flatten\lane[32].u_dsp.$procdff$298 ($dff) from module mixed_64 (D = $flatten\lane[32].u_dsp.$1\p_next[47:0], Q = \lane[32].u_dsp.P, rval = 48'000000000000000000000000000000000000000000000000).
Adding SRST signal on $flatten\lane[42].u_dsp.$procdff$298 ($dff) from module mixed_64 (D = $flatten\lane[42].u_dsp.$1\p_next[47:0], Q = \lane[42].u_dsp.P, rval = 48'000000000000000000000000000000000000000000000000).
Adding SRST signal on $flatten\lane[28].u_dsp.$procdff$298 ($dff) from module mixed_64 (D = $flatten\lane[28].u_dsp.$1\p_next[47:0], Q = \lane[28].u_dsp.P, rval = 48'000000000000000000000000000000000000000000000000).
Adding SRST signal on $flatten\lane[12].u_dsp.$procdff$298 ($dff) from module mixed_64 (D = $flatten\lane[12].u_dsp.$1\p_next[47:0], Q = \lane[12].u_dsp.P, rval = 48'000000000000000000000000000000000000000000000000).
Adding SRST signal on $flatten\lane[29].u_dsp.$procdff$298 ($dff) from module mixed_64 (D = $flatten\lane[29].u_dsp.$1\p_next[47:0], Q = \lane[29].u_dsp.P, rval = 48'000000000000000000000000000000000000000000000000).
Adding SRST signal on $flatten\lane[24].u_dsp.$procdff$298 ($dff) from module mixed_64 (D = $flatten\lane[24].u_dsp.$1\p_next[47:0], Q = \lane[24].u_dsp.P, rval = 48'000000000000000000000000000000000000000000000000).
Adding SRST signal on $flatten\lane[35].u_dsp.$procdff$298 ($dff) from module mixed_64 (D = $flatten\lane[35].u_dsp.$1\p_next[47:0], Q = \lane[35].u_dsp.P, rval = 48'000000000000000000000000000000000000000000000000).
Adding SRST signal on $flatten\lane[14].u_dsp.$procdff$298 ($dff) from module mixed_64 (D = $flatten\lane[14].u_dsp.$1\p_next[47:0], Q = \lane[14].u_dsp.P, rval = 48'000000000000000000000000000000000000000000000000).
Adding SRST signal on $flatten\lane[34].u_dsp.$procdff$298 ($dff) from module mixed_64 (D = $flatten\lane[34].u_dsp.$1\p_next[47:0], Q = \lane[34].u_dsp.P, rval = 48'000000000000000000000000000000000000000000000000).
Adding SRST signal on $flatten\lane[43].u_dsp.$procdff$298 ($dff) from module mixed_64 (D = $flatten\lane[43].u_dsp.$1\p_next[47:0], Q = \lane[43].u_dsp.P, rval = 48'000000000000000000000000000000000000000000000000).
Adding SRST signal on $flatten\lane[53].u_dsp.$procdff$298 ($dff) from module mixed_64 (D = $flatten\lane[53].u_dsp.$1\p_next[47:0], Q = \lane[53].u_dsp.P, rval = 48'000000000000000000000000000000000000000000000000).
Adding SRST signal on $flatten\lane[10].u_dsp.$procdff$298 ($dff) from module mixed_64 (D = $flatten\lane[10].u_dsp.$1\p_next[47:0], Q = \lane[10].u_dsp.P, rval = 48'000000000000000000000000000000000000000000000000).
Adding SRST signal on $flatten\lane[62].u_dsp.$procdff$298 ($dff) from module mixed_64 (D = $flatten\lane[62].u_dsp.$1\p_next[47:0], Q = \lane[62].u_dsp.P, rval = 48'000000000000000000000000000000000000000000000000).
Adding SRST signal on $flatten\lane[22].u_dsp.$procdff$298 ($dff) from module mixed_64 (D = $flatten\lane[22].u_dsp.$1\p_next[47:0], Q = \lane[22].u_dsp.P, rval = 48'000000000000000000000000000000000000000000000000).
Adding SRST signal on $flatten\lane[45].u_dsp.$procdff$298 ($dff) from module mixed_64 (D = $flatten\lane[45].u_dsp.$1\p_next[47:0], Q = \lane[45].u_dsp.P, rval = 48'000000000000000000000000000000000000000000000000).
Adding SRST signal on $flatten\lane[39].u_dsp.$procdff$298 ($dff) from module mixed_64 (D = $flatten\lane[39].u_dsp.$1\p_next[47:0], Q = \lane[39].u_dsp.P, rval = 48'000000000000000000000000000000000000000000000000).
Adding SRST signal on $flatten\lane[9].u_dsp.$procdff$298 ($dff) from module mixed_64 (D = $flatten\lane[9].u_dsp.$1\p_next[47:0], Q = \lane[9].u_dsp.P, rval = 48'000000000000000000000000000000000000000000000000).
Adding SRST signal on $flatten\lane[59].u_dsp.$procdff$298 ($dff) from module mixed_64 (D = $flatten\lane[59].u_dsp.$1\p_next[47:0], Q = \lane[59].u_dsp.P, rval = 48'000000000000000000000000000000000000000000000000).
Adding SRST signal on $flatten\lane[15].u_dsp.$procdff$298 ($dff) from module mixed_64 (D = $flatten\lane[15].u_dsp.$1\p_next[47:0], Q = \lane[15].u_dsp.P, rval = 48'000000000000000000000000000000000000000000000000).
Adding SRST signal on $flatten\lane[46].u_dsp.$procdff$298 ($dff) from module mixed_64 (D = $flatten\lane[46].u_dsp.$1\p_next[47:0], Q = \lane[46].u_dsp.P, rval = 48'000000000000000000000000000000000000000000000000).
Adding SRST signal on $flatten\lane[41].u_dsp.$procdff$298 ($dff) from module mixed_64 (D = $flatten\lane[41].u_dsp.$1\p_next[47:0], Q = \lane[41].u_dsp.P, rval = 48'000000000000000000000000000000000000000000000000).
Adding SRST signal on $flatten\lane[2].u_dsp.$procdff$298 ($dff) from module mixed_64 (D = $flatten\lane[2].u_dsp.$1\p_next[47:0], Q = \lane[2].u_dsp.P, rval = 48'000000000000000000000000000000000000000000000000).
Adding SRST signal on $flatten\lane[48].u_dsp.$procdff$298 ($dff) from module mixed_64 (D = $flatten\lane[48].u_dsp.$1\p_next[47:0], Q = \lane[48].u_dsp.P, rval = 48'000000000000000000000000000000000000000000000000).
Adding SRST signal on $flatten\lane[47].u_dsp.$procdff$298 ($dff) from module mixed_64 (D = $flatten\lane[47].u_dsp.$1\p_next[47:0], Q = \lane[47].u_dsp.P, rval = 48'000000000000000000000000000000000000000000000000).
Adding SRST signal on $flatten\lane[38].u_dsp.$procdff$298 ($dff) from module mixed_64 (D = $flatten\lane[38].u_dsp.$1\p_next[47:0], Q = \lane[38].u_dsp.P, rval = 48'000000000000000000000000000000000000000000000000).
Adding SRST signal on $flatten\lane[57].u_dsp.$procdff$298 ($dff) from module mixed_64 (D = $flatten\lane[57].u_dsp.$1\p_next[47:0], Q = \lane[57].u_dsp.P, rval = 48'000000000000000000000000000000000000000000000000).
Adding SRST signal on $flatten\lane[18].u_dsp.$procdff$298 ($dff) from module mixed_64 (D = $flatten\lane[18].u_dsp.$1\p_next[47:0], Q = \lane[18].u_dsp.P, rval = 48'000000000000000000000000000000000000000000000000).
Adding SRST signal on $flatten\lane[16].u_dsp.$procdff$298 ($dff) from module mixed_64 (D = $flatten\lane[16].u_dsp.$1\p_next[47:0], Q = \lane[16].u_dsp.P, rval = 48'000000000000000000000000000000000000000000000000).
Adding SRST signal on $flatten\lane[1].u_dsp.$procdff$298 ($dff) from module mixed_64 (D = $flatten\lane[1].u_dsp.$1\p_next[47:0], Q = \lane[1].u_dsp.P, rval = 48'000000000000000000000000000000000000000000000000).
Adding SRST signal on $flatten\lane[61].u_dsp.$procdff$298 ($dff) from module mixed_64 (D = $flatten\lane[61].u_dsp.$1\p_next[47:0], Q = \lane[61].u_dsp.P, rval = 48'000000000000000000000000000000000000000000000000).
Adding SRST signal on $flatten\lane[11].u_dsp.$procdff$298 ($dff) from module mixed_64 (D = $flatten\lane[11].u_dsp.$1\p_next[47:0], Q = \lane[11].u_dsp.P, rval = 48'000000000000000000000000000000000000000000000000).
Adding SRST signal on $flatten\lane[8].u_dsp.$procdff$298 ($dff) from module mixed_64 (D = $flatten\lane[8].u_dsp.$1\p_next[47:0], Q = \lane[8].u_dsp.P, rval = 48'000000000000000000000000000000000000000000000000).
Adding SRST signal on $flatten\lane[6].u_dsp.$procdff$298 ($dff) from module mixed_64 (D = $flatten\lane[6].u_dsp.$1\p_next[47:0], Q = \lane[6].u_dsp.P, rval = 48'000000000000000000000000000000000000000000000000).
Adding SRST signal on $flatten\lane[56].u_dsp.$procdff$298 ($dff) from module mixed_64 (D = $flatten\lane[56].u_dsp.$1\p_next[47:0], Q = \lane[56].u_dsp.P, rval = 48'000000000000000000000000000000000000000000000000).
Adding SRST signal on $flatten\lane[20].u_dsp.$procdff$298 ($dff) from module mixed_64 (D = $flatten\lane[20].u_dsp.$1\p_next[47:0], Q = \lane[20].u_dsp.P, rval = 48'000000000000000000000000000000000000000000000000).
Adding SRST signal on $flatten\lane[63].u_dsp.$procdff$298 ($dff) from module mixed_64 (D = $flatten\lane[63].u_dsp.$1\p_next[47:0], Q = \lane[63].u_dsp.P, rval = 48'000000000000000000000000000000000000000000000000).
Adding SRST signal on $flatten\lane[13].u_dsp.$procdff$298 ($dff) from module mixed_64 (D = $flatten\lane[13].u_dsp.$1\p_next[47:0], Q = \lane[13].u_dsp.P, rval = 48'000000000000000000000000000000000000000000000000).
Adding SRST signal on $flatten\lane[7].u_dsp.$procdff$298 ($dff) from module mixed_64 (D = $flatten\lane[7].u_dsp.$1\p_next[47:0], Q = \lane[7].u_dsp.P, rval = 48'000000000000000000000000000000000000000000000000).

15.10.7. Executing OPT_CLEAN pass (remove unused cells and wires).
Finding unused cells or wires in module \mixed_64..
Removed 64 unused cells and 64 unused wires.
<suppressed ~128 debug messages>

15.10.8. Executing OPT_EXPR pass (perform const folding).
Optimizing module mixed_64.

15.10.9. Rerunning OPT passes. (Maybe there is more to do..)

15.10.10. Executing OPT_MUXTREE pass (detect dead branches in mux trees).
Running muxtree optimizer on module \mixed_64..
  Creating internal representation of mux trees.
  Evaluating internal representation of mux trees.
  Analyzing evaluation results.
Removed 0 multiplexer ports.
<suppressed ~4096 debug messages>

15.10.11. Executing OPT_REDUCE pass (consolidate $*mux and $reduce_* inputs).
  Optimizing cells in module \mixed_64.
Performed a total of 0 changes.

15.10.12. Executing OPT_MERGE pass (detect identical cells).
Finding identical cells in module `\mixed_64'.
Computing hashes of 3520 cells of `\mixed_64'.
Finding duplicate cells in `\mixed_64'.
Removed a total of 0 cells.

15.10.13. Executing OPT_DFF pass (perform DFF optimizations).

15.10.14. Executing OPT_CLEAN pass (remove unused cells and wires).
Finding unused cells or wires in module \mixed_64..

15.10.15. Executing OPT_EXPR pass (perform const folding).
Optimizing module mixed_64.

15.10.16. Finished fast OPT passes. (There is nothing left to do.)

15.11. Executing WREDUCE pass (reducing word size of cells).

15.12. Executing PEEPOPT pass (run peephole optimizers).

15.13. Executing OPT_CLEAN pass (remove unused cells and wires).
Finding unused cells or wires in module \mixed_64..

15.14. Executing ALUMACC pass (create $alu and $macc cells).
Extracting $alu and $macc cells in module mixed_64:
  creating $macc model for $flatten\lane[48].u_dsp.$mul$/home/darsh/gem/aigpdk/gemmacro_shred.v:37$284 ($mul).
  creating $macc model for $flatten\lane[15].u_dsp.$mul$/home/darsh/gem/aigpdk/gemmacro_shred.v:37$284 ($mul).
  creating $macc model for $flatten\lane[45].u_dsp.$add$/home/darsh/gem/aigpdk/gemmacro_shred.v:43$286 ($add).
  creating $macc model for $flatten\lane[41].u_dsp.$mul$/home/darsh/gem/aigpdk/gemmacro_shred.v:37$284 ($mul).
  creating $macc model for $flatten\lane[41].u_dsp.$add$/home/darsh/gem/aigpdk/gemmacro_shred.v:43$286 ($add).
  creating $macc model for $flatten\lane[11].u_dsp.$add$/home/darsh/gem/aigpdk/gemmacro_shred.v:43$286 ($add).
  creating $macc model for $flatten\lane[59].u_dsp.$mul$/home/darsh/gem/aigpdk/gemmacro_shred.v:37$284 ($mul).
  creating $macc model for $flatten\lane[59].u_dsp.$add$/home/darsh/gem/aigpdk/gemmacro_shred.v:43$286 ($add).
  creating $macc model for $flatten\lane[22].u_dsp.$mul$/home/darsh/gem/aigpdk/gemmacro_shred.v:37$284 ($mul).
  creating $macc model for $flatten\lane[36].u_dsp.$mul$/home/darsh/gem/aigpdk/gemmacro_shred.v:37$284 ($mul).
  creating $macc model for $flatten\lane[43].u_dsp.$mul$/home/darsh/gem/aigpdk/gemmacro_shred.v:37$284 ($mul).
  creating $macc model for $flatten\lane[22].u_dsp.$add$/home/darsh/gem/aigpdk/gemmacro_shred.v:43$286 ($add).
  creating $macc model for $flatten\lane[9].u_dsp.$mul$/home/darsh/gem/aigpdk/gemmacro_shred.v:37$284 ($mul).
  creating $macc model for $flatten\lane[9].u_dsp.$add$/home/darsh/gem/aigpdk/gemmacro_shred.v:43$286 ($add).
  creating $macc model for $flatten\lane[39].u_dsp.$mul$/home/darsh/gem/aigpdk/gemmacro_shred.v:37$284 ($mul).
  creating $macc model for $flatten\lane[35].u_dsp.$mul$/home/darsh/gem/aigpdk/gemmacro_shred.v:37$284 ($mul).
  creating $macc model for $flatten\lane[57].u_dsp.$mul$/home/darsh/gem/aigpdk/gemmacro_shred.v:37$284 ($mul).
  creating $macc model for $flatten\lane[43].u_dsp.$add$/home/darsh/gem/aigpdk/gemmacro_shred.v:43$286 ($add).
  creating $macc model for $flatten\lane[8].u_dsp.$add$/home/darsh/gem/aigpdk/gemmacro_shred.v:43$286 ($add).
  creating $macc model for $flatten\lane[62].u_dsp.$mul$/home/darsh/gem/aigpdk/gemmacro_shred.v:37$284 ($mul).
  creating $macc model for $flatten\lane[62].u_dsp.$add$/home/darsh/gem/aigpdk/gemmacro_shred.v:43$286 ($add).
  creating $macc model for $flatten\lane[35].u_dsp.$add$/home/darsh/gem/aigpdk/gemmacro_shred.v:43$286 ($add).
  creating $macc model for $flatten\lane[57].u_dsp.$add$/home/darsh/gem/aigpdk/gemmacro_shred.v:43$286 ($add).
  creating $macc model for $flatten\lane[51].u_dsp.$mul$/home/darsh/gem/aigpdk/gemmacro_shred.v:37$284 ($mul).
  creating $macc model for $flatten\lane[34].u_dsp.$mul$/home/darsh/gem/aigpdk/gemmacro_shred.v:37$284 ($mul).
  creating $macc model for $flatten\lane[53].u_dsp.$mul$/home/darsh/gem/aigpdk/gemmacro_shred.v:37$284 ($mul).
  creating $macc model for $flatten\lane[53].u_dsp.$add$/home/darsh/gem/aigpdk/gemmacro_shred.v:43$286 ($add).
  creating $macc model for $flatten\lane[34].u_dsp.$add$/home/darsh/gem/aigpdk/gemmacro_shred.v:43$286 ($add).
  creating $macc model for $flatten\lane[2].u_dsp.$mul$/home/darsh/gem/aigpdk/gemmacro_shred.v:37$284 ($mul).
  creating $macc model for $flatten\lane[14].u_dsp.$mul$/home/darsh/gem/aigpdk/gemmacro_shred.v:37$284 ($mul).
  creating $macc model for $flatten\lane[14].u_dsp.$add$/home/darsh/gem/aigpdk/gemmacro_shred.v:43$286 ($add).
  creating $macc model for $flatten\lane[63].u_dsp.$mul$/home/darsh/gem/aigpdk/gemmacro_shred.v:37$284 ($mul).
  creating $macc model for $flatten\lane[45].u_dsp.$mul$/home/darsh/gem/aigpdk/gemmacro_shred.v:37$284 ($mul).
  creating $macc model for $flatten\lane[63].u_dsp.$add$/home/darsh/gem/aigpdk/gemmacro_shred.v:43$286 ($add).
  creating $macc model for $flatten\lane[24].u_dsp.$mul$/home/darsh/gem/aigpdk/gemmacro_shred.v:37$284 ($mul).
  creating $macc model for $flatten\lane[24].u_dsp.$add$/home/darsh/gem/aigpdk/gemmacro_shred.v:43$286 ($add).
  creating $macc model for $flatten\lane[29].u_dsp.$mul$/home/darsh/gem/aigpdk/gemmacro_shred.v:37$284 ($mul).
  creating $macc model for $flatten\lane[25].u_dsp.$add$/home/darsh/gem/aigpdk/gemmacro_shred.v:43$286 ($add).
  creating $macc model for $flatten\lane[38].u_dsp.$add$/home/darsh/gem/aigpdk/gemmacro_shred.v:43$286 ($add).
  creating $macc model for $flatten\lane[29].u_dsp.$add$/home/darsh/gem/aigpdk/gemmacro_shred.v:43$286 ($add).
  creating $macc model for $flatten\lane[12].u_dsp.$mul$/home/darsh/gem/aigpdk/gemmacro_shred.v:37$284 ($mul).
  creating $macc model for $flatten\lane[12].u_dsp.$add$/home/darsh/gem/aigpdk/gemmacro_shred.v:43$286 ($add).
  creating $macc model for $flatten\lane[48].u_dsp.$add$/home/darsh/gem/aigpdk/gemmacro_shred.v:43$286 ($add).
  creating $macc model for $flatten\lane[51].u_dsp.$add$/home/darsh/gem/aigpdk/gemmacro_shred.v:43$286 ($add).
  creating $macc model for $flatten\lane[40].u_dsp.$mul$/home/darsh/gem/aigpdk/gemmacro_shred.v:37$284 ($mul).
  creating $macc model for $flatten\lane[25].u_dsp.$mul$/home/darsh/gem/aigpdk/gemmacro_shred.v:37$284 ($mul).
  creating $macc model for $flatten\lane[28].u_dsp.$mul$/home/darsh/gem/aigpdk/gemmacro_shred.v:37$284 ($mul).
  creating $macc model for $flatten\lane[28].u_dsp.$add$/home/darsh/gem/aigpdk/gemmacro_shred.v:43$286 ($add).
  creating $macc model for $flatten\lane[36].u_dsp.$add$/home/darsh/gem/aigpdk/gemmacro_shred.v:43$286 ($add).
  creating $macc model for $flatten\lane[6].u_dsp.$mul$/home/darsh/gem/aigpdk/gemmacro_shred.v:37$284 ($mul).
  creating $macc model for $flatten\lane[50].u_dsp.$mul$/home/darsh/gem/aigpdk/gemmacro_shred.v:37$284 ($mul).
  creating $macc model for $flatten\lane[40].u_dsp.$add$/home/darsh/gem/aigpdk/gemmacro_shred.v:43$286 ($add).
  creating $macc model for $flatten\lane[50].u_dsp.$add$/home/darsh/gem/aigpdk/gemmacro_shred.v:43$286 ($add).
  creating $macc model for $flatten\lane[32].u_dsp.$mul$/home/darsh/gem/aigpdk/gemmacro_shred.v:37$284 ($mul).
  creating $macc model for $flatten\lane[32].u_dsp.$add$/home/darsh/gem/aigpdk/gemmacro_shred.v:43$286 ($add).
  creating $macc model for $flatten\lane[0].u_dsp.$mul$/home/darsh/gem/aigpdk/gemmacro_shred.v:37$284 ($mul).
  creating $macc model for $flatten\lane[16].u_dsp.$mul$/home/darsh/gem/aigpdk/gemmacro_shred.v:37$284 ($mul).
  creating $macc model for $flatten\lane[44].u_dsp.$mul$/home/darsh/gem/aigpdk/gemmacro_shred.v:37$284 ($mul).
  creating $macc model for $flatten\lane[44].u_dsp.$add$/home/darsh/gem/aigpdk/gemmacro_shred.v:43$286 ($add).
  creating $macc model for $flatten\lane[52].u_dsp.$add$/home/darsh/gem/aigpdk/gemmacro_shred.v:43$286 ($add).
  creating $macc model for $flatten\lane[0].u_dsp.$add$/home/darsh/gem/aigpdk/gemmacro_shred.v:43$286 ($add).
  creating $macc model for $flatten\lane[52].u_dsp.$mul$/home/darsh/gem/aigpdk/gemmacro_shred.v:37$284 ($mul).
  creating $macc model for $flatten\lane[54].u_dsp.$mul$/home/darsh/gem/aigpdk/gemmacro_shred.v:37$284 ($mul).
  creating $macc model for $flatten\lane[54].u_dsp.$add$/home/darsh/gem/aigpdk/gemmacro_shred.v:43$286 ($add).
  creating $macc model for $flatten\lane[60].u_dsp.$mul$/home/darsh/gem/aigpdk/gemmacro_shred.v:37$284 ($mul).
  creating $macc model for $flatten\lane[39].u_dsp.$add$/home/darsh/gem/aigpdk/gemmacro_shred.v:43$286 ($add).
  creating $macc model for $flatten\lane[6].u_dsp.$add$/home/darsh/gem/aigpdk/gemmacro_shred.v:43$286 ($add).
  creating $macc model for $flatten\lane[37].u_dsp.$mul$/home/darsh/gem/aigpdk/gemmacro_shred.v:37$284 ($mul).
  creating $macc model for $flatten\lane[37].u_dsp.$add$/home/darsh/gem/aigpdk/gemmacro_shred.v:43$286 ($add).
  creating $macc model for $flatten\lane[23].u_dsp.$mul$/home/darsh/gem/aigpdk/gemmacro_shred.v:37$284 ($mul).
  creating $macc model for $flatten\lane[60].u_dsp.$add$/home/darsh/gem/aigpdk/gemmacro_shred.v:43$286 ($add).
  creating $macc model for $flatten\lane[23].u_dsp.$add$/home/darsh/gem/aigpdk/gemmacro_shred.v:43$286 ($add).
  creating $macc model for $flatten\lane[27].u_dsp.$mul$/home/darsh/gem/aigpdk/gemmacro_shred.v:37$284 ($mul).
  creating $macc model for $flatten\lane[27].u_dsp.$add$/home/darsh/gem/aigpdk/gemmacro_shred.v:43$286 ($add).
  creating $macc model for $flatten\lane[56].u_dsp.$mul$/home/darsh/gem/aigpdk/gemmacro_shred.v:37$284 ($mul).
  creating $macc model for $flatten\lane[47].u_dsp.$mul$/home/darsh/gem/aigpdk/gemmacro_shred.v:37$284 ($mul).
  creating $macc model for $flatten\lane[46].u_dsp.$add$/home/darsh/gem/aigpdk/gemmacro_shred.v:43$286 ($add).
  creating $macc model for $flatten\lane[1].u_dsp.$mul$/home/darsh/gem/aigpdk/gemmacro_shred.v:37$284 ($mul).
  creating $macc model for $flatten\lane[33].u_dsp.$mul$/home/darsh/gem/aigpdk/gemmacro_shred.v:37$284 ($mul).
  creating $macc model for $flatten\lane[33].u_dsp.$add$/home/darsh/gem/aigpdk/gemmacro_shred.v:43$286 ($add).
  creating $macc model for $flatten\lane[30].u_dsp.$mul$/home/darsh/gem/aigpdk/gemmacro_shred.v:37$284 ($mul).
  creating $macc model for $flatten\lane[47].u_dsp.$add$/home/darsh/gem/aigpdk/gemmacro_shred.v:43$286 ($add).
  creating $macc model for $flatten\lane[30].u_dsp.$add$/home/darsh/gem/aigpdk/gemmacro_shred.v:43$286 ($add).
  creating $macc model for $flatten\lane[17].u_dsp.$mul$/home/darsh/gem/aigpdk/gemmacro_shred.v:37$284 ($mul).
  creating $macc model for $flatten\lane[21].u_dsp.$mul$/home/darsh/gem/aigpdk/gemmacro_shred.v:37$284 ($mul).
  creating $macc model for $flatten\lane[21].u_dsp.$add$/home/darsh/gem/aigpdk/gemmacro_shred.v:43$286 ($add).
  creating $macc model for $flatten\lane[17].u_dsp.$add$/home/darsh/gem/aigpdk/gemmacro_shred.v:43$286 ($add).
  creating $macc model for $flatten\lane[1].u_dsp.$add$/home/darsh/gem/aigpdk/gemmacro_shred.v:43$286 ($add).
  creating $macc model for $flatten\lane[61].u_dsp.$mul$/home/darsh/gem/aigpdk/gemmacro_shred.v:37$284 ($mul).
  creating $macc model for $flatten\lane[3].u_dsp.$mul$/home/darsh/gem/aigpdk/gemmacro_shred.v:37$284 ($mul).
  creating $macc model for $flatten\lane[3].u_dsp.$add$/home/darsh/gem/aigpdk/gemmacro_shred.v:43$286 ($add).
  creating $macc model for $flatten\lane[16].u_dsp.$add$/home/darsh/gem/aigpdk/gemmacro_shred.v:43$286 ($add).
  creating $macc model for $flatten\lane[15].u_dsp.$add$/home/darsh/gem/aigpdk/gemmacro_shred.v:43$286 ($add).
  creating $macc model for $flatten\lane[19].u_dsp.$mul$/home/darsh/gem/aigpdk/gemmacro_shred.v:37$284 ($mul).
  creating $macc model for $flatten\lane[31].u_dsp.$mul$/home/darsh/gem/aigpdk/gemmacro_shred.v:37$284 ($mul).
  creating $macc model for $flatten\lane[31].u_dsp.$add$/home/darsh/gem/aigpdk/gemmacro_shred.v:43$286 ($add).
  creating $macc model for $flatten\lane[19].u_dsp.$add$/home/darsh/gem/aigpdk/gemmacro_shred.v:43$286 ($add).
  creating $macc model for $flatten\lane[42].u_dsp.$add$/home/darsh/gem/aigpdk/gemmacro_shred.v:43$286 ($add).
  creating $macc model for $flatten\lane[58].u_dsp.$add$/home/darsh/gem/aigpdk/gemmacro_shred.v:43$286 ($add).
  creating $macc model for $flatten\lane[5].u_dsp.$mul$/home/darsh/gem/aigpdk/gemmacro_shred.v:37$284 ($mul).
  creating $macc model for $flatten\lane[5].u_dsp.$add$/home/darsh/gem/aigpdk/gemmacro_shred.v:43$286 ($add).
  creating $macc model for $flatten\lane[58].u_dsp.$mul$/home/darsh/gem/aigpdk/gemmacro_shred.v:37$284 ($mul).
  creating $macc model for $flatten\lane[46].u_dsp.$mul$/home/darsh/gem/aigpdk/gemmacro_shred.v:37$284 ($mul).
  creating $macc model for $flatten\lane[26].u_dsp.$mul$/home/darsh/gem/aigpdk/gemmacro_shred.v:37$284 ($mul).
  creating $macc model for $flatten\lane[26].u_dsp.$add$/home/darsh/gem/aigpdk/gemmacro_shred.v:43$286 ($add).
  creating $macc model for $flatten\lane[49].u_dsp.$mul$/home/darsh/gem/aigpdk/gemmacro_shred.v:37$284 ($mul).
  creating $macc model for $flatten\lane[20].u_dsp.$mul$/home/darsh/gem/aigpdk/gemmacro_shred.v:37$284 ($mul).
  creating $macc model for $flatten\lane[38].u_dsp.$mul$/home/darsh/gem/aigpdk/gemmacro_shred.v:37$284 ($mul).
  creating $macc model for $flatten\lane[49].u_dsp.$add$/home/darsh/gem/aigpdk/gemmacro_shred.v:43$286 ($add).
  creating $macc model for $flatten\lane[13].u_dsp.$mul$/home/darsh/gem/aigpdk/gemmacro_shred.v:37$284 ($mul).
  creating $macc model for $flatten\lane[4].u_dsp.$mul$/home/darsh/gem/aigpdk/gemmacro_shred.v:37$284 ($mul).
  creating $macc model for $flatten\lane[4].u_dsp.$add$/home/darsh/gem/aigpdk/gemmacro_shred.v:43$286 ($add).
  creating $macc model for $flatten\lane[56].u_dsp.$add$/home/darsh/gem/aigpdk/gemmacro_shred.v:43$286 ($add).
  creating $macc model for $flatten\lane[2].u_dsp.$add$/home/darsh/gem/aigpdk/gemmacro_shred.v:43$286 ($add).
  creating $macc model for $flatten\lane[13].u_dsp.$add$/home/darsh/gem/aigpdk/gemmacro_shred.v:43$286 ($add).
  creating $macc model for $flatten\lane[20].u_dsp.$add$/home/darsh/gem/aigpdk/gemmacro_shred.v:43$286 ($add).
  creating $macc model for $flatten\lane[55].u_dsp.$mul$/home/darsh/gem/aigpdk/gemmacro_shred.v:37$284 ($mul).
  creating $macc model for $flatten\lane[55].u_dsp.$add$/home/darsh/gem/aigpdk/gemmacro_shred.v:43$286 ($add).
  creating $macc model for $flatten\lane[10].u_dsp.$add$/home/darsh/gem/aigpdk/gemmacro_shred.v:43$286 ($add).
  creating $macc model for $flatten\lane[18].u_dsp.$mul$/home/darsh/gem/aigpdk/gemmacro_shred.v:37$284 ($mul).
  creating $macc model for $flatten\lane[11].u_dsp.$mul$/home/darsh/gem/aigpdk/gemmacro_shred.v:37$284 ($mul).
  creating $macc model for $flatten\lane[18].u_dsp.$add$/home/darsh/gem/aigpdk/gemmacro_shred.v:43$286 ($add).
  creating $macc model for $flatten\lane[42].u_dsp.$mul$/home/darsh/gem/aigpdk/gemmacro_shred.v:37$284 ($mul).
  creating $macc model for $flatten\lane[7].u_dsp.$mul$/home/darsh/gem/aigpdk/gemmacro_shred.v:37$284 ($mul).
  creating $macc model for $flatten\lane[7].u_dsp.$add$/home/darsh/gem/aigpdk/gemmacro_shred.v:43$286 ($add).
  creating $macc model for $flatten\lane[10].u_dsp.$mul$/home/darsh/gem/aigpdk/gemmacro_shred.v:37$284 ($mul).
  creating $macc model for $flatten\lane[8].u_dsp.$mul$/home/darsh/gem/aigpdk/gemmacro_shred.v:37$284 ($mul).
  creating $macc model for $flatten\lane[61].u_dsp.$add$/home/darsh/gem/aigpdk/gemmacro_shred.v:43$286 ($add).
  merging $macc model for $flatten\lane[61].u_dsp.$mul$/home/darsh/gem/aigpdk/gemmacro_shred.v:37$284 into $flatten\lane[61].u_dsp.$add$/home/darsh/gem/aigpdk/gemmacro_shred.v:43$286.
  merging $macc model for $flatten\lane[7].u_dsp.$mul$/home/darsh/gem/aigpdk/gemmacro_shred.v:37$284 into $flatten\lane[7].u_dsp.$add$/home/darsh/gem/aigpdk/gemmacro_shred.v:43$286.
  merging $macc model for $flatten\lane[18].u_dsp.$mul$/home/darsh/gem/aigpdk/gemmacro_shred.v:37$284 into $flatten\lane[18].u_dsp.$add$/home/darsh/gem/aigpdk/gemmacro_shred.v:43$286.
  merging $macc model for $flatten\lane[10].u_dsp.$mul$/home/darsh/gem/aigpdk/gemmacro_shred.v:37$284 into $flatten\lane[10].u_dsp.$add$/home/darsh/gem/aigpdk/gemmacro_shred.v:43$286.
  merging $macc model for $flatten\lane[55].u_dsp.$mul$/home/darsh/gem/aigpdk/gemmacro_shred.v:37$284 into $flatten\lane[55].u_dsp.$add$/home/darsh/gem/aigpdk/gemmacro_shred.v:43$286.
  merging $macc model for $flatten\lane[20].u_dsp.$mul$/home/darsh/gem/aigpdk/gemmacro_shred.v:37$284 into $flatten\lane[20].u_dsp.$add$/home/darsh/gem/aigpdk/gemmacro_shred.v:43$286.
  merging $macc model for $flatten\lane[13].u_dsp.$mul$/home/darsh/gem/aigpdk/gemmacro_shred.v:37$284 into $flatten\lane[13].u_dsp.$add$/home/darsh/gem/aigpdk/gemmacro_shred.v:43$286.
  merging $macc model for $flatten\lane[2].u_dsp.$mul$/home/darsh/gem/aigpdk/gemmacro_shred.v:37$284 into $flatten\lane[2].u_dsp.$add$/home/darsh/gem/aigpdk/gemmacro_shred.v:43$286.
  merging $macc model for $flatten\lane[56].u_dsp.$mul$/home/darsh/gem/aigpdk/gemmacro_shred.v:37$284 into $flatten\lane[56].u_dsp.$add$/home/darsh/gem/aigpdk/gemmacro_shred.v:43$286.
  merging $macc model for $flatten\lane[4].u_dsp.$mul$/home/darsh/gem/aigpdk/gemmacro_shred.v:37$284 into $flatten\lane[4].u_dsp.$add$/home/darsh/gem/aigpdk/gemmacro_shred.v:43$286.
  merging $macc model for $flatten\lane[49].u_dsp.$mul$/home/darsh/gem/aigpdk/gemmacro_shred.v:37$284 into $flatten\lane[49].u_dsp.$add$/home/darsh/gem/aigpdk/gemmacro_shred.v:43$286.
  merging $macc model for $flatten\lane[26].u_dsp.$mul$/home/darsh/gem/aigpdk/gemmacro_shred.v:37$284 into $flatten\lane[26].u_dsp.$add$/home/darsh/gem/aigpdk/gemmacro_shred.v:43$286.
  merging $macc model for $flatten\lane[5].u_dsp.$mul$/home/darsh/gem/aigpdk/gemmacro_shred.v:37$284 into $flatten\lane[5].u_dsp.$add$/home/darsh/gem/aigpdk/gemmacro_shred.v:43$286.
  merging $macc model for $flatten\lane[58].u_dsp.$mul$/home/darsh/gem/aigpdk/gemmacro_shred.v:37$284 into $flatten\lane[58].u_dsp.$add$/home/darsh/gem/aigpdk/gemmacro_shred.v:43$286.
  merging $macc model for $flatten\lane[42].u_dsp.$mul$/home/darsh/gem/aigpdk/gemmacro_shred.v:37$284 into $flatten\lane[42].u_dsp.$add$/home/darsh/gem/aigpdk/gemmacro_shred.v:43$286.
  merging $macc model for $flatten\lane[19].u_dsp.$mul$/home/darsh/gem/aigpdk/gemmacro_shred.v:37$284 into $flatten\lane[19].u_dsp.$add$/home/darsh/gem/aigpdk/gemmacro_shred.v:43$286.
  merging $macc model for $flatten\lane[31].u_dsp.$mul$/home/darsh/gem/aigpdk/gemmacro_shred.v:37$284 into $flatten\lane[31].u_dsp.$add$/home/darsh/gem/aigpdk/gemmacro_shred.v:43$286.
  merging $macc model for $flatten\lane[15].u_dsp.$mul$/home/darsh/gem/aigpdk/gemmacro_shred.v:37$284 into $flatten\lane[15].u_dsp.$add$/home/darsh/gem/aigpdk/gemmacro_shred.v:43$286.
  merging $macc model for $flatten\lane[16].u_dsp.$mul$/home/darsh/gem/aigpdk/gemmacro_shred.v:37$284 into $flatten\lane[16].u_dsp.$add$/home/darsh/gem/aigpdk/gemmacro_shred.v:43$286.
  merging $macc model for $flatten\lane[3].u_dsp.$mul$/home/darsh/gem/aigpdk/gemmacro_shred.v:37$284 into $flatten\lane[3].u_dsp.$add$/home/darsh/gem/aigpdk/gemmacro_shred.v:43$286.
  merging $macc model for $flatten\lane[1].u_dsp.$mul$/home/darsh/gem/aigpdk/gemmacro_shred.v:37$284 into $flatten\lane[1].u_dsp.$add$/home/darsh/gem/aigpdk/gemmacro_shred.v:43$286.
  merging $macc model for $flatten\lane[17].u_dsp.$mul$/home/darsh/gem/aigpdk/gemmacro_shred.v:37$284 into $flatten\lane[17].u_dsp.$add$/home/darsh/gem/aigpdk/gemmacro_shred.v:43$286.
  merging $macc model for $flatten\lane[21].u_dsp.$mul$/home/darsh/gem/aigpdk/gemmacro_shred.v:37$284 into $flatten\lane[21].u_dsp.$add$/home/darsh/gem/aigpdk/gemmacro_shred.v:43$286.
  merging $macc model for $flatten\lane[30].u_dsp.$mul$/home/darsh/gem/aigpdk/gemmacro_shred.v:37$284 into $flatten\lane[30].u_dsp.$add$/home/darsh/gem/aigpdk/gemmacro_shred.v:43$286.
  merging $macc model for $flatten\lane[47].u_dsp.$mul$/home/darsh/gem/aigpdk/gemmacro_shred.v:37$284 into $flatten\lane[47].u_dsp.$add$/home/darsh/gem/aigpdk/gemmacro_shred.v:43$286.
  merging $macc model for $flatten\lane[33].u_dsp.$mul$/home/darsh/gem/aigpdk/gemmacro_shred.v:37$284 into $flatten\lane[33].u_dsp.$add$/home/darsh/gem/aigpdk/gemmacro_shred.v:43$286.
  merging $macc model for $flatten\lane[46].u_dsp.$mul$/home/darsh/gem/aigpdk/gemmacro_shred.v:37$284 into $flatten\lane[46].u_dsp.$add$/home/darsh/gem/aigpdk/gemmacro_shred.v:43$286.
  merging $macc model for $flatten\lane[27].u_dsp.$mul$/home/darsh/gem/aigpdk/gemmacro_shred.v:37$284 into $flatten\lane[27].u_dsp.$add$/home/darsh/gem/aigpdk/gemmacro_shred.v:43$286.
  merging $macc model for $flatten\lane[23].u_dsp.$mul$/home/darsh/gem/aigpdk/gemmacro_shred.v:37$284 into $flatten\lane[23].u_dsp.$add$/home/darsh/gem/aigpdk/gemmacro_shred.v:43$286.
  merging $macc model for $flatten\lane[60].u_dsp.$mul$/home/darsh/gem/aigpdk/gemmacro_shred.v:37$284 into $flatten\lane[60].u_dsp.$add$/home/darsh/gem/aigpdk/gemmacro_shred.v:43$286.
  merging $macc model for $flatten\lane[37].u_dsp.$mul$/home/darsh/gem/aigpdk/gemmacro_shred.v:37$284 into $flatten\lane[37].u_dsp.$add$/home/darsh/gem/aigpdk/gemmacro_shred.v:43$286.
  merging $macc model for $flatten\lane[6].u_dsp.$mul$/home/darsh/gem/aigpdk/gemmacro_shred.v:37$284 into $flatten\lane[6].u_dsp.$add$/home/darsh/gem/aigpdk/gemmacro_shred.v:43$286.
  merging $macc model for $flatten\lane[39].u_dsp.$mul$/home/darsh/gem/aigpdk/gemmacro_shred.v:37$284 into $flatten\lane[39].u_dsp.$add$/home/darsh/gem/aigpdk/gemmacro_shred.v:43$286.
  merging $macc model for $flatten\lane[54].u_dsp.$mul$/home/darsh/gem/aigpdk/gemmacro_shred.v:37$284 into $flatten\lane[54].u_dsp.$add$/home/darsh/gem/aigpdk/gemmacro_shred.v:43$286.
  merging $macc model for $flatten\lane[0].u_dsp.$mul$/home/darsh/gem/aigpdk/gemmacro_shred.v:37$284 into $flatten\lane[0].u_dsp.$add$/home/darsh/gem/aigpdk/gemmacro_shred.v:43$286.
  merging $macc model for $flatten\lane[52].u_dsp.$mul$/home/darsh/gem/aigpdk/gemmacro_shred.v:37$284 into $flatten\lane[52].u_dsp.$add$/home/darsh/gem/aigpdk/gemmacro_shred.v:43$286.
  merging $macc model for $flatten\lane[44].u_dsp.$mul$/home/darsh/gem/aigpdk/gemmacro_shred.v:37$284 into $flatten\lane[44].u_dsp.$add$/home/darsh/gem/aigpdk/gemmacro_shred.v:43$286.
  merging $macc model for $flatten\lane[32].u_dsp.$mul$/home/darsh/gem/aigpdk/gemmacro_shred.v:37$284 into $flatten\lane[32].u_dsp.$add$/home/darsh/gem/aigpdk/gemmacro_shred.v:43$286.
  merging $macc model for $flatten\lane[50].u_dsp.$mul$/home/darsh/gem/aigpdk/gemmacro_shred.v:37$284 into $flatten\lane[50].u_dsp.$add$/home/darsh/gem/aigpdk/gemmacro_shred.v:43$286.
  merging $macc model for $flatten\lane[40].u_dsp.$mul$/home/darsh/gem/aigpdk/gemmacro_shred.v:37$284 into $flatten\lane[40].u_dsp.$add$/home/darsh/gem/aigpdk/gemmacro_shred.v:43$286.
  merging $macc model for $flatten\lane[36].u_dsp.$mul$/home/darsh/gem/aigpdk/gemmacro_shred.v:37$284 into $flatten\lane[36].u_dsp.$add$/home/darsh/gem/aigpdk/gemmacro_shred.v:43$286.
  merging $macc model for $flatten\lane[28].u_dsp.$mul$/home/darsh/gem/aigpdk/gemmacro_shred.v:37$284 into $flatten\lane[28].u_dsp.$add$/home/darsh/gem/aigpdk/gemmacro_shred.v:43$286.
  merging $macc model for $flatten\lane[51].u_dsp.$mul$/home/darsh/gem/aigpdk/gemmacro_shred.v:37$284 into $flatten\lane[51].u_dsp.$add$/home/darsh/gem/aigpdk/gemmacro_shred.v:43$286.
  merging $macc model for $flatten\lane[48].u_dsp.$mul$/home/darsh/gem/aigpdk/gemmacro_shred.v:37$284 into $flatten\lane[48].u_dsp.$add$/home/darsh/gem/aigpdk/gemmacro_shred.v:43$286.
  merging $macc model for $flatten\lane[12].u_dsp.$mul$/home/darsh/gem/aigpdk/gemmacro_shred.v:37$284 into $flatten\lane[12].u_dsp.$add$/home/darsh/gem/aigpdk/gemmacro_shred.v:43$286.
  merging $macc model for $flatten\lane[29].u_dsp.$mul$/home/darsh/gem/aigpdk/gemmacro_shred.v:37$284 into $flatten\lane[29].u_dsp.$add$/home/darsh/gem/aigpdk/gemmacro_shred.v:43$286.
  merging $macc model for $flatten\lane[38].u_dsp.$mul$/home/darsh/gem/aigpdk/gemmacro_shred.v:37$284 into $flatten\lane[38].u_dsp.$add$/home/darsh/gem/aigpdk/gemmacro_shred.v:43$286.
  merging $macc model for $flatten\lane[25].u_dsp.$mul$/home/darsh/gem/aigpdk/gemmacro_shred.v:37$284 into $flatten\lane[25].u_dsp.$add$/home/darsh/gem/aigpdk/gemmacro_shred.v:43$286.
  merging $macc model for $flatten\lane[24].u_dsp.$mul$/home/darsh/gem/aigpdk/gemmacro_shred.v:37$284 into $flatten\lane[24].u_dsp.$add$/home/darsh/gem/aigpdk/gemmacro_shred.v:43$286.
  merging $macc model for $flatten\lane[63].u_dsp.$mul$/home/darsh/gem/aigpdk/gemmacro_shred.v:37$284 into $flatten\lane[63].u_dsp.$add$/home/darsh/gem/aigpdk/gemmacro_shred.v:43$286.
  merging $macc model for $flatten\lane[14].u_dsp.$mul$/home/darsh/gem/aigpdk/gemmacro_shred.v:37$284 into $flatten\lane[14].u_dsp.$add$/home/darsh/gem/aigpdk/gemmacro_shred.v:43$286.
  merging $macc model for $flatten\lane[34].u_dsp.$mul$/home/darsh/gem/aigpdk/gemmacro_shred.v:37$284 into $flatten\lane[34].u_dsp.$add$/home/darsh/gem/aigpdk/gemmacro_shred.v:43$286.
  merging $macc model for $flatten\lane[53].u_dsp.$mul$/home/darsh/gem/aigpdk/gemmacro_shred.v:37$284 into $flatten\lane[53].u_dsp.$add$/home/darsh/gem/aigpdk/gemmacro_shred.v:43$286.
  merging $macc model for $flatten\lane[57].u_dsp.$mul$/home/darsh/gem/aigpdk/gemmacro_shred.v:37$284 into $flatten\lane[57].u_dsp.$add$/home/darsh/gem/aigpdk/gemmacro_shred.v:43$286.
  merging $macc model for $flatten\lane[35].u_dsp.$mul$/home/darsh/gem/aigpdk/gemmacro_shred.v:37$284 into $flatten\lane[35].u_dsp.$add$/home/darsh/gem/aigpdk/gemmacro_shred.v:43$286.
  merging $macc model for $flatten\lane[62].u_dsp.$mul$/home/darsh/gem/aigpdk/gemmacro_shred.v:37$284 into $flatten\lane[62].u_dsp.$add$/home/darsh/gem/aigpdk/gemmacro_shred.v:43$286.
  merging $macc model for $flatten\lane[8].u_dsp.$mul$/home/darsh/gem/aigpdk/gemmacro_shred.v:37$284 into $flatten\lane[8].u_dsp.$add$/home/darsh/gem/aigpdk/gemmacro_shred.v:43$286.
  merging $macc model for $flatten\lane[43].u_dsp.$mul$/home/darsh/gem/aigpdk/gemmacro_shred.v:37$284 into $flatten\lane[43].u_dsp.$add$/home/darsh/gem/aigpdk/gemmacro_shred.v:43$286.
  merging $macc model for $flatten\lane[9].u_dsp.$mul$/home/darsh/gem/aigpdk/gemmacro_shred.v:37$284 into $flatten\lane[9].u_dsp.$add$/home/darsh/gem/aigpdk/gemmacro_shred.v:43$286.
  merging $macc model for $flatten\lane[22].u_dsp.$mul$/home/darsh/gem/aigpdk/gemmacro_shred.v:37$284 into $flatten\lane[22].u_dsp.$add$/home/darsh/gem/aigpdk/gemmacro_shred.v:43$286.
  merging $macc model for $flatten\lane[59].u_dsp.$mul$/home/darsh/gem/aigpdk/gemmacro_shred.v:37$284 into $flatten\lane[59].u_dsp.$add$/home/darsh/gem/aigpdk/gemmacro_shred.v:43$286.
  merging $macc model for $flatten\lane[11].u_dsp.$mul$/home/darsh/gem/aigpdk/gemmacro_shred.v:37$284 into $flatten\lane[11].u_dsp.$add$/home/darsh/gem/aigpdk/gemmacro_shred.v:43$286.
  merging $macc model for $flatten\lane[41].u_dsp.$mul$/home/darsh/gem/aigpdk/gemmacro_shred.v:37$284 into $flatten\lane[41].u_dsp.$add$/home/darsh/gem/aigpdk/gemmacro_shred.v:43$286.
  merging $macc model for $flatten\lane[45].u_dsp.$mul$/home/darsh/gem/aigpdk/gemmacro_shred.v:37$284 into $flatten\lane[45].u_dsp.$add$/home/darsh/gem/aigpdk/gemmacro_shred.v:43$286.
  creating $macc cell for $flatten\lane[54].u_dsp.$add$/home/darsh/gem/aigpdk/gemmacro_shred.v:43$286: $auto$alumacc.cc:399:replace_macc$619
  creating $macc cell for $flatten\lane[42].u_dsp.$add$/home/darsh/gem/aigpdk/gemmacro_shred.v:43$286: $auto$alumacc.cc:399:replace_macc$620
  creating $macc cell for $flatten\lane[46].u_dsp.$add$/home/darsh/gem/aigpdk/gemmacro_shred.v:43$286: $auto$alumacc.cc:399:replace_macc$621
  creating $macc cell for $flatten\lane[0].u_dsp.$add$/home/darsh/gem/aigpdk/gemmacro_shred.v:43$286: $auto$alumacc.cc:399:replace_macc$622
  creating $macc cell for $flatten\lane[52].u_dsp.$add$/home/darsh/gem/aigpdk/gemmacro_shred.v:43$286: $auto$alumacc.cc:399:replace_macc$623
  creating $macc cell for $flatten\lane[44].u_dsp.$add$/home/darsh/gem/aigpdk/gemmacro_shred.v:43$286: $auto$alumacc.cc:399:replace_macc$624
  creating $macc cell for $flatten\lane[5].u_dsp.$add$/home/darsh/gem/aigpdk/gemmacro_shred.v:43$286: $auto$alumacc.cc:399:replace_macc$625
  creating $macc cell for $flatten\lane[30].u_dsp.$add$/home/darsh/gem/aigpdk/gemmacro_shred.v:43$286: $auto$alumacc.cc:399:replace_macc$626
  creating $macc cell for $flatten\lane[58].u_dsp.$add$/home/darsh/gem/aigpdk/gemmacro_shred.v:43$286: $auto$alumacc.cc:399:replace_macc$627
  creating $macc cell for $flatten\lane[32].u_dsp.$add$/home/darsh/gem/aigpdk/gemmacro_shred.v:43$286: $auto$alumacc.cc:399:replace_macc$628
  creating $macc cell for $flatten\lane[17].u_dsp.$add$/home/darsh/gem/aigpdk/gemmacro_shred.v:43$286: $auto$alumacc.cc:399:replace_macc$629
  creating $macc cell for $flatten\lane[50].u_dsp.$add$/home/darsh/gem/aigpdk/gemmacro_shred.v:43$286: $auto$alumacc.cc:399:replace_macc$630
  creating $macc cell for $flatten\lane[40].u_dsp.$add$/home/darsh/gem/aigpdk/gemmacro_shred.v:43$286: $auto$alumacc.cc:399:replace_macc$631
  creating $macc cell for $flatten\lane[3].u_dsp.$add$/home/darsh/gem/aigpdk/gemmacro_shred.v:43$286: $auto$alumacc.cc:399:replace_macc$632
  creating $macc cell for $flatten\lane[31].u_dsp.$add$/home/darsh/gem/aigpdk/gemmacro_shred.v:43$286: $auto$alumacc.cc:399:replace_macc$633
  creating $macc cell for $flatten\lane[36].u_dsp.$add$/home/darsh/gem/aigpdk/gemmacro_shred.v:43$286: $auto$alumacc.cc:399:replace_macc$634
  creating $macc cell for $flatten\lane[28].u_dsp.$add$/home/darsh/gem/aigpdk/gemmacro_shred.v:43$286: $auto$alumacc.cc:399:replace_macc$635
  creating $macc cell for $flatten\lane[16].u_dsp.$add$/home/darsh/gem/aigpdk/gemmacro_shred.v:43$286: $auto$alumacc.cc:399:replace_macc$636
  creating $macc cell for $flatten\lane[4].u_dsp.$add$/home/darsh/gem/aigpdk/gemmacro_shred.v:43$286: $auto$alumacc.cc:399:replace_macc$637
  creating $macc cell for $flatten\lane[33].u_dsp.$add$/home/darsh/gem/aigpdk/gemmacro_shred.v:43$286: $auto$alumacc.cc:399:replace_macc$638
  creating $macc cell for $flatten\lane[51].u_dsp.$add$/home/darsh/gem/aigpdk/gemmacro_shred.v:43$286: $auto$alumacc.cc:399:replace_macc$639
  creating $macc cell for $flatten\lane[48].u_dsp.$add$/home/darsh/gem/aigpdk/gemmacro_shred.v:43$286: $auto$alumacc.cc:399:replace_macc$640
  creating $macc cell for $flatten\lane[12].u_dsp.$add$/home/darsh/gem/aigpdk/gemmacro_shred.v:43$286: $auto$alumacc.cc:399:replace_macc$641
  creating $macc cell for $flatten\lane[49].u_dsp.$add$/home/darsh/gem/aigpdk/gemmacro_shred.v:43$286: $auto$alumacc.cc:399:replace_macc$642
  creating $macc cell for $flatten\lane[29].u_dsp.$add$/home/darsh/gem/aigpdk/gemmacro_shred.v:43$286: $auto$alumacc.cc:399:replace_macc$643
  creating $macc cell for $flatten\lane[38].u_dsp.$add$/home/darsh/gem/aigpdk/gemmacro_shred.v:43$286: $auto$alumacc.cc:399:replace_macc$644
  creating $macc cell for $flatten\lane[25].u_dsp.$add$/home/darsh/gem/aigpdk/gemmacro_shred.v:43$286: $auto$alumacc.cc:399:replace_macc$645
  creating $macc cell for $flatten\lane[60].u_dsp.$add$/home/darsh/gem/aigpdk/gemmacro_shred.v:43$286: $auto$alumacc.cc:399:replace_macc$646
  creating $macc cell for $flatten\lane[24].u_dsp.$add$/home/darsh/gem/aigpdk/gemmacro_shred.v:43$286: $auto$alumacc.cc:399:replace_macc$647
  creating $macc cell for $flatten\lane[56].u_dsp.$add$/home/darsh/gem/aigpdk/gemmacro_shred.v:43$286: $auto$alumacc.cc:399:replace_macc$648
  creating $macc cell for $flatten\lane[63].u_dsp.$add$/home/darsh/gem/aigpdk/gemmacro_shred.v:43$286: $auto$alumacc.cc:399:replace_macc$649
  creating $macc cell for $flatten\lane[61].u_dsp.$add$/home/darsh/gem/aigpdk/gemmacro_shred.v:43$286: $auto$alumacc.cc:399:replace_macc$650
  creating $macc cell for $flatten\lane[2].u_dsp.$add$/home/darsh/gem/aigpdk/gemmacro_shred.v:43$286: $auto$alumacc.cc:399:replace_macc$651
  creating $macc cell for $flatten\lane[14].u_dsp.$add$/home/darsh/gem/aigpdk/gemmacro_shred.v:43$286: $auto$alumacc.cc:399:replace_macc$652
  creating $macc cell for $flatten\lane[13].u_dsp.$add$/home/darsh/gem/aigpdk/gemmacro_shred.v:43$286: $auto$alumacc.cc:399:replace_macc$653
  creating $macc cell for $flatten\lane[23].u_dsp.$add$/home/darsh/gem/aigpdk/gemmacro_shred.v:43$286: $auto$alumacc.cc:399:replace_macc$654
  creating $macc cell for $flatten\lane[34].u_dsp.$add$/home/darsh/gem/aigpdk/gemmacro_shred.v:43$286: $auto$alumacc.cc:399:replace_macc$655
  creating $macc cell for $flatten\lane[53].u_dsp.$add$/home/darsh/gem/aigpdk/gemmacro_shred.v:43$286: $auto$alumacc.cc:399:replace_macc$656
  creating $macc cell for $flatten\lane[37].u_dsp.$add$/home/darsh/gem/aigpdk/gemmacro_shred.v:43$286: $auto$alumacc.cc:399:replace_macc$657
  creating $macc cell for $flatten\lane[20].u_dsp.$add$/home/darsh/gem/aigpdk/gemmacro_shred.v:43$286: $auto$alumacc.cc:399:replace_macc$658
  creating $macc cell for $flatten\lane[15].u_dsp.$add$/home/darsh/gem/aigpdk/gemmacro_shred.v:43$286: $auto$alumacc.cc:399:replace_macc$659
  creating $macc cell for $flatten\lane[57].u_dsp.$add$/home/darsh/gem/aigpdk/gemmacro_shred.v:43$286: $auto$alumacc.cc:399:replace_macc$660
  creating $macc cell for $flatten\lane[35].u_dsp.$add$/home/darsh/gem/aigpdk/gemmacro_shred.v:43$286: $auto$alumacc.cc:399:replace_macc$661
  creating $macc cell for $flatten\lane[62].u_dsp.$add$/home/darsh/gem/aigpdk/gemmacro_shred.v:43$286: $auto$alumacc.cc:399:replace_macc$662
  creating $macc cell for $flatten\lane[6].u_dsp.$add$/home/darsh/gem/aigpdk/gemmacro_shred.v:43$286: $auto$alumacc.cc:399:replace_macc$663
  creating $macc cell for $flatten\lane[8].u_dsp.$add$/home/darsh/gem/aigpdk/gemmacro_shred.v:43$286: $auto$alumacc.cc:399:replace_macc$664
  creating $macc cell for $flatten\lane[43].u_dsp.$add$/home/darsh/gem/aigpdk/gemmacro_shred.v:43$286: $auto$alumacc.cc:399:replace_macc$665
  creating $macc cell for $flatten\lane[55].u_dsp.$add$/home/darsh/gem/aigpdk/gemmacro_shred.v:43$286: $auto$alumacc.cc:399:replace_macc$666
  creating $macc cell for $flatten\lane[10].u_dsp.$add$/home/darsh/gem/aigpdk/gemmacro_shred.v:43$286: $auto$alumacc.cc:399:replace_macc$667
  creating $macc cell for $flatten\lane[19].u_dsp.$add$/home/darsh/gem/aigpdk/gemmacro_shred.v:43$286: $auto$alumacc.cc:399:replace_macc$668
  creating $macc cell for $flatten\lane[9].u_dsp.$add$/home/darsh/gem/aigpdk/gemmacro_shred.v:43$286: $auto$alumacc.cc:399:replace_macc$669
  creating $macc cell for $flatten\lane[21].u_dsp.$add$/home/darsh/gem/aigpdk/gemmacro_shred.v:43$286: $auto$alumacc.cc:399:replace_macc$670
  creating $macc cell for $flatten\lane[22].u_dsp.$add$/home/darsh/gem/aigpdk/gemmacro_shred.v:43$286: $auto$alumacc.cc:399:replace_macc$671
  creating $macc cell for $flatten\lane[18].u_dsp.$add$/home/darsh/gem/aigpdk/gemmacro_shred.v:43$286: $auto$alumacc.cc:399:replace_macc$672
  creating $macc cell for $flatten\lane[26].u_dsp.$add$/home/darsh/gem/aigpdk/gemmacro_shred.v:43$286: $auto$alumacc.cc:399:replace_macc$673
  creating $macc cell for $flatten\lane[39].u_dsp.$add$/home/darsh/gem/aigpdk/gemmacro_shred.v:43$286: $auto$alumacc.cc:399:replace_macc$674
  creating $macc cell for $flatten\lane[59].u_dsp.$add$/home/darsh/gem/aigpdk/gemmacro_shred.v:43$286: $auto$alumacc.cc:399:replace_macc$675
  creating $macc cell for $flatten\lane[7].u_dsp.$add$/home/darsh/gem/aigpdk/gemmacro_shred.v:43$286: $auto$alumacc.cc:399:replace_macc$676
  creating $macc cell for $flatten\lane[11].u_dsp.$add$/home/darsh/gem/aigpdk/gemmacro_shred.v:43$286: $auto$alumacc.cc:399:replace_macc$677
  creating $macc cell for $flatten\lane[41].u_dsp.$add$/home/darsh/gem/aigpdk/gemmacro_shred.v:43$286: $auto$alumacc.cc:399:replace_macc$678
  creating $macc cell for $flatten\lane[1].u_dsp.$add$/home/darsh/gem/aigpdk/gemmacro_shred.v:43$286: $auto$alumacc.cc:399:replace_macc$679
  creating $macc cell for $flatten\lane[45].u_dsp.$add$/home/darsh/gem/aigpdk/gemmacro_shred.v:43$286: $auto$alumacc.cc:399:replace_macc$680
  creating $macc cell for $flatten\lane[47].u_dsp.$add$/home/darsh/gem/aigpdk/gemmacro_shred.v:43$286: $auto$alumacc.cc:399:replace_macc$681
  creating $macc cell for $flatten\lane[27].u_dsp.$add$/home/darsh/gem/aigpdk/gemmacro_shred.v:43$286: $auto$alumacc.cc:399:replace_macc$682
  created 0 $alu and 64 $macc cells.

15.15. Executing SHARE pass (SAT-based resource sharing).
Found 64 cells in module mixed_64 that may be considered for resource sharing.
  Analyzing resource sharing options for $flatten\lane[8].u_dsp.$mul$/home/darsh/gem/aigpdk/gemmacro_shred.v:37$284 ($mul):
    Found cell that is never activated: $flatten\lane[8].u_dsp.$mul$/home/darsh/gem/aigpdk/gemmacro_shred.v:37$284
    Cell is never active. Sharing is pointless, we simply remove it.
  Analyzing resource sharing options for $flatten\lane[10].u_dsp.$mul$/home/darsh/gem/aigpdk/gemmacro_shred.v:37$284 ($mul):
    Found cell that is never activated: $flatten\lane[10].u_dsp.$mul$/home/darsh/gem/aigpdk/gemmacro_shred.v:37$284
    Cell is never active. Sharing is pointless, we simply remove it.
  Analyzing resource sharing options for $flatten\lane[7].u_dsp.$mul$/home/darsh/gem/aigpdk/gemmacro_shred.v:37$284 ($mul):
    Found cell that is never activated: $flatten\lane[7].u_dsp.$mul$/home/darsh/gem/aigpdk/gemmacro_shred.v:37$284
    Cell is never active. Sharing is pointless, we simply remove it.
  Analyzing resource sharing options for $flatten\lane[42].u_dsp.$mul$/home/darsh/gem/aigpdk/gemmacro_shred.v:37$284 ($mul):
    Found cell that is never activated: $flatten\lane[42].u_dsp.$mul$/home/darsh/gem/aigpdk/gemmacro_shred.v:37$284
    Cell is never active. Sharing is pointless, we simply remove it.
  Analyzing resource sharing options for $flatten\lane[11].u_dsp.$mul$/home/darsh/gem/aigpdk/gemmacro_shred.v:37$284 ($mul):
    Found cell that is never activated: $flatten\lane[11].u_dsp.$mul$/home/darsh/gem/aigpdk/gemmacro_shred.v:37$284
    Cell is never active. Sharing is pointless, we simply remove it.
  Analyzing resource sharing options for $flatten\lane[18].u_dsp.$mul$/home/darsh/gem/aigpdk/gemmacro_shred.v:37$284 ($mul):
    Found cell that is never activated: $flatten\lane[18].u_dsp.$mul$/home/darsh/gem/aigpdk/gemmacro_shred.v:37$284
    Cell is never active. Sharing is pointless, we simply remove it.
  Analyzing resource sharing options for $flatten\lane[55].u_dsp.$mul$/home/darsh/gem/aigpdk/gemmacro_shred.v:37$284 ($mul):
    Found cell that is never activated: $flatten\lane[55].u_dsp.$mul$/home/darsh/gem/aigpdk/gemmacro_shred.v:37$284
    Cell is never active. Sharing is pointless, we simply remove it.
  Analyzing resource sharing options for $flatten\lane[4].u_dsp.$mul$/home/darsh/gem/aigpdk/gemmacro_shred.v:37$284 ($mul):
    Found cell that is never activated: $flatten\lane[4].u_dsp.$mul$/home/darsh/gem/aigpdk/gemmacro_shred.v:37$284
    Cell is never active. Sharing is pointless, we simply remove it.
  Analyzing resource sharing options for $flatten\lane[13].u_dsp.$mul$/home/darsh/gem/aigpdk/gemmacro_shred.v:37$284 ($mul):
    Found cell that is never activated: $flatten\lane[13].u_dsp.$mul$/home/darsh/gem/aigpdk/gemmacro_shred.v:37$284
    Cell is never active. Sharing is pointless, we simply remove it.
  Analyzing resource sharing options for $flatten\lane[38].u_dsp.$mul$/home/darsh/gem/aigpdk/gemmacro_shred.v:37$284 ($mul):
    Found cell that is never activated: $flatten\lane[38].u_dsp.$mul$/home/darsh/gem/aigpdk/gemmacro_shred.v:37$284
    Cell is never active. Sharing is pointless, we simply remove it.
  Analyzing resource sharing options for $flatten\lane[20].u_dsp.$mul$/home/darsh/gem/aigpdk/gemmacro_shred.v:37$284 ($mul):
    Found cell that is never activated: $flatten\lane[20].u_dsp.$mul$/home/darsh/gem/aigpdk/gemmacro_shred.v:37$284
    Cell is never active. Sharing is pointless, we simply remove it.
  Analyzing resource sharing options for $flatten\lane[49].u_dsp.$mul$/home/darsh/gem/aigpdk/gemmacro_shred.v:37$284 ($mul):
    Found cell that is never activated: $flatten\lane[49].u_dsp.$mul$/home/darsh/gem/aigpdk/gemmacro_shred.v:37$284
    Cell is never active. Sharing is pointless, we simply remove it.
  Analyzing resource sharing options for $flatten\lane[26].u_dsp.$mul$/home/darsh/gem/aigpdk/gemmacro_shred.v:37$284 ($mul):
    Found cell that is never activated: $flatten\lane[26].u_dsp.$mul$/home/darsh/gem/aigpdk/gemmacro_shred.v:37$284
    Cell is never active. Sharing is pointless, we simply remove it.
  Analyzing resource sharing options for $flatten\lane[46].u_dsp.$mul$/home/darsh/gem/aigpdk/gemmacro_shred.v:37$284 ($mul):
    Found cell that is never activated: $flatten\lane[46].u_dsp.$mul$/home/darsh/gem/aigpdk/gemmacro_shred.v:37$284
    Cell is never active. Sharing is pointless, we simply remove it.
  Analyzing resource sharing options for $flatten\lane[58].u_dsp.$mul$/home/darsh/gem/aigpdk/gemmacro_shred.v:37$284 ($mul):
    Found cell that is never activated: $flatten\lane[58].u_dsp.$mul$/home/darsh/gem/aigpdk/gemmacro_shred.v:37$284
    Cell is never active. Sharing is pointless, we simply remove it.
  Analyzing resource sharing options for $flatten\lane[5].u_dsp.$mul$/home/darsh/gem/aigpdk/gemmacro_shred.v:37$284 ($mul):
    Found cell that is never activated: $flatten\lane[5].u_dsp.$mul$/home/darsh/gem/aigpdk/gemmacro_shred.v:37$284
    Cell is never active. Sharing is pointless, we simply remove it.
  Analyzing resource sharing options for $flatten\lane[31].u_dsp.$mul$/home/darsh/gem/aigpdk/gemmacro_shred.v:37$284 ($mul):
    Found cell that is never activated: $flatten\lane[31].u_dsp.$mul$/home/darsh/gem/aigpdk/gemmacro_shred.v:37$284
    Cell is never active. Sharing is pointless, we simply remove it.
  Analyzing resource sharing options for $flatten\lane[19].u_dsp.$mul$/home/darsh/gem/aigpdk/gemmacro_shred.v:37$284 ($mul):
    Found cell that is never activated: $flatten\lane[19].u_dsp.$mul$/home/darsh/gem/aigpdk/gemmacro_shred.v:37$284
    Cell is never active. Sharing is pointless, we simply remove it.
  Analyzing resource sharing options for $flatten\lane[3].u_dsp.$mul$/home/darsh/gem/aigpdk/gemmacro_shred.v:37$284 ($mul):
    Found cell that is never activated: $flatten\lane[3].u_dsp.$mul$/home/darsh/gem/aigpdk/gemmacro_shred.v:37$284
    Cell is never active. Sharing is pointless, we simply remove it.
  Analyzing resource sharing options for $flatten\lane[61].u_dsp.$mul$/home/darsh/gem/aigpdk/gemmacro_shred.v:37$284 ($mul):
    Found cell that is never activated: $flatten\lane[61].u_dsp.$mul$/home/darsh/gem/aigpdk/gemmacro_shred.v:37$284
    Cell is never active. Sharing is pointless, we simply remove it.
  Analyzing resource sharing options for $flatten\lane[21].u_dsp.$mul$/home/darsh/gem/aigpdk/gemmacro_shred.v:37$284 ($mul):
    Found cell that is never activated: $flatten\lane[21].u_dsp.$mul$/home/darsh/gem/aigpdk/gemmacro_shred.v:37$284
    Cell is never active. Sharing is pointless, we simply remove it.
  Analyzing resource sharing options for $flatten\lane[17].u_dsp.$mul$/home/darsh/gem/aigpdk/gemmacro_shred.v:37$284 ($mul):
    Found cell that is never activated: $flatten\lane[17].u_dsp.$mul$/home/darsh/gem/aigpdk/gemmacro_shred.v:37$284
    Cell is never active. Sharing is pointless, we simply remove it.
  Analyzing resource sharing options for $flatten\lane[30].u_dsp.$mul$/home/darsh/gem/aigpdk/gemmacro_shred.v:37$284 ($mul):
    Found cell that is never activated: $flatten\lane[30].u_dsp.$mul$/home/darsh/gem/aigpdk/gemmacro_shred.v:37$284
    Cell is never active. Sharing is pointless, we simply remove it.
  Analyzing resource sharing options for $flatten\lane[33].u_dsp.$mul$/home/darsh/gem/aigpdk/gemmacro_shred.v:37$284 ($mul):
    Found cell that is never activated: $flatten\lane[33].u_dsp.$mul$/home/darsh/gem/aigpdk/gemmacro_shred.v:37$284
    Cell is never active. Sharing is pointless, we simply remove it.
  Analyzing resource sharing options for $flatten\lane[1].u_dsp.$mul$/home/darsh/gem/aigpdk/gemmacro_shred.v:37$284 ($mul):
    Found cell that is never activated: $flatten\lane[1].u_dsp.$mul$/home/darsh/gem/aigpdk/gemmacro_shred.v:37$284
    Cell is never active. Sharing is pointless, we simply remove it.
  Analyzing resource sharing options for $flatten\lane[47].u_dsp.$mul$/home/darsh/gem/aigpdk/gemmacro_shred.v:37$284 ($mul):
    Found cell that is never activated: $flatten\lane[47].u_dsp.$mul$/home/darsh/gem/aigpdk/gemmacro_shred.v:37$284
    Cell is never active. Sharing is pointless, we simply remove it.
  Analyzing resource sharing options for $flatten\lane[56].u_dsp.$mul$/home/darsh/gem/aigpdk/gemmacro_shred.v:37$284 ($mul):
    Found cell that is never activated: $flatten\lane[56].u_dsp.$mul$/home/darsh/gem/aigpdk/gemmacro_shred.v:37$284
    Cell is never active. Sharing is pointless, we simply remove it.
  Analyzing resource sharing options for $flatten\lane[27].u_dsp.$mul$/home/darsh/gem/aigpdk/gemmacro_shred.v:37$284 ($mul):
    Found cell that is never activated: $flatten\lane[27].u_dsp.$mul$/home/darsh/gem/aigpdk/gemmacro_shred.v:37$284
    Cell is never active. Sharing is pointless, we simply remove it.
  Analyzing resource sharing options for $flatten\lane[23].u_dsp.$mul$/home/darsh/gem/aigpdk/gemmacro_shred.v:37$284 ($mul):
    Found cell that is never activated: $flatten\lane[23].u_dsp.$mul$/home/darsh/gem/aigpdk/gemmacro_shred.v:37$284
    Cell is never active. Sharing is pointless, we simply remove it.
  Analyzing resource sharing options for $flatten\lane[37].u_dsp.$mul$/home/darsh/gem/aigpdk/gemmacro_shred.v:37$284 ($mul):
    Found cell that is never activated: $flatten\lane[37].u_dsp.$mul$/home/darsh/gem/aigpdk/gemmacro_shred.v:37$284
    Cell is never active. Sharing is pointless, we simply remove it.
  Analyzing resource sharing options for $flatten\lane[60].u_dsp.$mul$/home/darsh/gem/aigpdk/gemmacro_shred.v:37$284 ($mul):
    Found cell that is never activated: $flatten\lane[60].u_dsp.$mul$/home/darsh/gem/aigpdk/gemmacro_shred.v:37$284
    Cell is never active. Sharing is pointless, we simply remove it.
  Analyzing resource sharing options for $flatten\lane[54].u_dsp.$mul$/home/darsh/gem/aigpdk/gemmacro_shred.v:37$284 ($mul):
    Found cell that is never activated: $flatten\lane[54].u_dsp.$mul$/home/darsh/gem/aigpdk/gemmacro_shred.v:37$284
    Cell is never active. Sharing is pointless, we simply remove it.
  Analyzing resource sharing options for $flatten\lane[52].u_dsp.$mul$/home/darsh/gem/aigpdk/gemmacro_shred.v:37$284 ($mul):
    Found cell that is never activated: $flatten\lane[52].u_dsp.$mul$/home/darsh/gem/aigpdk/gemmacro_shred.v:37$284
    Cell is never active. Sharing is pointless, we simply remove it.
  Analyzing resource sharing options for $flatten\lane[44].u_dsp.$mul$/home/darsh/gem/aigpdk/gemmacro_shred.v:37$284 ($mul):
    Found cell that is never activated: $flatten\lane[44].u_dsp.$mul$/home/darsh/gem/aigpdk/gemmacro_shred.v:37$284
    Cell is never active. Sharing is pointless, we simply remove it.
  Analyzing resource sharing options for $flatten\lane[16].u_dsp.$mul$/home/darsh/gem/aigpdk/gemmacro_shred.v:37$284 ($mul):
    Found cell that is never activated: $flatten\lane[16].u_dsp.$mul$/home/darsh/gem/aigpdk/gemmacro_shred.v:37$284
    Cell is never active. Sharing is pointless, we simply remove it.
  Analyzing resource sharing options for $flatten\lane[0].u_dsp.$mul$/home/darsh/gem/aigpdk/gemmacro_shred.v:37$284 ($mul):
    Found cell that is never activated: $flatten\lane[0].u_dsp.$mul$/home/darsh/gem/aigpdk/gemmacro_shred.v:37$284
    Cell is never active. Sharing is pointless, we simply remove it.
  Analyzing resource sharing options for $flatten\lane[32].u_dsp.$mul$/home/darsh/gem/aigpdk/gemmacro_shred.v:37$284 ($mul):
    Found cell that is never activated: $flatten\lane[32].u_dsp.$mul$/home/darsh/gem/aigpdk/gemmacro_shred.v:37$284
    Cell is never active. Sharing is pointless, we simply remove it.
  Analyzing resource sharing options for $flatten\lane[50].u_dsp.$mul$/home/darsh/gem/aigpdk/gemmacro_shred.v:37$284 ($mul):
    Found cell that is never activated: $flatten\lane[50].u_dsp.$mul$/home/darsh/gem/aigpdk/gemmacro_shred.v:37$284
    Cell is never active. Sharing is pointless, we simply remove it.
  Analyzing resource sharing options for $flatten\lane[6].u_dsp.$mul$/home/darsh/gem/aigpdk/gemmacro_shred.v:37$284 ($mul):
    Found cell that is never activated: $flatten\lane[6].u_dsp.$mul$/home/darsh/gem/aigpdk/gemmacro_shred.v:37$284
    Cell is never active. Sharing is pointless, we simply remove it.
  Analyzing resource sharing options for $flatten\lane[28].u_dsp.$mul$/home/darsh/gem/aigpdk/gemmacro_shred.v:37$284 ($mul):
    Found cell that is never activated: $flatten\lane[28].u_dsp.$mul$/home/darsh/gem/aigpdk/gemmacro_shred.v:37$284
    Cell is never active. Sharing is pointless, we simply remove it.
  Analyzing resource sharing options for $flatten\lane[25].u_dsp.$mul$/home/darsh/gem/aigpdk/gemmacro_shred.v:37$284 ($mul):
    Found cell that is never activated: $flatten\lane[25].u_dsp.$mul$/home/darsh/gem/aigpdk/gemmacro_shred.v:37$284
    Cell is never active. Sharing is pointless, we simply remove it.
  Analyzing resource sharing options for $flatten\lane[40].u_dsp.$mul$/home/darsh/gem/aigpdk/gemmacro_shred.v:37$284 ($mul):
    Found cell that is never activated: $flatten\lane[40].u_dsp.$mul$/home/darsh/gem/aigpdk/gemmacro_shred.v:37$284
    Cell is never active. Sharing is pointless, we simply remove it.
  Analyzing resource sharing options for $flatten\lane[12].u_dsp.$mul$/home/darsh/gem/aigpdk/gemmacro_shred.v:37$284 ($mul):
    Found cell that is never activated: $flatten\lane[12].u_dsp.$mul$/home/darsh/gem/aigpdk/gemmacro_shred.v:37$284
    Cell is never active. Sharing is pointless, we simply remove it.
  Analyzing resource sharing options for $flatten\lane[29].u_dsp.$mul$/home/darsh/gem/aigpdk/gemmacro_shred.v:37$284 ($mul):
    Found cell that is never activated: $flatten\lane[29].u_dsp.$mul$/home/darsh/gem/aigpdk/gemmacro_shred.v:37$284
    Cell is never active. Sharing is pointless, we simply remove it.
  Analyzing resource sharing options for $flatten\lane[24].u_dsp.$mul$/home/darsh/gem/aigpdk/gemmacro_shred.v:37$284 ($mul):
    Found cell that is never activated: $flatten\lane[24].u_dsp.$mul$/home/darsh/gem/aigpdk/gemmacro_shred.v:37$284
    Cell is never active. Sharing is pointless, we simply remove it.
  Analyzing resource sharing options for $flatten\lane[45].u_dsp.$mul$/home/darsh/gem/aigpdk/gemmacro_shred.v:37$284 ($mul):
    Found cell that is never activated: $flatten\lane[45].u_dsp.$mul$/home/darsh/gem/aigpdk/gemmacro_shred.v:37$284
    Cell is never active. Sharing is pointless, we simply remove it.
  Analyzing resource sharing options for $flatten\lane[63].u_dsp.$mul$/home/darsh/gem/aigpdk/gemmacro_shred.v:37$284 ($mul):
    Found cell that is never activated: $flatten\lane[63].u_dsp.$mul$/home/darsh/gem/aigpdk/gemmacro_shred.v:37$284
    Cell is never active. Sharing is pointless, we simply remove it.
  Analyzing resource sharing options for $flatten\lane[14].u_dsp.$mul$/home/darsh/gem/aigpdk/gemmacro_shred.v:37$284 ($mul):
    Found cell that is never activated: $flatten\lane[14].u_dsp.$mul$/home/darsh/gem/aigpdk/gemmacro_shred.v:37$284
    Cell is never active. Sharing is pointless, we simply remove it.
  Analyzing resource sharing options for $flatten\lane[2].u_dsp.$mul$/home/darsh/gem/aigpdk/gemmacro_shred.v:37$284 ($mul):
    Found cell that is never activated: $flatten\lane[2].u_dsp.$mul$/home/darsh/gem/aigpdk/gemmacro_shred.v:37$284
    Cell is never active. Sharing is pointless, we simply remove it.
  Analyzing resource sharing options for $flatten\lane[53].u_dsp.$mul$/home/darsh/gem/aigpdk/gemmacro_shred.v:37$284 ($mul):
    Found cell that is never activated: $flatten\lane[53].u_dsp.$mul$/home/darsh/gem/aigpdk/gemmacro_shred.v:37$284
    Cell is never active. Sharing is pointless, we simply remove it.
  Analyzing resource sharing options for $flatten\lane[34].u_dsp.$mul$/home/darsh/gem/aigpdk/gemmacro_shred.v:37$284 ($mul):
    Found cell that is never activated: $flatten\lane[34].u_dsp.$mul$/home/darsh/gem/aigpdk/gemmacro_shred.v:37$284
    Cell is never active. Sharing is pointless, we simply remove it.
  Analyzing resource sharing options for $flatten\lane[51].u_dsp.$mul$/home/darsh/gem/aigpdk/gemmacro_shred.v:37$284 ($mul):
    Found cell that is never activated: $flatten\lane[51].u_dsp.$mul$/home/darsh/gem/aigpdk/gemmacro_shred.v:37$284
    Cell is never active. Sharing is pointless, we simply remove it.
  Analyzing resource sharing options for $flatten\lane[62].u_dsp.$mul$/home/darsh/gem/aigpdk/gemmacro_shred.v:37$284 ($mul):
    Found cell that is never activated: $flatten\lane[62].u_dsp.$mul$/home/darsh/gem/aigpdk/gemmacro_shred.v:37$284
    Cell is never active. Sharing is pointless, we simply remove it.
  Analyzing resource sharing options for $flatten\lane[57].u_dsp.$mul$/home/darsh/gem/aigpdk/gemmacro_shred.v:37$284 ($mul):
    Found cell that is never activated: $flatten\lane[57].u_dsp.$mul$/home/darsh/gem/aigpdk/gemmacro_shred.v:37$284
    Cell is never active. Sharing is pointless, we simply remove it.
  Analyzing resource sharing options for $flatten\lane[35].u_dsp.$mul$/home/darsh/gem/aigpdk/gemmacro_shred.v:37$284 ($mul):
    Found cell that is never activated: $flatten\lane[35].u_dsp.$mul$/home/darsh/gem/aigpdk/gemmacro_shred.v:37$284
    Cell is never active. Sharing is pointless, we simply remove it.
  Analyzing resource sharing options for $flatten\lane[39].u_dsp.$mul$/home/darsh/gem/aigpdk/gemmacro_shred.v:37$284 ($mul):
    Found cell that is never activated: $flatten\lane[39].u_dsp.$mul$/home/darsh/gem/aigpdk/gemmacro_shred.v:37$284
    Cell is never active. Sharing is pointless, we simply remove it.
  Analyzing resource sharing options for $flatten\lane[9].u_dsp.$mul$/home/darsh/gem/aigpdk/gemmacro_shred.v:37$284 ($mul):
    Found cell that is never activated: $flatten\lane[9].u_dsp.$mul$/home/darsh/gem/aigpdk/gemmacro_shred.v:37$284
    Cell is never active. Sharing is pointless, we simply remove it.
  Analyzing resource sharing options for $flatten\lane[43].u_dsp.$mul$/home/darsh/gem/aigpdk/gemmacro_shred.v:37$284 ($mul):
    Found cell that is never activated: $flatten\lane[43].u_dsp.$mul$/home/darsh/gem/aigpdk/gemmacro_shred.v:37$284
    Cell is never active. Sharing is pointless, we simply remove it.
  Analyzing resource sharing options for $flatten\lane[36].u_dsp.$mul$/home/darsh/gem/aigpdk/gemmacro_shred.v:37$284 ($mul):
    Found cell that is never activated: $flatten\lane[36].u_dsp.$mul$/home/darsh/gem/aigpdk/gemmacro_shred.v:37$284
    Cell is never active. Sharing is pointless, we simply remove it.
  Analyzing resource sharing options for $flatten\lane[22].u_dsp.$mul$/home/darsh/gem/aigpdk/gemmacro_shred.v:37$284 ($mul):
    Found cell that is never activated: $flatten\lane[22].u_dsp.$mul$/home/darsh/gem/aigpdk/gemmacro_shred.v:37$284
    Cell is never active. Sharing is pointless, we simply remove it.
  Analyzing resource sharing options for $flatten\lane[59].u_dsp.$mul$/home/darsh/gem/aigpdk/gemmacro_shred.v:37$284 ($mul):
    Found cell that is never activated: $flatten\lane[59].u_dsp.$mul$/home/darsh/gem/aigpdk/gemmacro_shred.v:37$284
    Cell is never active. Sharing is pointless, we simply remove it.
  Analyzing resource sharing options for $flatten\lane[41].u_dsp.$mul$/home/darsh/gem/aigpdk/gemmacro_shred.v:37$284 ($mul):
    Found cell that is never activated: $flatten\lane[41].u_dsp.$mul$/home/darsh/gem/aigpdk/gemmacro_shred.v:37$284
    Cell is never active. Sharing is pointless, we simply remove it.
  Analyzing resource sharing options for $flatten\lane[15].u_dsp.$mul$/home/darsh/gem/aigpdk/gemmacro_shred.v:37$284 ($mul):
    Found cell that is never activated: $flatten\lane[15].u_dsp.$mul$/home/darsh/gem/aigpdk/gemmacro_shred.v:37$284
    Cell is never active. Sharing is pointless, we simply remove it.
  Analyzing resource sharing options for $flatten\lane[48].u_dsp.$mul$/home/darsh/gem/aigpdk/gemmacro_shred.v:37$284 ($mul):
    Found cell that is never activated: $flatten\lane[48].u_dsp.$mul$/home/darsh/gem/aigpdk/gemmacro_shred.v:37$284
    Cell is never active. Sharing is pointless, we simply remove it.
Removing 64 cells in module mixed_64:
  Removing cell $flatten\lane[48].u_dsp.$mul$/home/darsh/gem/aigpdk/gemmacro_shred.v:37$284 ($mul).
  Removing cell $flatten\lane[15].u_dsp.$mul$/home/darsh/gem/aigpdk/gemmacro_shred.v:37$284 ($mul).
  Removing cell $flatten\lane[41].u_dsp.$mul$/home/darsh/gem/aigpdk/gemmacro_shred.v:37$284 ($mul).
  Removing cell $flatten\lane[59].u_dsp.$mul$/home/darsh/gem/aigpdk/gemmacro_shred.v:37$284 ($mul).
  Removing cell $flatten\lane[22].u_dsp.$mul$/home/darsh/gem/aigpdk/gemmacro_shred.v:37$284 ($mul).
  Removing cell $flatten\lane[36].u_dsp.$mul$/home/darsh/gem/aigpdk/gemmacro_shred.v:37$284 ($mul).
  Removing cell $flatten\lane[43].u_dsp.$mul$/home/darsh/gem/aigpdk/gemmacro_shred.v:37$284 ($mul).
  Removing cell $flatten\lane[9].u_dsp.$mul$/home/darsh/gem/aigpdk/gemmacro_shred.v:37$284 ($mul).
  Removing cell $flatten\lane[39].u_dsp.$mul$/home/darsh/gem/aigpdk/gemmacro_shred.v:37$284 ($mul).
  Removing cell $flatten\lane[35].u_dsp.$mul$/home/darsh/gem/aigpdk/gemmacro_shred.v:37$284 ($mul).
  Removing cell $flatten\lane[57].u_dsp.$mul$/home/darsh/gem/aigpdk/gemmacro_shred.v:37$284 ($mul).
  Removing cell $flatten\lane[62].u_dsp.$mul$/home/darsh/gem/aigpdk/gemmacro_shred.v:37$284 ($mul).
  Removing cell $flatten\lane[51].u_dsp.$mul$/home/darsh/gem/aigpdk/gemmacro_shred.v:37$284 ($mul).
  Removing cell $flatten\lane[34].u_dsp.$mul$/home/darsh/gem/aigpdk/gemmacro_shred.v:37$284 ($mul).
  Removing cell $flatten\lane[53].u_dsp.$mul$/home/darsh/gem/aigpdk/gemmacro_shred.v:37$284 ($mul).
  Removing cell $flatten\lane[2].u_dsp.$mul$/home/darsh/gem/aigpdk/gemmacro_shred.v:37$284 ($mul).
  Removing cell $flatten\lane[14].u_dsp.$mul$/home/darsh/gem/aigpdk/gemmacro_shred.v:37$284 ($mul).
  Removing cell $flatten\lane[63].u_dsp.$mul$/home/darsh/gem/aigpdk/gemmacro_shred.v:37$284 ($mul).
  Removing cell $flatten\lane[45].u_dsp.$mul$/home/darsh/gem/aigpdk/gemmacro_shred.v:37$284 ($mul).
  Removing cell $flatten\lane[24].u_dsp.$mul$/home/darsh/gem/aigpdk/gemmacro_shred.v:37$284 ($mul).
  Removing cell $flatten\lane[29].u_dsp.$mul$/home/darsh/gem/aigpdk/gemmacro_shred.v:37$284 ($mul).
  Removing cell $flatten\lane[12].u_dsp.$mul$/home/darsh/gem/aigpdk/gemmacro_shred.v:37$284 ($mul).
  Removing cell $flatten\lane[40].u_dsp.$mul$/home/darsh/gem/aigpdk/gemmacro_shred.v:37$284 ($mul).
  Removing cell $flatten\lane[25].u_dsp.$mul$/home/darsh/gem/aigpdk/gemmacro_shred.v:37$284 ($mul).
  Removing cell $flatten\lane[28].u_dsp.$mul$/home/darsh/gem/aigpdk/gemmacro_shred.v:37$284 ($mul).
  Removing cell $flatten\lane[6].u_dsp.$mul$/home/darsh/gem/aigpdk/gemmacro_shred.v:37$284 ($mul).
  Removing cell $flatten\lane[50].u_dsp.$mul$/home/darsh/gem/aigpdk/gemmacro_shred.v:37$284 ($mul).
  Removing cell $flatten\lane[32].u_dsp.$mul$/home/darsh/gem/aigpdk/gemmacro_shred.v:37$284 ($mul).
  Removing cell $flatten\lane[0].u_dsp.$mul$/home/darsh/gem/aigpdk/gemmacro_shred.v:37$284 ($mul).
  Removing cell $flatten\lane[16].u_dsp.$mul$/home/darsh/gem/aigpdk/gemmacro_shred.v:37$284 ($mul).
  Removing cell $flatten\lane[44].u_dsp.$mul$/home/darsh/gem/aigpdk/gemmacro_shred.v:37$284 ($mul).
  Removing cell $flatten\lane[52].u_dsp.$mul$/home/darsh/gem/aigpdk/gemmacro_shred.v:37$284 ($mul).
  Removing cell $flatten\lane[54].u_dsp.$mul$/home/darsh/gem/aigpdk/gemmacro_shred.v:37$284 ($mul).
  Removing cell $flatten\lane[60].u_dsp.$mul$/home/darsh/gem/aigpdk/gemmacro_shred.v:37$284 ($mul).
  Removing cell $flatten\lane[37].u_dsp.$mul$/home/darsh/gem/aigpdk/gemmacro_shred.v:37$284 ($mul).
  Removing cell $flatten\lane[23].u_dsp.$mul$/home/darsh/gem/aigpdk/gemmacro_shred.v:37$284 ($mul).
  Removing cell $flatten\lane[27].u_dsp.$mul$/home/darsh/gem/aigpdk/gemmacro_shred.v:37$284 ($mul).
  Removing cell $flatten\lane[56].u_dsp.$mul$/home/darsh/gem/aigpdk/gemmacro_shred.v:37$284 ($mul).
  Removing cell $flatten\lane[47].u_dsp.$mul$/home/darsh/gem/aigpdk/gemmacro_shred.v:37$284 ($mul).
  Removing cell $flatten\lane[1].u_dsp.$mul$/home/darsh/gem/aigpdk/gemmacro_shred.v:37$284 ($mul).
  Removing cell $flatten\lane[33].u_dsp.$mul$/home/darsh/gem/aigpdk/gemmacro_shred.v:37$284 ($mul).
  Removing cell $flatten\lane[30].u_dsp.$mul$/home/darsh/gem/aigpdk/gemmacro_shred.v:37$284 ($mul).
  Removing cell $flatten\lane[17].u_dsp.$mul$/home/darsh/gem/aigpdk/gemmacro_shred.v:37$284 ($mul).
  Removing cell $flatten\lane[21].u_dsp.$mul$/home/darsh/gem/aigpdk/gemmacro_shred.v:37$284 ($mul).
  Removing cell $flatten\lane[61].u_dsp.$mul$/home/darsh/gem/aigpdk/gemmacro_shred.v:37$284 ($mul).
  Removing cell $flatten\lane[3].u_dsp.$mul$/home/darsh/gem/aigpdk/gemmacro_shred.v:37$284 ($mul).
  Removing cell $flatten\lane[19].u_dsp.$mul$/home/darsh/gem/aigpdk/gemmacro_shred.v:37$284 ($mul).
  Removing cell $flatten\lane[31].u_dsp.$mul$/home/darsh/gem/aigpdk/gemmacro_shred.v:37$284 ($mul).
  Removing cell $flatten\lane[5].u_dsp.$mul$/home/darsh/gem/aigpdk/gemmacro_shred.v:37$284 ($mul).
  Removing cell $flatten\lane[58].u_dsp.$mul$/home/darsh/gem/aigpdk/gemmacro_shred.v:37$284 ($mul).
  Removing cell $flatten\lane[46].u_dsp.$mul$/home/darsh/gem/aigpdk/gemmacro_shred.v:37$284 ($mul).
  Removing cell $flatten\lane[26].u_dsp.$mul$/home/darsh/gem/aigpdk/gemmacro_shred.v:37$284 ($mul).
  Removing cell $flatten\lane[49].u_dsp.$mul$/home/darsh/gem/aigpdk/gemmacro_shred.v:37$284 ($mul).
  Removing cell $flatten\lane[20].u_dsp.$mul$/home/darsh/gem/aigpdk/gemmacro_shred.v:37$284 ($mul).
  Removing cell $flatten\lane[38].u_dsp.$mul$/home/darsh/gem/aigpdk/gemmacro_shred.v:37$284 ($mul).
  Removing cell $flatten\lane[13].u_dsp.$mul$/home/darsh/gem/aigpdk/gemmacro_shred.v:37$284 ($mul).
  Removing cell $flatten\lane[4].u_dsp.$mul$/home/darsh/gem/aigpdk/gemmacro_shred.v:37$284 ($mul).
  Removing cell $flatten\lane[55].u_dsp.$mul$/home/darsh/gem/aigpdk/gemmacro_shred.v:37$284 ($mul).
  Removing cell $flatten\lane[18].u_dsp.$mul$/home/darsh/gem/aigpdk/gemmacro_shred.v:37$284 ($mul).
  Removing cell $flatten\lane[11].u_dsp.$mul$/home/darsh/gem/aigpdk/gemmacro_shred.v:37$284 ($mul).
  Removing cell $flatten\lane[42].u_dsp.$mul$/home/darsh/gem/aigpdk/gemmacro_shred.v:37$284 ($mul).
  Removing cell $flatten\lane[7].u_dsp.$mul$/home/darsh/gem/aigpdk/gemmacro_shred.v:37$284 ($mul).
  Removing cell $flatten\lane[10].u_dsp.$mul$/home/darsh/gem/aigpdk/gemmacro_shred.v:37$284 ($mul).
  Removing cell $flatten\lane[8].u_dsp.$mul$/home/darsh/gem/aigpdk/gemmacro_shred.v:37$284 ($mul).

15.16. Executing OPT pass (performing simple optimizations).

15.16.1. Executing OPT_EXPR pass (perform const folding).
Optimizing module mixed_64.

15.16.2. Executing OPT_MERGE pass (detect identical cells).
Finding identical cells in module `\mixed_64'.
Computing hashes of 3456 cells of `\mixed_64'.
Finding duplicate cells in `\mixed_64'.
Removed a total of 0 cells.

15.16.3. Executing OPT_MUXTREE pass (detect dead branches in mux trees).
Running muxtree optimizer on module \mixed_64..
  Creating internal representation of mux trees.
  Evaluating internal representation of mux trees.
  Analyzing evaluation results.
Removed 0 multiplexer ports.
<suppressed ~4096 debug messages>

15.16.4. Executing OPT_REDUCE pass (consolidate $*mux and $reduce_* inputs).
  Optimizing cells in module \mixed_64.
Performed a total of 0 changes.

15.16.5. Executing OPT_MERGE pass (detect identical cells).
Finding identical cells in module `\mixed_64'.
Computing hashes of 3456 cells of `\mixed_64'.
Finding duplicate cells in `\mixed_64'.
Removed a total of 0 cells.

15.16.6. Executing OPT_DFF pass (perform DFF optimizations).

15.16.7. Executing OPT_CLEAN pass (remove unused cells and wires).
Finding unused cells or wires in module \mixed_64..

15.16.8. Executing OPT_EXPR pass (perform const folding).
Optimizing module mixed_64.

15.16.9. Finished fast OPT passes. (There is nothing left to do.)

15.17. Executing MEMORY pass.

15.17.1. Executing OPT_MEM pass (optimize memories).
Performed a total of 0 transformations.

15.17.2. Executing OPT_MEM_PRIORITY pass (removing unnecessary memory write priority relations).
Performed a total of 0 transformations.

15.17.3. Executing OPT_MEM_FEEDBACK pass (finding memory read-to-write feedback paths).

15.17.4. Executing MEMORY_BMUX2ROM pass (converting muxes to ROMs).

15.17.5. Executing MEMORY_DFF pass (merging $dff cells to $memrd).

15.17.6. Executing OPT_CLEAN pass (remove unused cells and wires).
Finding unused cells or wires in module \mixed_64..

15.17.7. Executing MEMORY_SHARE pass (consolidating $memrd/$memwr cells).

15.17.8. Executing OPT_MEM_WIDEN pass (optimize memories where all ports are wide).
Performed a total of 0 transformations.

15.17.9. Executing OPT_CLEAN pass (remove unused cells and wires).
Finding unused cells or wires in module \mixed_64..

15.17.10. Executing MEMORY_COLLECT pass (generating $mem cells).

15.18. Executing OPT_CLEAN pass (remove unused cells and wires).
Finding unused cells or wires in module \mixed_64..

15.19. Executing OPT pass (performing simple optimizations).

15.19.1. Executing OPT_EXPR pass (perform const folding).
Optimizing module mixed_64.

15.19.2. Executing OPT_MERGE pass (detect identical cells).
Finding identical cells in module `\mixed_64'.
Computing hashes of 3456 cells of `\mixed_64'.
Finding duplicate cells in `\mixed_64'.
Removed a total of 0 cells.

15.19.3. Executing OPT_DFF pass (perform DFF optimizations).

15.19.4. Executing OPT_CLEAN pass (remove unused cells and wires).
Finding unused cells or wires in module \mixed_64..

15.19.5. Finished fast OPT passes.

15.20. Executing MEMORY_MAP pass (converting memories to logic and flip-flops).

15.21. Executing OPT pass (performing simple optimizations).

15.21.1. Executing OPT_EXPR pass (perform const folding).
Optimizing module mixed_64.

15.21.2. Executing OPT_MERGE pass (detect identical cells).
Finding identical cells in module `\mixed_64'.
Computing hashes of 3456 cells of `\mixed_64'.
Finding duplicate cells in `\mixed_64'.
Removed a total of 0 cells.

15.21.3. Executing OPT_MUXTREE pass (detect dead branches in mux trees).
Running muxtree optimizer on module \mixed_64..
  Creating internal representation of mux trees.
  Evaluating internal representation of mux trees.
  Analyzing evaluation results.
Removed 0 multiplexer ports.
<suppressed ~4096 debug messages>

15.21.4. Executing OPT_REDUCE pass (consolidate $*mux and $reduce_* inputs).
  Optimizing cells in module \mixed_64.
Performed a total of 0 changes.

15.21.5. Executing OPT_MERGE pass (detect identical cells).
Finding identical cells in module `\mixed_64'.
Computing hashes of 3456 cells of `\mixed_64'.
Finding duplicate cells in `\mixed_64'.
Removed a total of 0 cells.

15.21.6. Executing OPT_SHARE pass.

15.21.7. Executing OPT_DFF pass (perform DFF optimizations).

15.21.8. Executing OPT_CLEAN pass (remove unused cells and wires).
Finding unused cells or wires in module \mixed_64..

15.21.9. Executing OPT_EXPR pass (perform const folding).
Optimizing module mixed_64.

15.21.10. Finished fast OPT passes. (There is nothing left to do.)

15.22. Executing TECHMAP pass (map to technology primitives).

15.22.1. Executing Verilog-2005 frontend: /home/darsh/oss-cad-suite/lib/../share/yosys/techmap.v
Parsing Verilog input from `/home/darsh/oss-cad-suite/lib/../share/yosys/techmap.v' to AST representation.
Generating RTLIL representation for module `\_90_simplemap_bool_ops'.
Generating RTLIL representation for module `\_90_simplemap_reduce_ops'.
Generating RTLIL representation for module `\_90_simplemap_logic_ops'.
Generating RTLIL representation for module `\_90_simplemap_compare_ops'.
Generating RTLIL representation for module `\_90_simplemap_various'.
Generating RTLIL representation for module `\_90_simplemap_registers'.
Generating RTLIL representation for module `\_90_shift_ops_shr_shl_sshl_sshr'.
Generating RTLIL representation for module `\_90_shift_shiftx'.
Generating RTLIL representation for module `\_90_fa'.
Generating RTLIL representation for module `\_90_lcu_brent_kung'.
Generating RTLIL representation for module `\_90_alu'.
Generating RTLIL representation for module `\_90_macc'.
Generating RTLIL representation for module `\_90_alumacc'.
Generating RTLIL representation for module `$__div_mod_u'.
Generating RTLIL representation for module `$__div_mod_trunc'.
Generating RTLIL representation for module `\_90_div'.
Generating RTLIL representation for module `\_90_mod'.
Generating RTLIL representation for module `$__div_mod_floor'.
Generating RTLIL representation for module `\_90_divfloor'.
Generating RTLIL representation for module `\_90_modfloor'.
Generating RTLIL representation for module `\_90_pow'.
Generating RTLIL representation for module `\_90_demux'.
Generating RTLIL representation for module `\_90_lut'.
Generating RTLIL representation for module `$connect'.
Generating RTLIL representation for module `$input_port'.
Successfully finished Verilog frontend.

15.22.2. Continuing TECHMAP pass.
Using extmapper maccmap for cells of type $macc_v2.
  add \a_pipe [755:729] * \b_pipe [503:486] (27x18 bits, signed)
  add \lane[27].u_dsp.P (48 bits, signed)
  add \a_pipe [1295:1269] * \b_pipe [863:846] (27x18 bits, signed)
  add \lane[47].u_dsp.P (48 bits, signed)
  add \a_pipe [1241:1215] * \b_pipe [827:810] (27x18 bits, signed)
  add \lane[45].u_dsp.P (48 bits, signed)
  add \a_pipe [53:27] * \b_pipe [35:18] (27x18 bits, signed)
  add \lane[1].u_dsp.P (48 bits, signed)
  add \a_pipe [1133:1107] * \b_pipe [755:738] (27x18 bits, signed)
  add \lane[41].u_dsp.P (48 bits, signed)
  add \a_pipe [323:297] * \b_pipe [215:198] (27x18 bits, signed)
  add \lane[11].u_dsp.P (48 bits, signed)
  add \a_pipe [215:189] * \b_pipe [143:126] (27x18 bits, signed)
  add \lane[7].u_dsp.P (48 bits, signed)
  add \a_pipe [1619:1593] * \b_pipe [1079:1062] (27x18 bits, signed)
  add \lane[59].u_dsp.P (48 bits, signed)
  add \a_pipe [1079:1053] * \b_pipe [719:702] (27x18 bits, signed)
  add \lane[39].u_dsp.P (48 bits, signed)
  add \a_pipe [728:702] * \b_pipe [485:468] (27x18 bits, signed)
  add \lane[26].u_dsp.P (48 bits, signed)
  add \a_pipe [512:486] * \b_pipe [341:324] (27x18 bits, signed)
  add \lane[18].u_dsp.P (48 bits, signed)
  add \a_pipe [620:594] * \b_pipe [413:396] (27x18 bits, signed)
  add \lane[22].u_dsp.P (48 bits, signed)
  add \a_pipe [593:567] * \b_pipe [395:378] (27x18 bits, signed)
  add \lane[21].u_dsp.P (48 bits, signed)
  add \a_pipe [269:243] * \b_pipe [179:162] (27x18 bits, signed)
  add \lane[9].u_dsp.P (48 bits, signed)
  add \a_pipe [539:513] * \b_pipe [359:342] (27x18 bits, signed)
  add \lane[19].u_dsp.P (48 bits, signed)
  add \a_pipe [296:270] * \b_pipe [197:180] (27x18 bits, signed)
  add \lane[10].u_dsp.P (48 bits, signed)
  add \a_pipe [1511:1485] * \b_pipe [1007:990] (27x18 bits, signed)
  add \lane[55].u_dsp.P (48 bits, signed)
  add \a_pipe [1187:1161] * \b_pipe [791:774] (27x18 bits, signed)
  add \lane[43].u_dsp.P (48 bits, signed)
  add \a_pipe [242:216] * \b_pipe [161:144] (27x18 bits, signed)
  add \lane[8].u_dsp.P (48 bits, signed)
  add \a_pipe [188:162] * \b_pipe [125:108] (27x18 bits, signed)
  add \lane[6].u_dsp.P (48 bits, signed)
  add \a_pipe [1700:1674] * \b_pipe [1133:1116] (27x18 bits, signed)
  add \lane[62].u_dsp.P (48 bits, signed)
  add \a_pipe [971:945] * \b_pipe [647:630] (27x18 bits, signed)
  add \lane[35].u_dsp.P (48 bits, signed)
  add \a_pipe [1565:1539] * \b_pipe [1043:1026] (27x18 bits, signed)
  add \lane[57].u_dsp.P (48 bits, signed)
  add \a_pipe [431:405] * \b_pipe [287:270] (27x18 bits, signed)
  add \lane[15].u_dsp.P (48 bits, signed)
  add \a_pipe [566:540] * \b_pipe [377:360] (27x18 bits, signed)
  add \lane[20].u_dsp.P (48 bits, signed)
  add \a_pipe [1025:999] * \b_pipe [683:666] (27x18 bits, signed)
  add \lane[37].u_dsp.P (48 bits, signed)
  add \a_pipe [1457:1431] * \b_pipe [971:954] (27x18 bits, signed)
  add \lane[53].u_dsp.P (48 bits, signed)
  add \a_pipe [944:918] * \b_pipe [629:612] (27x18 bits, signed)
  add \lane[34].u_dsp.P (48 bits, signed)
  add \a_pipe [647:621] * \b_pipe [431:414] (27x18 bits, signed)
  add \lane[23].u_dsp.P (48 bits, signed)
  add \a_pipe [377:351] * \b_pipe [251:234] (27x18 bits, signed)
  add \lane[13].u_dsp.P (48 bits, signed)
  add \a_pipe [404:378] * \b_pipe [269:252] (27x18 bits, signed)
  add \lane[14].u_dsp.P (48 bits, signed)
  add \a_pipe [80:54] * \b_pipe [53:36] (27x18 bits, signed)
  add \lane[2].u_dsp.P (48 bits, signed)
  add \a_pipe [1673:1647] * \b_pipe [1115:1098] (27x18 bits, signed)
  add \lane[61].u_dsp.P (48 bits, signed)
  add \a_pipe [1727:1701] * \b_pipe [1151:1134] (27x18 bits, signed)
  add \lane[63].u_dsp.P (48 bits, signed)
  add \a_pipe [1538:1512] * \b_pipe [1025:1008] (27x18 bits, signed)
  add \lane[56].u_dsp.P (48 bits, signed)
  add \a_pipe [674:648] * \b_pipe [449:432] (27x18 bits, signed)
  add \lane[24].u_dsp.P (48 bits, signed)
  add \a_pipe [1646:1620] * \b_pipe [1097:1080] (27x18 bits, signed)
  add \lane[60].u_dsp.P (48 bits, signed)
  add \a_pipe [701:675] * \b_pipe [467:450] (27x18 bits, signed)
  add \lane[25].u_dsp.P (48 bits, signed)
  add \a_pipe [1052:1026] * \b_pipe [701:684] (27x18 bits, signed)
  add \lane[38].u_dsp.P (48 bits, signed)
  add \a_pipe [809:783] * \b_pipe [539:522] (27x18 bits, signed)
  add \lane[29].u_dsp.P (48 bits, signed)
  add \a_pipe [1349:1323] * \b_pipe [899:882] (27x18 bits, signed)
  add \lane[49].u_dsp.P (48 bits, signed)
  add \a_pipe [350:324] * \b_pipe [233:216] (27x18 bits, signed)
  add \lane[12].u_dsp.P (48 bits, signed)
  add \a_pipe [1322:1296] * \b_pipe [881:864] (27x18 bits, signed)
  add \lane[48].u_dsp.P (48 bits, signed)
  add \a_pipe [1403:1377] * \b_pipe [935:918] (27x18 bits, signed)
  add \lane[51].u_dsp.P (48 bits, signed)
  add \a_pipe [917:891] * \b_pipe [611:594] (27x18 bits, signed)
  add \lane[33].u_dsp.P (48 bits, signed)
  add \a_pipe [134:108] * \b_pipe [89:72] (27x18 bits, signed)
  add \lane[4].u_dsp.P (48 bits, signed)
  add \a_pipe [458:432] * \b_pipe [305:288] (27x18 bits, signed)
  add \lane[16].u_dsp.P (48 bits, signed)
  add \a_pipe [782:756] * \b_pipe [521:504] (27x18 bits, signed)
  add \lane[28].u_dsp.P (48 bits, signed)
  add \a_pipe [998:972] * \b_pipe [665:648] (27x18 bits, signed)
  add \lane[36].u_dsp.P (48 bits, signed)
  add \a_pipe [863:837] * \b_pipe [575:558] (27x18 bits, signed)
  add \lane[31].u_dsp.P (48 bits, signed)
  add \a_pipe [107:81] * \b_pipe [71:54] (27x18 bits, signed)
  add \lane[3].u_dsp.P (48 bits, signed)
  add \a_pipe [1106:1080] * \b_pipe [737:720] (27x18 bits, signed)
  add \lane[40].u_dsp.P (48 bits, signed)
  add \a_pipe [1376:1350] * \b_pipe [917:900] (27x18 bits, signed)
  add \lane[50].u_dsp.P (48 bits, signed)
  add \a_pipe [485:459] * \b_pipe [323:306] (27x18 bits, signed)
  add \lane[17].u_dsp.P (48 bits, signed)
  add \a_pipe [890:864] * \b_pipe [593:576] (27x18 bits, signed)
  add \lane[32].u_dsp.P (48 bits, signed)
  add \a_pipe [1592:1566] * \b_pipe [1061:1044] (27x18 bits, signed)
  add \lane[58].u_dsp.P (48 bits, signed)
  add \a_pipe [836:810] * \b_pipe [557:540] (27x18 bits, signed)
  add \lane[30].u_dsp.P (48 bits, signed)
  add \a_pipe [161:135] * \b_pipe [107:90] (27x18 bits, signed)
  add \lane[5].u_dsp.P (48 bits, signed)
  add \a_pipe [1214:1188] * \b_pipe [809:792] (27x18 bits, signed)
  add \lane[44].u_dsp.P (48 bits, signed)
  add \a_pipe [1430:1404] * \b_pipe [953:936] (27x18 bits, signed)
  add \lane[52].u_dsp.P (48 bits, signed)
  add \a_pipe [26:0] * \b_pipe [17:0] (27x18 bits, signed)
  add \lane[0].u_dsp.P (48 bits, signed)
  add \a_pipe [1268:1242] * \b_pipe [845:828] (27x18 bits, signed)
  add \lane[46].u_dsp.P (48 bits, signed)
  add \a_pipe [1160:1134] * \b_pipe [773:756] (27x18 bits, signed)
  add \lane[42].u_dsp.P (48 bits, signed)
  add \a_pipe [1484:1458] * \b_pipe [989:972] (27x18 bits, signed)
  add \lane[54].u_dsp.P (48 bits, signed)
Using extmapper simplemap for cells of type $sdff.
Using extmapper simplemap for cells of type $xor.
Using extmapper simplemap for cells of type $dffe.
Using extmapper simplemap for cells of type $dff.
Using extmapper simplemap for cells of type $mux.
Using extmapper simplemap for cells of type $bmux.
Using template $paramod\_90_fa\WIDTH=32'00000000000000000000000000110000 for cells of type $fa.
Using template $paramod$88aad6f8473fb7e4e5fbfb8335ddebad03429eaa\_90_alu for cells of type $alu.
Using extmapper simplemap for cells of type $and.
Using extmapper simplemap for cells of type $not.
Using extmapper simplemap for cells of type $or.
Using extmapper simplemap for cells of type $pos.
Using template $paramod\_90_lcu_brent_kung\WIDTH=32'00000000000000000000000000110000 for cells of type $lcu.
No more expansions possible.
<suppressed ~26630 debug messages>

15.23. Executing OPT pass (performing simple optimizations).

15.23.1. Executing OPT_EXPR pass (perform const folding).
Optimizing module mixed_64.
<suppressed ~80960 debug messages>

15.23.2. Executing OPT_MERGE pass (detect identical cells).
Finding identical cells in module `\mixed_64'.
Computing hashes of 317184 cells of `\mixed_64'.
Finding duplicate cells in `\mixed_64'.
Computing hashes of 302784 cells of `\mixed_64'.
Finding duplicate cells in `\mixed_64'.
Computing hashes of 294208 cells of `\mixed_64'.
Finding duplicate cells in `\mixed_64'.
Computing hashes of 285376 cells of `\mixed_64'.
Finding duplicate cells in `\mixed_64'.
Computing hashes of 280704 cells of `\mixed_64'.
Finding duplicate cells in `\mixed_64'.
Computing hashes of 276224 cells of `\mixed_64'.
Finding duplicate cells in `\mixed_64'.
Computing hashes of 271616 cells of `\mixed_64'.
Finding duplicate cells in `\mixed_64'.
Computing hashes of 269120 cells of `\mixed_64'.
Finding duplicate cells in `\mixed_64'.
Computing hashes of 266496 cells of `\mixed_64'.
Finding duplicate cells in `\mixed_64'.
Computing hashes of 265600 cells of `\mixed_64'.
Finding duplicate cells in `\mixed_64'.
Computing hashes of 265024 cells of `\mixed_64'.
Finding duplicate cells in `\mixed_64'.
Computing hashes of 264896 cells of `\mixed_64'.
Finding duplicate cells in `\mixed_64'.
Computing hashes of 264768 cells of `\mixed_64'.
Finding duplicate cells in `\mixed_64'.
Computing hashes of 264640 cells of `\mixed_64'.
Finding duplicate cells in `\mixed_64'.
Computing hashes of 264576 cells of `\mixed_64'.
Finding duplicate cells in `\mixed_64'.
<suppressed ~157824 debug messages>
Removed a total of 52608 cells.

15.23.3. Executing OPT_DFF pass (perform DFF optimizations).

15.23.4. Executing OPT_CLEAN pass (remove unused cells and wires).
Finding unused cells or wires in module \mixed_64..
Removed 4736 unused cells and 15808 unused wires.
<suppressed ~4737 debug messages>

15.23.5. Finished fast OPT passes.

15.24. Executing ABC pass (technology mapping using ABC).

15.24.1. Extracting gate netlist of module `\mixed_64' to `<abc-temp-dir>/input.blif'..

15.24.1.1. Executed ABC.
Extracted 247599 gates and 259701 wires to a netlist network with 12101 inputs and 3217 outputs.
Running ABC script: <abc-temp-dir>/abc.script
ABC: UC Berkeley, ABC 1.01 (compiled Aug 28 2026 12:09:00)
ABC: abc 01> empty
ABC: abc 01> source <abc-temp-dir>/abc.script
ABC: + read_blif <abc-temp-dir>/input.blif 
ABC: + read_library <abc-temp-dir>/stdcells.genlib 
ABC: + strash 
ABC: + &get -n 
ABC: + &fraig -x 
ABC: + &put 
ABC: + scorr 
ABC: Warning: The network is combinational (run "fraig" or "fraig_sweep").
ABC: + dc2 
ABC: + dretime 
ABC: + strash 
ABC: + &get -n 
ABC: + &dch -f 
ABC: + &nf 
ABC: + &put 
ABC: + write_blif <abc-temp-dir>/output.blif 
ABC: 
ABC: YOSYS_ABC_DONE 

15.24.1.2. Re-integrating ABC results.
ABC RESULTS:               AND cells:    37769
ABC RESULTS:            ANDNOT cells:     3148
ABC RESULTS:               MUX cells:     2214
ABC RESULTS:              NAND cells:   107368
ABC RESULTS:               NOR cells:      194
ABC RESULTS:               NOT cells:       52
ABC RESULTS:                OR cells:     5563
ABC RESULTS:             ORNOT cells:     1501
ABC RESULTS:              XNOR cells:    13917
ABC RESULTS:               XOR cells:    71486
ABC RESULTS:        internal signals:   244383
ABC RESULTS:           input signals:    12101
ABC RESULTS:          output signals:     3217
Removing temp directory.
Removing global temp directory.

15.25. Executing OPT pass (performing simple optimizations).

15.25.1. Executing OPT_EXPR pass (perform const folding).
Optimizing module mixed_64.

15.25.2. Executing OPT_MERGE pass (detect identical cells).
Finding identical cells in module `\mixed_64'.
Computing hashes of 255453 cells of `\mixed_64'.
Finding duplicate cells in `\mixed_64'.
Removed a total of 0 cells.

15.25.3. Executing OPT_DFF pass (perform DFF optimizations).

15.25.4. Executing OPT_CLEAN pass (remove unused cells and wires).
Finding unused cells or wires in module \mixed_64..
Removed 0 unused cells and 32979 unused wires.
<suppressed ~1156 debug messages>

15.25.5. Finished fast OPT passes.

15.26. Executing HIERARCHY pass (managing design hierarchy).
Attribute `top' found on module `mixed_64'. Setting top module to mixed_64.

15.26.1. Analyzing design hierarchy..
Top module:  \mixed_64

15.26.2. Analyzing design hierarchy..
Top module:  \mixed_64
Removed 0 unused modules.

15.27. Printing statistics.

=== mixed_64 ===

        +----------Local Count, excluding submodules.
        | 
   246095 wires
   296530 wire bits
     5716 public wires
    38103 public wire bits
       11 ports
      198 port bits
   255453 cells
     3148   $_ANDNOT_
    37769   $_AND_
     2048   $_DFFE_PP_
     6976   $_DFF_P_
     2214   $_MUX_
   107368   $_NAND_
      194   $_NOR_
       52   $_NOT_
     1501   $_ORNOT_
     5563   $_OR_
     3153   $_SDFF_PP0_
    13917   $_XNOR_
    71486   $_XOR_
       64   $scopeinfo

15.28. Executing CHECK pass (checking for obvious problems).
Checking module mixed_64...
Found and reported 0 problems.

16. Executing DFFLIBMAP pass (mapping DFF/DLATCH cells to sequential cells from liberty file).
  cell DFF (noninv, pins=3, area=100.00) is a direct match for cell type $_DFF_P_.
  cell DFFSR (noninv, pins=5, area=176.00) is a direct match for cell type $_DFFSR_PNN_.
  final dff/dlatch cell mappings:
    unmapped dff/dlatch cell: $_DFF_N_
    \DFF _DFF_P_ (.CLK( C), .D( D), .Q( Q));
    unmapped dff/dlatch cell: $_DFF_NN0_
    unmapped dff/dlatch cell: $_DFF_NN1_
    unmapped dff/dlatch cell: $_DFF_NP0_
    unmapped dff/dlatch cell: $_DFF_NP1_
    unmapped dff/dlatch cell: $_DFF_PN0_
    unmapped dff/dlatch cell: $_DFF_PN1_
    unmapped dff/dlatch cell: $_DFF_PP0_
    unmapped dff/dlatch cell: $_DFF_PP1_
    unmapped dff/dlatch cell: $_DFFE_NN_
    unmapped dff/dlatch cell: $_DFFE_NP_
    unmapped dff/dlatch cell: $_DFFE_PN_
    unmapped dff/dlatch cell: $_DFFE_PP_
    unmapped dff/dlatch cell: $_DFFSR_NNN_
    unmapped dff/dlatch cell: $_DFFSR_NNP_
    unmapped dff/dlatch cell: $_DFFSR_NPN_
    unmapped dff/dlatch cell: $_DFFSR_NPP_
    \DFFSR _DFFSR_PNN_ (.CLK( C), .D( D), .Q( Q), .R( R), .S( S));
    unmapped dff/dlatch cell: $_DFFSR_PNP_
    unmapped dff/dlatch cell: $_DFFSR_PPN_
    unmapped dff/dlatch cell: $_DFFSR_PPP_
    unmapped dff/dlatch cell: $_DLATCH_N_
    unmapped dff/dlatch cell: $_DLATCH_P_
    unmapped dff/dlatch cell: $_DLATCH_NN0_
    unmapped dff/dlatch cell: $_DLATCH_NN1_
    unmapped dff/dlatch cell: $_DLATCH_NP0_
    unmapped dff/dlatch cell: $_DLATCH_NP1_
    unmapped dff/dlatch cell: $_DLATCH_PN0_
    unmapped dff/dlatch cell: $_DLATCH_PN1_
    unmapped dff/dlatch cell: $_DLATCH_PP0_
    unmapped dff/dlatch cell: $_DLATCH_PP1_
    unmapped dff/dlatch cell: $_DLATCHSR_NNN_
    unmapped dff/dlatch cell: $_DLATCHSR_NNP_
    unmapped dff/dlatch cell: $_DLATCHSR_NPN_
    unmapped dff/dlatch cell: $_DLATCHSR_NPP_
    unmapped dff/dlatch cell: $_DLATCHSR_PNN_
    unmapped dff/dlatch cell: $_DLATCHSR_PNP_
    unmapped dff/dlatch cell: $_DLATCHSR_PPN_
    unmapped dff/dlatch cell: $_DLATCHSR_PPP_

16.1. Executing DFFLEGALIZE pass (convert FFs and LATCHes to types supported by the target).
Mapping DFF/DLATCH cells in module `\mixed_64':
  mapped 12177 $_DFF_P_ cells to \DFF cells.

17. Executing OPT_CLEAN pass (remove unused cells and wires).
Finding unused cells or wires in module \mixed_64..
Removed 64 unused cells and 4995 unused wires.
<suppressed ~5059 debug messages>

18. Executing ABC pass (technology mapping using ABC).

18.1. Extracting gate netlist of module `\mixed_64' to `<abc-temp-dir>/input.blif'..
ABC: using cached merged SCL: /tmp/yosys-liberty-scl-cache/yosys_merged_e4e0a21d.scl (1 files)

18.1.1. Executed ABC.
Extracted 248413 gates and 260517 wires to a netlist network with 12103 inputs and 5201 outputs.
Running ABC script: <abc-temp-dir>/abc.script
ABC: UC Berkeley, ABC 1.01 (compiled Aug 28 2026 12:09:00)
ABC: abc 01> empty
ABC: abc 01> source <abc-temp-dir>/abc.script
ABC: + read_blif <abc-temp-dir>/input.blif 
ABC: + read_scl /tmp/yosys-liberty-scl-cache/yosys_merged_e4e0a21d.scl 
ABC: + strash 
ABC: + &get -n 
ABC: + &fraig -x 
ABC: + &put 
ABC: + scorr 
ABC: Warning: The network is combinational (run "fraig" or "fraig_sweep").
ABC: + dc2 
ABC: + dretime 
ABC: + strash 
ABC: + &get -n 
ABC: + &dch -f 
ABC: + &nf 
ABC: + &put 
ABC: + write_blif <abc-temp-dir>/output.blif 
ABC: 
ABC: YOSYS_ABC_DONE 

18.1.2. Re-integrating ABC results.
ABC RESULTS:         AND2_00_0 cells:   124783
ABC RESULTS:         AND2_01_0 cells:    17837
ABC RESULTS:         AND2_10_0 cells:    65277
ABC RESULTS:         AND2_11_0 cells:    12324
ABC RESULTS:         AND2_11_1 cells:   131091
ABC RESULTS:               INV cells:    12484
ABC RESULTS:        internal signals:   243213
ABC RESULTS:           input signals:    12103
ABC RESULTS:          output signals:     5201
Removing temp directory.
Removing global temp directory.

19. Executing OPT_CLEAN pass (remove unused cells and wires).
Finding unused cells or wires in module \mixed_64..
Removed 0 unused cells and 257750 unused wires.
<suppressed ~68 debug messages>

20. Executing TECHMAP pass (map to technology primitives).

20.1. Executing Verilog-2005 frontend: /home/darsh/oss-cad-suite/lib/../share/yosys/techmap.v
Parsing Verilog input from `/home/darsh/oss-cad-suite/lib/../share/yosys/techmap.v' to AST representation.
Generating RTLIL representation for module `\_90_simplemap_bool_ops'.
Generating RTLIL representation for module `\_90_simplemap_reduce_ops'.
Generating RTLIL representation for module `\_90_simplemap_logic_ops'.
Generating RTLIL representation for module `\_90_simplemap_compare_ops'.
Generating RTLIL representation for module `\_90_simplemap_various'.
Generating RTLIL representation for module `\_90_simplemap_registers'.
Generating RTLIL representation for module `\_90_shift_ops_shr_shl_sshl_sshr'.
Generating RTLIL representation for module `\_90_shift_shiftx'.
Generating RTLIL representation for module `\_90_fa'.
Generating RTLIL representation for module `\_90_lcu_brent_kung'.
Generating RTLIL representation for module `\_90_alu'.
Generating RTLIL representation for module `\_90_macc'.
Generating RTLIL representation for module `\_90_alumacc'.
Generating RTLIL representation for module `$__div_mod_u'.
Generating RTLIL representation for module `$__div_mod_trunc'.
Generating RTLIL representation for module `\_90_div'.
Generating RTLIL representation for module `\_90_mod'.
Generating RTLIL representation for module `$__div_mod_floor'.
Generating RTLIL representation for module `\_90_divfloor'.
Generating RTLIL representation for module `\_90_modfloor'.
Generating RTLIL representation for module `\_90_pow'.
Generating RTLIL representation for module `\_90_demux'.
Generating RTLIL representation for module `\_90_lut'.
Generating RTLIL representation for module `$connect'.
Generating RTLIL representation for module `$input_port'.
Successfully finished Verilog frontend.

20.2. Continuing TECHMAP pass.
No more expansions possible.
<suppressed ~77 debug messages>

21. Executing ABC pass (technology mapping using ABC).

21.1. Extracting gate netlist of module `\mixed_64' to `<abc-temp-dir>/input.blif'..
ABC: using cached merged SCL: /tmp/yosys-liberty-scl-cache/yosys_merged_e4e0a21d.scl (1 files)

21.1.1. Executed ABC.
Extracted 0 gates and 0 wires to a netlist network with 0 inputs and 0 outputs.
Don't call ABC as there is nothing to map.
Removing temp directory.
Removing global temp directory.

22. Executing OPT_CLEAN pass (remove unused cells and wires).
Finding unused cells or wires in module \mixed_64..

23. Printing statistics.

=== mixed_64 ===

        +----------Local Count, excluding submodules.
        | 
   364450 wires
   376090 wire bits
       14 public wires
     5126 public wire bits
       11 ports
      198 port bits
   375973 cells
   124783   AND2_00_0
    17837   AND2_01_0
    65277   AND2_10_0
    12324   AND2_11_0
   131091   AND2_11_1
    12177   DFF
    12484   INV

24. Executing Verilog backend.

24.1. Executing BMUXMAP pass.

24.2. Executing DEMUXMAP pass.
Dumping module `\mixed_64'.

End of script. Logfile hash: e7a6b8122f, time: 85.26s, user: 37.19s, system: 2.41s, MEM: 1155.79 MB peak
Yosys 0.68+136 (git sha1 c30457480-dirty, Release, Clang /usr/bin/clang++ 21.1.8)
Time spent: 67% 3x abc (70 sec), 14% 23x opt_clean (15 sec), ...
