
 /----------------------------------------------------------------------------\
 |  yosys -- Yosys Open SYnthesis Suite                                       |
 |  Copyright (C) 2012 - 2026  Claire Xenia Wolf <claire@yosyshq.com>         |
 |  Distributed under an ISC-like license, type "license" to see terms        |
 \----------------------------------------------------------------------------/
 Yosys 0.68+136 (git sha1 c30457480-dirty, Release, Clang /usr/bin/clang++ 21.1.8)

-- Running command `
plugin -i slang
read_slang --top mixed_16 designs/mixed_16.sv /home/darsh/gem/bench/flow/dsp48e2_bb.v /home/darsh/gem/bench/flow/gemcarry_shred.v /home/darsh/gem/bench/flow/gemsrl_shred.v
hierarchy -check -top mixed_16
proc;;
opt_expr; opt_dff; opt_clean
memory -nomap
memory_libmap -lib /home/darsh/gem/aigpdk/memlib_yosys.txt -logic-cost-rom 100 -logic-cost-ram 100
techmap -map /home/darsh/gem/aigpdk/gemmacro_map.v
read_verilog /home/darsh/gem/aigpdk/gemmacro_shred.v
proc
hierarchy -check -top mixed_16
opt_expr -fine; opt_clean
synth -flatten
delete t:$print
dfflibmap -liberty /home/darsh/gem/aigpdk/aigpdk_nomem.lib
opt_clean -purge
abc -liberty /home/darsh/gem/aigpdk/aigpdk_nomem.lib
opt_clean -purge
techmap
abc -liberty /home/darsh/gem/aigpdk/aigpdk_nomem.lib
opt_clean -purge
setparam -unset INIT -unset IS_CLK_INVERTED t:SRLC32E
rename -hide w:*.*
stat
write_verilog -noattr results/mixed_16.shred.gv
' --

1. Executing SLANG frontend.
Top level design units:
    mixed_16

designs/mixed_16.sv:27:57: warning: output port 'ACOUT' has no connection [-Wunconnected-output-port]
             .USE_MULT("MULTIPLY"), .USE_SIMD("ONE48")) u_dsp (
                                                        ^
designs/mixed_16.sv:27:57: warning: output port 'BCOUT' has no connection [-Wunconnected-output-port]
             .USE_MULT("MULTIPLY"), .USE_SIMD("ONE48")) u_dsp (
                                                        ^
designs/mixed_16.sv:27:57: warning: output port 'CARRYCASCOUT' has no connection [-Wunconnected-output-port]
             .USE_MULT("MULTIPLY"), .USE_SIMD("ONE48")) u_dsp (
                                                        ^
designs/mixed_16.sv:27:57: warning: output port 'CARRYOUT' has no connection [-Wunconnected-output-port]
             .USE_MULT("MULTIPLY"), .USE_SIMD("ONE48")) u_dsp (
                                                        ^
designs/mixed_16.sv:27:57: warning: output port 'MULTSIGNOUT' has no connection [-Wunconnected-output-port]
             .USE_MULT("MULTIPLY"), .USE_SIMD("ONE48")) u_dsp (
                                                        ^
designs/mixed_16.sv:27:57: warning: output port 'OVERFLOW' has no connection [-Wunconnected-output-port]
             .USE_MULT("MULTIPLY"), .USE_SIMD("ONE48")) u_dsp (
                                                        ^
designs/mixed_16.sv:27:57: warning: output port 'PATTERNBDETECT' has no connection [-Wunconnected-output-port]
             .USE_MULT("MULTIPLY"), .USE_SIMD("ONE48")) u_dsp (
                                                        ^
designs/mixed_16.sv:27:57: warning: output port 'PATTERNDETECT' has no connection [-Wunconnected-output-port]
             .USE_MULT("MULTIPLY"), .USE_SIMD("ONE48")) u_dsp (
                                                        ^
designs/mixed_16.sv:27:57: warning: output port 'PCOUT' has no connection [-Wunconnected-output-port]
             .USE_MULT("MULTIPLY"), .USE_SIMD("ONE48")) u_dsp (
                                                        ^
designs/mixed_16.sv:27:57: warning: output port 'UNDERFLOW' has no connection [-Wunconnected-output-port]
             .USE_MULT("MULTIPLY"), .USE_SIMD("ONE48")) u_dsp (
                                                        ^
designs/mixed_16.sv:27:57: warning: output port 'XOROUT' has no connection [-Wunconnected-output-port]
             .USE_MULT("MULTIPLY"), .USE_SIMD("ONE48")) u_dsp (
                                                        ^
designs/mixed_16.sv:27:57: warning: output port 'ACOUT' has no connection [-Wunconnected-output-port]
             .USE_MULT("MULTIPLY"), .USE_SIMD("ONE48")) u_dsp (
                                                        ^
designs/mixed_16.sv:27:57: warning: output port 'BCOUT' has no connection [-Wunconnected-output-port]
             .USE_MULT("MULTIPLY"), .USE_SIMD("ONE48")) u_dsp (
                                                        ^
designs/mixed_16.sv:27:57: warning: output port 'CARRYCASCOUT' has no connection [-Wunconnected-output-port]
             .USE_MULT("MULTIPLY"), .USE_SIMD("ONE48")) u_dsp (
                                                        ^
designs/mixed_16.sv:27:57: warning: output port 'CARRYOUT' has no connection [-Wunconnected-output-port]
             .USE_MULT("MULTIPLY"), .USE_SIMD("ONE48")) u_dsp (
                                                        ^
designs/mixed_16.sv:27:57: warning: output port 'MULTSIGNOUT' has no connection [-Wunconnected-output-port]
             .USE_MULT("MULTIPLY"), .USE_SIMD("ONE48")) u_dsp (
                                                        ^
designs/mixed_16.sv:27:57: warning: output port 'OVERFLOW' has no connection [-Wunconnected-output-port]
             .USE_MULT("MULTIPLY"), .USE_SIMD("ONE48")) u_dsp (
                                                        ^
designs/mixed_16.sv:27:57: warning: output port 'PATTERNBDETECT' has no connection [-Wunconnected-output-port]
             .USE_MULT("MULTIPLY"), .USE_SIMD("ONE48")) u_dsp (
                                                        ^
designs/mixed_16.sv:27:57: warning: output port 'PATTERNDETECT' has no connection [-Wunconnected-output-port]
             .USE_MULT("MULTIPLY"), .USE_SIMD("ONE48")) u_dsp (
                                                        ^
designs/mixed_16.sv:27:57: warning: output port 'PCOUT' has no connection [-Wunconnected-output-port]
             .USE_MULT("MULTIPLY"), .USE_SIMD("ONE48")) u_dsp (
                                                        ^
designs/mixed_16.sv:27:57: warning: output port 'UNDERFLOW' has no connection [-Wunconnected-output-port]
             .USE_MULT("MULTIPLY"), .USE_SIMD("ONE48")) u_dsp (
                                                        ^
designs/mixed_16.sv:27:57: warning: output port 'XOROUT' has no connection [-Wunconnected-output-port]
             .USE_MULT("MULTIPLY"), .USE_SIMD("ONE48")) u_dsp (
                                                        ^
designs/mixed_16.sv:27:57: warning: output port 'ACOUT' has no connection [-Wunconnected-output-port]
             .USE_MULT("MULTIPLY"), .USE_SIMD("ONE48")) u_dsp (
                                                        ^
designs/mixed_16.sv:27:57: warning: output port 'BCOUT' has no connection [-Wunconnected-output-port]
             .USE_MULT("MULTIPLY"), .USE_SIMD("ONE48")) u_dsp (
                                                        ^
designs/mixed_16.sv:27:57: warning: output port 'CARRYCASCOUT' has no connection [-Wunconnected-output-port]
             .USE_MULT("MULTIPLY"), .USE_SIMD("ONE48")) u_dsp (
                                                        ^
designs/mixed_16.sv:27:57: warning: output port 'CARRYOUT' has no connection [-Wunconnected-output-port]
             .USE_MULT("MULTIPLY"), .USE_SIMD("ONE48")) u_dsp (
                                                        ^
designs/mixed_16.sv:27:57: warning: output port 'MULTSIGNOUT' has no connection [-Wunconnected-output-port]
             .USE_MULT("MULTIPLY"), .USE_SIMD("ONE48")) u_dsp (
                                                        ^
designs/mixed_16.sv:27:57: warning: output port 'OVERFLOW' has no connection [-Wunconnected-output-port]
             .USE_MULT("MULTIPLY"), .USE_SIMD("ONE48")) u_dsp (
                                                        ^
designs/mixed_16.sv:27:57: warning: output port 'PATTERNBDETECT' has no connection [-Wunconnected-output-port]
             .USE_MULT("MULTIPLY"), .USE_SIMD("ONE48")) u_dsp (
                                                        ^
designs/mixed_16.sv:27:57: warning: output port 'PATTERNDETECT' has no connection [-Wunconnected-output-port]
             .USE_MULT("MULTIPLY"), .USE_SIMD("ONE48")) u_dsp (
                                                        ^
designs/mixed_16.sv:27:57: warning: output port 'PCOUT' has no connection [-Wunconnected-output-port]
             .USE_MULT("MULTIPLY"), .USE_SIMD("ONE48")) u_dsp (
                                                        ^
designs/mixed_16.sv:27:57: warning: output port 'UNDERFLOW' has no connection [-Wunconnected-output-port]
             .USE_MULT("MULTIPLY"), .USE_SIMD("ONE48")) u_dsp (
                                                        ^
designs/mixed_16.sv:27:57: warning: output port 'XOROUT' has no connection [-Wunconnected-output-port]
             .USE_MULT("MULTIPLY"), .USE_SIMD("ONE48")) u_dsp (
                                                        ^
designs/mixed_16.sv:27:57: warning: output port 'ACOUT' has no connection [-Wunconnected-output-port]
             .USE_MULT("MULTIPLY"), .USE_SIMD("ONE48")) u_dsp (
                                                        ^
designs/mixed_16.sv:27:57: warning: output port 'BCOUT' has no connection [-Wunconnected-output-port]
             .USE_MULT("MULTIPLY"), .USE_SIMD("ONE48")) u_dsp (
                                                        ^
designs/mixed_16.sv:27:57: warning: output port 'CARRYCASCOUT' has no connection [-Wunconnected-output-port]
             .USE_MULT("MULTIPLY"), .USE_SIMD("ONE48")) u_dsp (
                                                        ^
designs/mixed_16.sv:27:57: warning: output port 'CARRYOUT' has no connection [-Wunconnected-output-port]
             .USE_MULT("MULTIPLY"), .USE_SIMD("ONE48")) u_dsp (
                                                        ^
designs/mixed_16.sv:27:57: warning: output port 'MULTSIGNOUT' has no connection [-Wunconnected-output-port]
             .USE_MULT("MULTIPLY"), .USE_SIMD("ONE48")) u_dsp (
                                                        ^
designs/mixed_16.sv:27:57: warning: output port 'OVERFLOW' has no connection [-Wunconnected-output-port]
             .USE_MULT("MULTIPLY"), .USE_SIMD("ONE48")) u_dsp (
                                                        ^
designs/mixed_16.sv:27:57: warning: output port 'PATTERNBDETECT' has no connection [-Wunconnected-output-port]
             .USE_MULT("MULTIPLY"), .USE_SIMD("ONE48")) u_dsp (
                                                        ^
designs/mixed_16.sv:27:57: warning: output port 'PATTERNDETECT' has no connection [-Wunconnected-output-port]
             .USE_MULT("MULTIPLY"), .USE_SIMD("ONE48")) u_dsp (
                                                        ^
designs/mixed_16.sv:27:57: warning: output port 'PCOUT' has no connection [-Wunconnected-output-port]
             .USE_MULT("MULTIPLY"), .USE_SIMD("ONE48")) u_dsp (
                                                        ^
designs/mixed_16.sv:27:57: warning: output port 'UNDERFLOW' has no connection [-Wunconnected-output-port]
             .USE_MULT("MULTIPLY"), .USE_SIMD("ONE48")) u_dsp (
                                                        ^
designs/mixed_16.sv:27:57: warning: output port 'XOROUT' has no connection [-Wunconnected-output-port]
             .USE_MULT("MULTIPLY"), .USE_SIMD("ONE48")) u_dsp (
                                                        ^
designs/mixed_16.sv:27:57: warning: output port 'ACOUT' has no connection [-Wunconnected-output-port]
             .USE_MULT("MULTIPLY"), .USE_SIMD("ONE48")) u_dsp (
                                                        ^
designs/mixed_16.sv:27:57: warning: output port 'BCOUT' has no connection [-Wunconnected-output-port]
             .USE_MULT("MULTIPLY"), .USE_SIMD("ONE48")) u_dsp (
                                                        ^
designs/mixed_16.sv:27:57: warning: output port 'CARRYCASCOUT' has no connection [-Wunconnected-output-port]
             .USE_MULT("MULTIPLY"), .USE_SIMD("ONE48")) u_dsp (
                                                        ^
designs/mixed_16.sv:27:57: warning: output port 'CARRYOUT' has no connection [-Wunconnected-output-port]
             .USE_MULT("MULTIPLY"), .USE_SIMD("ONE48")) u_dsp (
                                                        ^
designs/mixed_16.sv:27:57: warning: output port 'MULTSIGNOUT' has no connection [-Wunconnected-output-port]
             .USE_MULT("MULTIPLY"), .USE_SIMD("ONE48")) u_dsp (
                                                        ^
designs/mixed_16.sv:27:57: warning: output port 'OVERFLOW' has no connection [-Wunconnected-output-port]
             .USE_MULT("MULTIPLY"), .USE_SIMD("ONE48")) u_dsp (
                                                        ^
designs/mixed_16.sv:27:57: warning: output port 'PATTERNBDETECT' has no connection [-Wunconnected-output-port]
             .USE_MULT("MULTIPLY"), .USE_SIMD("ONE48")) u_dsp (
                                                        ^
designs/mixed_16.sv:27:57: warning: output port 'PATTERNDETECT' has no connection [-Wunconnected-output-port]
             .USE_MULT("MULTIPLY"), .USE_SIMD("ONE48")) u_dsp (
                                                        ^
designs/mixed_16.sv:27:57: warning: output port 'PCOUT' has no connection [-Wunconnected-output-port]
             .USE_MULT("MULTIPLY"), .USE_SIMD("ONE48")) u_dsp (
                                                        ^
designs/mixed_16.sv:27:57: warning: output port 'UNDERFLOW' has no connection [-Wunconnected-output-port]
             .USE_MULT("MULTIPLY"), .USE_SIMD("ONE48")) u_dsp (
                                                        ^
designs/mixed_16.sv:27:57: warning: output port 'XOROUT' has no connection [-Wunconnected-output-port]
             .USE_MULT("MULTIPLY"), .USE_SIMD("ONE48")) u_dsp (
                                                        ^
designs/mixed_16.sv:27:57: warning: output port 'ACOUT' has no connection [-Wunconnected-output-port]
             .USE_MULT("MULTIPLY"), .USE_SIMD("ONE48")) u_dsp (
                                                        ^
designs/mixed_16.sv:27:57: warning: output port 'BCOUT' has no connection [-Wunconnected-output-port]
             .USE_MULT("MULTIPLY"), .USE_SIMD("ONE48")) u_dsp (
                                                        ^
designs/mixed_16.sv:27:57: warning: output port 'CARRYCASCOUT' has no connection [-Wunconnected-output-port]
             .USE_MULT("MULTIPLY"), .USE_SIMD("ONE48")) u_dsp (
                                                        ^
designs/mixed_16.sv:27:57: warning: output port 'CARRYOUT' has no connection [-Wunconnected-output-port]
             .USE_MULT("MULTIPLY"), .USE_SIMD("ONE48")) u_dsp (
                                                        ^
designs/mixed_16.sv:27:57: warning: output port 'MULTSIGNOUT' has no connection [-Wunconnected-output-port]
             .USE_MULT("MULTIPLY"), .USE_SIMD("ONE48")) u_dsp (
                                                        ^
designs/mixed_16.sv:27:57: warning: output port 'OVERFLOW' has no connection [-Wunconnected-output-port]
             .USE_MULT("MULTIPLY"), .USE_SIMD("ONE48")) u_dsp (
                                                        ^
designs/mixed_16.sv:27:57: warning: output port 'PATTERNBDETECT' has no connection [-Wunconnected-output-port]
             .USE_MULT("MULTIPLY"), .USE_SIMD("ONE48")) u_dsp (
                                                        ^
designs/mixed_16.sv:27:57: warning: output port 'PATTERNDETECT' has no connection [-Wunconnected-output-port]
             .USE_MULT("MULTIPLY"), .USE_SIMD("ONE48")) u_dsp (
                                                        ^
designs/mixed_16.sv:27:57: warning: output port 'PCOUT' has no connection [-Wunconnected-output-port]
             .USE_MULT("MULTIPLY"), .USE_SIMD("ONE48")) u_dsp (
                                                        ^
designs/mixed_16.sv:27:57: warning: output port 'UNDERFLOW' has no connection [-Wunconnected-output-port]
             .USE_MULT("MULTIPLY"), .USE_SIMD("ONE48")) u_dsp (
                                                        ^
designs/mixed_16.sv:27:57: warning: output port 'XOROUT' has no connection [-Wunconnected-output-port]
             .USE_MULT("MULTIPLY"), .USE_SIMD("ONE48")) u_dsp (
                                                        ^
designs/mixed_16.sv:27:57: warning: output port 'ACOUT' has no connection [-Wunconnected-output-port]
             .USE_MULT("MULTIPLY"), .USE_SIMD("ONE48")) u_dsp (
                                                        ^
designs/mixed_16.sv:27:57: warning: output port 'BCOUT' has no connection [-Wunconnected-output-port]
             .USE_MULT("MULTIPLY"), .USE_SIMD("ONE48")) u_dsp (
                                                        ^
designs/mixed_16.sv:27:57: warning: output port 'CARRYCASCOUT' has no connection [-Wunconnected-output-port]
             .USE_MULT("MULTIPLY"), .USE_SIMD("ONE48")) u_dsp (
                                                        ^
designs/mixed_16.sv:27:57: warning: output port 'CARRYOUT' has no connection [-Wunconnected-output-port]
             .USE_MULT("MULTIPLY"), .USE_SIMD("ONE48")) u_dsp (
                                                        ^
designs/mixed_16.sv:27:57: warning: output port 'MULTSIGNOUT' has no connection [-Wunconnected-output-port]
             .USE_MULT("MULTIPLY"), .USE_SIMD("ONE48")) u_dsp (
                                                        ^
designs/mixed_16.sv:27:57: warning: output port 'OVERFLOW' has no connection [-Wunconnected-output-port]
             .USE_MULT("MULTIPLY"), .USE_SIMD("ONE48")) u_dsp (
                                                        ^
designs/mixed_16.sv:27:57: warning: output port 'PATTERNBDETECT' has no connection [-Wunconnected-output-port]
             .USE_MULT("MULTIPLY"), .USE_SIMD("ONE48")) u_dsp (
                                                        ^
designs/mixed_16.sv:27:57: warning: output port 'PATTERNDETECT' has no connection [-Wunconnected-output-port]
             .USE_MULT("MULTIPLY"), .USE_SIMD("ONE48")) u_dsp (
                                                        ^
designs/mixed_16.sv:27:57: warning: output port 'PCOUT' has no connection [-Wunconnected-output-port]
             .USE_MULT("MULTIPLY"), .USE_SIMD("ONE48")) u_dsp (
                                                        ^
designs/mixed_16.sv:27:57: warning: output port 'UNDERFLOW' has no connection [-Wunconnected-output-port]
             .USE_MULT("MULTIPLY"), .USE_SIMD("ONE48")) u_dsp (
                                                        ^
designs/mixed_16.sv:27:57: warning: output port 'XOROUT' has no connection [-Wunconnected-output-port]
             .USE_MULT("MULTIPLY"), .USE_SIMD("ONE48")) u_dsp (
                                                        ^
designs/mixed_16.sv:27:57: warning: output port 'ACOUT' has no connection [-Wunconnected-output-port]
             .USE_MULT("MULTIPLY"), .USE_SIMD("ONE48")) u_dsp (
                                                        ^
designs/mixed_16.sv:27:57: warning: output port 'BCOUT' has no connection [-Wunconnected-output-port]
             .USE_MULT("MULTIPLY"), .USE_SIMD("ONE48")) u_dsp (
                                                        ^
designs/mixed_16.sv:27:57: warning: output port 'CARRYCASCOUT' has no connection [-Wunconnected-output-port]
             .USE_MULT("MULTIPLY"), .USE_SIMD("ONE48")) u_dsp (
                                                        ^
designs/mixed_16.sv:27:57: warning: output port 'CARRYOUT' has no connection [-Wunconnected-output-port]
             .USE_MULT("MULTIPLY"), .USE_SIMD("ONE48")) u_dsp (
                                                        ^
designs/mixed_16.sv:27:57: warning: output port 'MULTSIGNOUT' has no connection [-Wunconnected-output-port]
             .USE_MULT("MULTIPLY"), .USE_SIMD("ONE48")) u_dsp (
                                                        ^
designs/mixed_16.sv:27:57: warning: output port 'OVERFLOW' has no connection [-Wunconnected-output-port]
             .USE_MULT("MULTIPLY"), .USE_SIMD("ONE48")) u_dsp (
                                                        ^
designs/mixed_16.sv:27:57: warning: output port 'PATTERNBDETECT' has no connection [-Wunconnected-output-port]
             .USE_MULT("MULTIPLY"), .USE_SIMD("ONE48")) u_dsp (
                                                        ^
designs/mixed_16.sv:27:57: warning: output port 'PATTERNDETECT' has no connection [-Wunconnected-output-port]
             .USE_MULT("MULTIPLY"), .USE_SIMD("ONE48")) u_dsp (
                                                        ^
designs/mixed_16.sv:27:57: warning: output port 'PCOUT' has no connection [-Wunconnected-output-port]
             .USE_MULT("MULTIPLY"), .USE_SIMD("ONE48")) u_dsp (
                                                        ^
designs/mixed_16.sv:27:57: warning: output port 'UNDERFLOW' has no connection [-Wunconnected-output-port]
             .USE_MULT("MULTIPLY"), .USE_SIMD("ONE48")) u_dsp (
                                                        ^
designs/mixed_16.sv:27:57: warning: output port 'XOROUT' has no connection [-Wunconnected-output-port]
             .USE_MULT("MULTIPLY"), .USE_SIMD("ONE48")) u_dsp (
                                                        ^
designs/mixed_16.sv:27:57: warning: output port 'ACOUT' has no connection [-Wunconnected-output-port]
             .USE_MULT("MULTIPLY"), .USE_SIMD("ONE48")) u_dsp (
                                                        ^
designs/mixed_16.sv:27:57: warning: output port 'BCOUT' has no connection [-Wunconnected-output-port]
             .USE_MULT("MULTIPLY"), .USE_SIMD("ONE48")) u_dsp (
                                                        ^
designs/mixed_16.sv:27:57: warning: output port 'CARRYCASCOUT' has no connection [-Wunconnected-output-port]
             .USE_MULT("MULTIPLY"), .USE_SIMD("ONE48")) u_dsp (
                                                        ^
designs/mixed_16.sv:27:57: warning: output port 'CARRYOUT' has no connection [-Wunconnected-output-port]
             .USE_MULT("MULTIPLY"), .USE_SIMD("ONE48")) u_dsp (
                                                        ^
designs/mixed_16.sv:27:57: warning: output port 'MULTSIGNOUT' has no connection [-Wunconnected-output-port]
             .USE_MULT("MULTIPLY"), .USE_SIMD("ONE48")) u_dsp (
                                                        ^
designs/mixed_16.sv:27:57: warning: output port 'OVERFLOW' has no connection [-Wunconnected-output-port]
             .USE_MULT("MULTIPLY"), .USE_SIMD("ONE48")) u_dsp (
                                                        ^
designs/mixed_16.sv:27:57: warning: output port 'PATTERNBDETECT' has no connection [-Wunconnected-output-port]
             .USE_MULT("MULTIPLY"), .USE_SIMD("ONE48")) u_dsp (
                                                        ^
designs/mixed_16.sv:27:57: warning: output port 'PATTERNDETECT' has no connection [-Wunconnected-output-port]
             .USE_MULT("MULTIPLY"), .USE_SIMD("ONE48")) u_dsp (
                                                        ^
designs/mixed_16.sv:27:57: warning: output port 'PCOUT' has no connection [-Wunconnected-output-port]
             .USE_MULT("MULTIPLY"), .USE_SIMD("ONE48")) u_dsp (
                                                        ^
designs/mixed_16.sv:27:57: warning: output port 'UNDERFLOW' has no connection [-Wunconnected-output-port]
             .USE_MULT("MULTIPLY"), .USE_SIMD("ONE48")) u_dsp (
                                                        ^
designs/mixed_16.sv:27:57: warning: output port 'XOROUT' has no connection [-Wunconnected-output-port]
             .USE_MULT("MULTIPLY"), .USE_SIMD("ONE48")) u_dsp (
                                                        ^
designs/mixed_16.sv:27:57: warning: output port 'ACOUT' has no connection [-Wunconnected-output-port]
             .USE_MULT("MULTIPLY"), .USE_SIMD("ONE48")) u_dsp (
                                                        ^
designs/mixed_16.sv:27:57: warning: output port 'BCOUT' has no connection [-Wunconnected-output-port]
             .USE_MULT("MULTIPLY"), .USE_SIMD("ONE48")) u_dsp (
                                                        ^
designs/mixed_16.sv:27:57: warning: output port 'CARRYCASCOUT' has no connection [-Wunconnected-output-port]
             .USE_MULT("MULTIPLY"), .USE_SIMD("ONE48")) u_dsp (
                                                        ^
designs/mixed_16.sv:27:57: warning: output port 'CARRYOUT' has no connection [-Wunconnected-output-port]
             .USE_MULT("MULTIPLY"), .USE_SIMD("ONE48")) u_dsp (
                                                        ^
designs/mixed_16.sv:27:57: warning: output port 'MULTSIGNOUT' has no connection [-Wunconnected-output-port]
             .USE_MULT("MULTIPLY"), .USE_SIMD("ONE48")) u_dsp (
                                                        ^
designs/mixed_16.sv:27:57: warning: output port 'OVERFLOW' has no connection [-Wunconnected-output-port]
             .USE_MULT("MULTIPLY"), .USE_SIMD("ONE48")) u_dsp (
                                                        ^
designs/mixed_16.sv:27:57: warning: output port 'PATTERNBDETECT' has no connection [-Wunconnected-output-port]
             .USE_MULT("MULTIPLY"), .USE_SIMD("ONE48")) u_dsp (
                                                        ^
designs/mixed_16.sv:27:57: warning: output port 'PATTERNDETECT' has no connection [-Wunconnected-output-port]
             .USE_MULT("MULTIPLY"), .USE_SIMD("ONE48")) u_dsp (
                                                        ^
designs/mixed_16.sv:27:57: warning: output port 'PCOUT' has no connection [-Wunconnected-output-port]
             .USE_MULT("MULTIPLY"), .USE_SIMD("ONE48")) u_dsp (
                                                        ^
designs/mixed_16.sv:27:57: warning: output port 'UNDERFLOW' has no connection [-Wunconnected-output-port]
             .USE_MULT("MULTIPLY"), .USE_SIMD("ONE48")) u_dsp (
                                                        ^
designs/mixed_16.sv:27:57: warning: output port 'XOROUT' has no connection [-Wunconnected-output-port]
             .USE_MULT("MULTIPLY"), .USE_SIMD("ONE48")) u_dsp (
                                                        ^
designs/mixed_16.sv:27:57: warning: output port 'ACOUT' has no connection [-Wunconnected-output-port]
             .USE_MULT("MULTIPLY"), .USE_SIMD("ONE48")) u_dsp (
                                                        ^
designs/mixed_16.sv:27:57: warning: output port 'BCOUT' has no connection [-Wunconnected-output-port]
             .USE_MULT("MULTIPLY"), .USE_SIMD("ONE48")) u_dsp (
                                                        ^
designs/mixed_16.sv:27:57: warning: output port 'CARRYCASCOUT' has no connection [-Wunconnected-output-port]
             .USE_MULT("MULTIPLY"), .USE_SIMD("ONE48")) u_dsp (
                                                        ^
designs/mixed_16.sv:27:57: warning: output port 'CARRYOUT' has no connection [-Wunconnected-output-port]
             .USE_MULT("MULTIPLY"), .USE_SIMD("ONE48")) u_dsp (
                                                        ^
designs/mixed_16.sv:27:57: warning: output port 'MULTSIGNOUT' has no connection [-Wunconnected-output-port]
             .USE_MULT("MULTIPLY"), .USE_SIMD("ONE48")) u_dsp (
                                                        ^
designs/mixed_16.sv:27:57: warning: output port 'OVERFLOW' has no connection [-Wunconnected-output-port]
             .USE_MULT("MULTIPLY"), .USE_SIMD("ONE48")) u_dsp (
                                                        ^
designs/mixed_16.sv:27:57: warning: output port 'PATTERNBDETECT' has no connection [-Wunconnected-output-port]
             .USE_MULT("MULTIPLY"), .USE_SIMD("ONE48")) u_dsp (
                                                        ^
designs/mixed_16.sv:27:57: warning: output port 'PATTERNDETECT' has no connection [-Wunconnected-output-port]
             .USE_MULT("MULTIPLY"), .USE_SIMD("ONE48")) u_dsp (
                                                        ^
designs/mixed_16.sv:27:57: warning: output port 'PCOUT' has no connection [-Wunconnected-output-port]
             .USE_MULT("MULTIPLY"), .USE_SIMD("ONE48")) u_dsp (
                                                        ^
designs/mixed_16.sv:27:57: warning: output port 'UNDERFLOW' has no connection [-Wunconnected-output-port]
             .USE_MULT("MULTIPLY"), .USE_SIMD("ONE48")) u_dsp (
                                                        ^
designs/mixed_16.sv:27:57: warning: output port 'XOROUT' has no connection [-Wunconnected-output-port]
             .USE_MULT("MULTIPLY"), .USE_SIMD("ONE48")) u_dsp (
                                                        ^
designs/mixed_16.sv:27:57: warning: output port 'ACOUT' has no connection [-Wunconnected-output-port]
             .USE_MULT("MULTIPLY"), .USE_SIMD("ONE48")) u_dsp (
                                                        ^
designs/mixed_16.sv:27:57: warning: output port 'BCOUT' has no connection [-Wunconnected-output-port]
             .USE_MULT("MULTIPLY"), .USE_SIMD("ONE48")) u_dsp (
                                                        ^
designs/mixed_16.sv:27:57: warning: output port 'CARRYCASCOUT' has no connection [-Wunconnected-output-port]
             .USE_MULT("MULTIPLY"), .USE_SIMD("ONE48")) u_dsp (
                                                        ^
designs/mixed_16.sv:27:57: warning: output port 'CARRYOUT' has no connection [-Wunconnected-output-port]
             .USE_MULT("MULTIPLY"), .USE_SIMD("ONE48")) u_dsp (
                                                        ^
designs/mixed_16.sv:27:57: warning: output port 'MULTSIGNOUT' has no connection [-Wunconnected-output-port]
             .USE_MULT("MULTIPLY"), .USE_SIMD("ONE48")) u_dsp (
                                                        ^
designs/mixed_16.sv:27:57: warning: output port 'OVERFLOW' has no connection [-Wunconnected-output-port]
             .USE_MULT("MULTIPLY"), .USE_SIMD("ONE48")) u_dsp (
                                                        ^
designs/mixed_16.sv:27:57: warning: output port 'PATTERNBDETECT' has no connection [-Wunconnected-output-port]
             .USE_MULT("MULTIPLY"), .USE_SIMD("ONE48")) u_dsp (
                                                        ^
designs/mixed_16.sv:27:57: warning: output port 'PATTERNDETECT' has no connection [-Wunconnected-output-port]
             .USE_MULT("MULTIPLY"), .USE_SIMD("ONE48")) u_dsp (
                                                        ^
designs/mixed_16.sv:27:57: warning: output port 'PCOUT' has no connection [-Wunconnected-output-port]
             .USE_MULT("MULTIPLY"), .USE_SIMD("ONE48")) u_dsp (
                                                        ^
designs/mixed_16.sv:27:57: warning: output port 'UNDERFLOW' has no connection [-Wunconnected-output-port]
             .USE_MULT("MULTIPLY"), .USE_SIMD("ONE48")) u_dsp (
                                                        ^
designs/mixed_16.sv:27:57: warning: output port 'XOROUT' has no connection [-Wunconnected-output-port]
             .USE_MULT("MULTIPLY"), .USE_SIMD("ONE48")) u_dsp (
                                                        ^
designs/mixed_16.sv:27:57: warning: output port 'ACOUT' has no connection [-Wunconnected-output-port]
             .USE_MULT("MULTIPLY"), .USE_SIMD("ONE48")) u_dsp (
                                                        ^
designs/mixed_16.sv:27:57: warning: output port 'BCOUT' has no connection [-Wunconnected-output-port]
             .USE_MULT("MULTIPLY"), .USE_SIMD("ONE48")) u_dsp (
                                                        ^
designs/mixed_16.sv:27:57: warning: output port 'CARRYCASCOUT' has no connection [-Wunconnected-output-port]
             .USE_MULT("MULTIPLY"), .USE_SIMD("ONE48")) u_dsp (
                                                        ^
designs/mixed_16.sv:27:57: warning: output port 'CARRYOUT' has no connection [-Wunconnected-output-port]
             .USE_MULT("MULTIPLY"), .USE_SIMD("ONE48")) u_dsp (
                                                        ^
designs/mixed_16.sv:27:57: warning: output port 'MULTSIGNOUT' has no connection [-Wunconnected-output-port]
             .USE_MULT("MULTIPLY"), .USE_SIMD("ONE48")) u_dsp (
                                                        ^
designs/mixed_16.sv:27:57: warning: output port 'OVERFLOW' has no connection [-Wunconnected-output-port]
             .USE_MULT("MULTIPLY"), .USE_SIMD("ONE48")) u_dsp (
                                                        ^
designs/mixed_16.sv:27:57: warning: output port 'PATTERNBDETECT' has no connection [-Wunconnected-output-port]
             .USE_MULT("MULTIPLY"), .USE_SIMD("ONE48")) u_dsp (
                                                        ^
designs/mixed_16.sv:27:57: warning: output port 'PATTERNDETECT' has no connection [-Wunconnected-output-port]
             .USE_MULT("MULTIPLY"), .USE_SIMD("ONE48")) u_dsp (
                                                        ^
designs/mixed_16.sv:27:57: warning: output port 'PCOUT' has no connection [-Wunconnected-output-port]
             .USE_MULT("MULTIPLY"), .USE_SIMD("ONE48")) u_dsp (
                                                        ^
designs/mixed_16.sv:27:57: warning: output port 'UNDERFLOW' has no connection [-Wunconnected-output-port]
             .USE_MULT("MULTIPLY"), .USE_SIMD("ONE48")) u_dsp (
                                                        ^
designs/mixed_16.sv:27:57: warning: output port 'XOROUT' has no connection [-Wunconnected-output-port]
             .USE_MULT("MULTIPLY"), .USE_SIMD("ONE48")) u_dsp (
                                                        ^
designs/mixed_16.sv:27:57: warning: output port 'ACOUT' has no connection [-Wunconnected-output-port]
             .USE_MULT("MULTIPLY"), .USE_SIMD("ONE48")) u_dsp (
                                                        ^
designs/mixed_16.sv:27:57: warning: output port 'BCOUT' has no connection [-Wunconnected-output-port]
             .USE_MULT("MULTIPLY"), .USE_SIMD("ONE48")) u_dsp (
                                                        ^
designs/mixed_16.sv:27:57: warning: output port 'CARRYCASCOUT' has no connection [-Wunconnected-output-port]
             .USE_MULT("MULTIPLY"), .USE_SIMD("ONE48")) u_dsp (
                                                        ^
designs/mixed_16.sv:27:57: warning: output port 'CARRYOUT' has no connection [-Wunconnected-output-port]
             .USE_MULT("MULTIPLY"), .USE_SIMD("ONE48")) u_dsp (
                                                        ^
designs/mixed_16.sv:27:57: warning: output port 'MULTSIGNOUT' has no connection [-Wunconnected-output-port]
             .USE_MULT("MULTIPLY"), .USE_SIMD("ONE48")) u_dsp (
                                                        ^
designs/mixed_16.sv:27:57: warning: output port 'OVERFLOW' has no connection [-Wunconnected-output-port]
             .USE_MULT("MULTIPLY"), .USE_SIMD("ONE48")) u_dsp (
                                                        ^
designs/mixed_16.sv:27:57: warning: output port 'PATTERNBDETECT' has no connection [-Wunconnected-output-port]
             .USE_MULT("MULTIPLY"), .USE_SIMD("ONE48")) u_dsp (
                                                        ^
designs/mixed_16.sv:27:57: warning: output port 'PATTERNDETECT' has no connection [-Wunconnected-output-port]
             .USE_MULT("MULTIPLY"), .USE_SIMD("ONE48")) u_dsp (
                                                        ^
designs/mixed_16.sv:27:57: warning: output port 'PCOUT' has no connection [-Wunconnected-output-port]
             .USE_MULT("MULTIPLY"), .USE_SIMD("ONE48")) u_dsp (
                                                        ^
designs/mixed_16.sv:27:57: warning: output port 'UNDERFLOW' has no connection [-Wunconnected-output-port]
             .USE_MULT("MULTIPLY"), .USE_SIMD("ONE48")) u_dsp (
                                                        ^
designs/mixed_16.sv:27:57: warning: output port 'XOROUT' has no connection [-Wunconnected-output-port]
             .USE_MULT("MULTIPLY"), .USE_SIMD("ONE48")) u_dsp (
                                                        ^
designs/mixed_16.sv:27:57: warning: output port 'ACOUT' has no connection [-Wunconnected-output-port]
             .USE_MULT("MULTIPLY"), .USE_SIMD("ONE48")) u_dsp (
                                                        ^
designs/mixed_16.sv:27:57: warning: output port 'BCOUT' has no connection [-Wunconnected-output-port]
             .USE_MULT("MULTIPLY"), .USE_SIMD("ONE48")) u_dsp (
                                                        ^
designs/mixed_16.sv:27:57: warning: output port 'CARRYCASCOUT' has no connection [-Wunconnected-output-port]
             .USE_MULT("MULTIPLY"), .USE_SIMD("ONE48")) u_dsp (
                                                        ^
designs/mixed_16.sv:27:57: warning: output port 'CARRYOUT' has no connection [-Wunconnected-output-port]
             .USE_MULT("MULTIPLY"), .USE_SIMD("ONE48")) u_dsp (
                                                        ^
designs/mixed_16.sv:27:57: warning: output port 'MULTSIGNOUT' has no connection [-Wunconnected-output-port]
             .USE_MULT("MULTIPLY"), .USE_SIMD("ONE48")) u_dsp (
                                                        ^
designs/mixed_16.sv:27:57: warning: output port 'OVERFLOW' has no connection [-Wunconnected-output-port]
             .USE_MULT("MULTIPLY"), .USE_SIMD("ONE48")) u_dsp (
                                                        ^
designs/mixed_16.sv:27:57: warning: output port 'PATTERNBDETECT' has no connection [-Wunconnected-output-port]
             .USE_MULT("MULTIPLY"), .USE_SIMD("ONE48")) u_dsp (
                                                        ^
designs/mixed_16.sv:27:57: warning: output port 'PATTERNDETECT' has no connection [-Wunconnected-output-port]
             .USE_MULT("MULTIPLY"), .USE_SIMD("ONE48")) u_dsp (
                                                        ^
designs/mixed_16.sv:27:57: warning: output port 'PCOUT' has no connection [-Wunconnected-output-port]
             .USE_MULT("MULTIPLY"), .USE_SIMD("ONE48")) u_dsp (
                                                        ^
designs/mixed_16.sv:27:57: warning: output port 'UNDERFLOW' has no connection [-Wunconnected-output-port]
             .USE_MULT("MULTIPLY"), .USE_SIMD("ONE48")) u_dsp (
                                                        ^
designs/mixed_16.sv:27:57: warning: output port 'XOROUT' has no connection [-Wunconnected-output-port]
             .USE_MULT("MULTIPLY"), .USE_SIMD("ONE48")) u_dsp (
                                                        ^
designs/mixed_16.sv:27:57: warning: output port 'ACOUT' has no connection [-Wunconnected-output-port]
             .USE_MULT("MULTIPLY"), .USE_SIMD("ONE48")) u_dsp (
                                                        ^
designs/mixed_16.sv:27:57: warning: output port 'BCOUT' has no connection [-Wunconnected-output-port]
             .USE_MULT("MULTIPLY"), .USE_SIMD("ONE48")) u_dsp (
                                                        ^
designs/mixed_16.sv:27:57: warning: output port 'CARRYCASCOUT' has no connection [-Wunconnected-output-port]
             .USE_MULT("MULTIPLY"), .USE_SIMD("ONE48")) u_dsp (
                                                        ^
designs/mixed_16.sv:27:57: warning: output port 'CARRYOUT' has no connection [-Wunconnected-output-port]
             .USE_MULT("MULTIPLY"), .USE_SIMD("ONE48")) u_dsp (
                                                        ^
designs/mixed_16.sv:27:57: warning: output port 'MULTSIGNOUT' has no connection [-Wunconnected-output-port]
             .USE_MULT("MULTIPLY"), .USE_SIMD("ONE48")) u_dsp (
                                                        ^
designs/mixed_16.sv:27:57: warning: output port 'OVERFLOW' has no connection [-Wunconnected-output-port]
             .USE_MULT("MULTIPLY"), .USE_SIMD("ONE48")) u_dsp (
                                                        ^
designs/mixed_16.sv:27:57: warning: output port 'PATTERNBDETECT' has no connection [-Wunconnected-output-port]
             .USE_MULT("MULTIPLY"), .USE_SIMD("ONE48")) u_dsp (
                                                        ^
designs/mixed_16.sv:27:57: warning: output port 'PATTERNDETECT' has no connection [-Wunconnected-output-port]
             .USE_MULT("MULTIPLY"), .USE_SIMD("ONE48")) u_dsp (
                                                        ^
designs/mixed_16.sv:27:57: warning: output port 'PCOUT' has no connection [-Wunconnected-output-port]
             .USE_MULT("MULTIPLY"), .USE_SIMD("ONE48")) u_dsp (
                                                        ^
designs/mixed_16.sv:27:57: warning: output port 'UNDERFLOW' has no connection [-Wunconnected-output-port]
             .USE_MULT("MULTIPLY"), .USE_SIMD("ONE48")) u_dsp (
                                                        ^
designs/mixed_16.sv:27:57: warning: output port 'XOROUT' has no connection [-Wunconnected-output-port]
             .USE_MULT("MULTIPLY"), .USE_SIMD("ONE48")) u_dsp (
                                                        ^

Build succeeded: 0 errors, 176 warnings

1.1. Executing PROC_CLEAN pass (remove empty switches from decision trees).
Removing empty process `mixed_16.$2691'.
Removing empty process `mixed_16.$2641'.
Found and cleaned up 1 empty switch in `\mixed_16.$2630'.
Found and cleaned up 1 empty switch in `\mixed_16.$2465'.
Found and cleaned up 1 empty switch in `\mixed_16.$2300'.
Found and cleaned up 1 empty switch in `\mixed_16.$2135'.
Found and cleaned up 1 empty switch in `\mixed_16.$1970'.
Found and cleaned up 1 empty switch in `\mixed_16.$1805'.
Found and cleaned up 1 empty switch in `\mixed_16.$1640'.
Found and cleaned up 1 empty switch in `\mixed_16.$1475'.
Found and cleaned up 1 empty switch in `\mixed_16.$1310'.
Found and cleaned up 1 empty switch in `\mixed_16.$1145'.
Found and cleaned up 1 empty switch in `\mixed_16.$980'.
Found and cleaned up 1 empty switch in `\mixed_16.$815'.
Found and cleaned up 1 empty switch in `\mixed_16.$650'.
Found and cleaned up 1 empty switch in `\mixed_16.$485'.
Found and cleaned up 1 empty switch in `\mixed_16.$320'.
Found and cleaned up 1 empty switch in `\mixed_16.$155'.
Removing empty process `mixed_16.$0'.
Cleaned up 16 empty switches.

1.2. Executing PROC_RMDEAD pass (remove dead branches from decision trees).
Removed a total of 0 dead cases.

1.3. Executing PROC_PRUNE pass (remove redundant assignments in processes).
Removed 0 redundant assignments.
Promoted 0 assignments to connections.

1.4. Executing PROC_INIT pass (extract init attributes).

1.5. Executing PROC_ROM pass (convert switches to ROMs).
Converted 0 switches.
<suppressed ~16 debug messages>

1.6. Executing PROC_MUX pass (convert decision trees to multiplexers).
Creating decoders for process `\mixed_16.$2465'.
     1/1: $lane[14].u_srl.sh$2466
Creating decoders for process `\mixed_16.$2300'.
     1/1: $lane[13].u_srl.sh$2301
Creating decoders for process `\mixed_16.$2135'.
     1/1: $lane[12].u_srl.sh$2136
Creating decoders for process `\mixed_16.$1970'.
     1/1: $lane[11].u_srl.sh$1971
Creating decoders for process `\mixed_16.$1805'.
     1/1: $lane[10].u_srl.sh$1806
Creating decoders for process `\mixed_16.$1640'.
     1/1: $lane[9].u_srl.sh$1641
Creating decoders for process `\mixed_16.$1475'.
     1/1: $lane[8].u_srl.sh$1476
Creating decoders for process `\mixed_16.$1310'.
     1/1: $lane[7].u_srl.sh$1311
Creating decoders for process `\mixed_16.$1145'.
     1/1: $lane[6].u_srl.sh$1146
Creating decoders for process `\mixed_16.$980'.
     1/1: $lane[5].u_srl.sh$981
Creating decoders for process `\mixed_16.$815'.
     1/1: $lane[4].u_srl.sh$816
Creating decoders for process `\mixed_16.$650'.
     1/1: $lane[3].u_srl.sh$651
Creating decoders for process `\mixed_16.$485'.
     1/1: $lane[2].u_srl.sh$486
Creating decoders for process `\mixed_16.$320'.
     1/1: $lane[1].u_srl.sh$321
Creating decoders for process `\mixed_16.$155'.
     1/1: $lane[0].u_srl.sh$156
Creating decoders for process `\mixed_16.$2630'.
     1/1: $lane[15].u_srl.sh$2631

1.7. Executing PROC_CLEAN pass (remove empty switches from decision trees).
Found and cleaned up 1 empty switch in `\mixed_16.$2465'.
Removing empty process `mixed_16.$2465'.
Found and cleaned up 1 empty switch in `\mixed_16.$2300'.
Removing empty process `mixed_16.$2300'.
Found and cleaned up 1 empty switch in `\mixed_16.$2135'.
Removing empty process `mixed_16.$2135'.
Found and cleaned up 1 empty switch in `\mixed_16.$1970'.
Removing empty process `mixed_16.$1970'.
Found and cleaned up 1 empty switch in `\mixed_16.$1805'.
Removing empty process `mixed_16.$1805'.
Found and cleaned up 1 empty switch in `\mixed_16.$1640'.
Removing empty process `mixed_16.$1640'.
Found and cleaned up 1 empty switch in `\mixed_16.$1475'.
Removing empty process `mixed_16.$1475'.
Found and cleaned up 1 empty switch in `\mixed_16.$1310'.
Removing empty process `mixed_16.$1310'.
Found and cleaned up 1 empty switch in `\mixed_16.$1145'.
Removing empty process `mixed_16.$1145'.
Found and cleaned up 1 empty switch in `\mixed_16.$980'.
Removing empty process `mixed_16.$980'.
Found and cleaned up 1 empty switch in `\mixed_16.$815'.
Removing empty process `mixed_16.$815'.
Found and cleaned up 1 empty switch in `\mixed_16.$650'.
Removing empty process `mixed_16.$650'.
Found and cleaned up 1 empty switch in `\mixed_16.$485'.
Removing empty process `mixed_16.$485'.
Found and cleaned up 1 empty switch in `\mixed_16.$320'.
Removing empty process `mixed_16.$320'.
Found and cleaned up 1 empty switch in `\mixed_16.$155'.
Removing empty process `mixed_16.$155'.
Found and cleaned up 1 empty switch in `\mixed_16.$2630'.
Removing empty process `mixed_16.$2630'.
Cleaned up 16 empty switches.

1.8. Executing OPT_EXPR pass (perform const folding).
Optimizing module mixed_16.
<suppressed ~3 debug messages>

2. Executing HIERARCHY pass (managing design hierarchy).

2.1. Analyzing design hierarchy..
Top module:  \mixed_16

2.2. Analyzing design hierarchy..
Top module:  \mixed_16
Removed 0 unused modules.

3. Executing PROC pass (convert processes to netlists).

3.1. Executing PROC_CLEAN pass (remove empty switches from decision trees).
Cleaned up 0 empty switches.

3.2. Executing PROC_RMDEAD pass (remove dead branches from decision trees).
Removed a total of 0 dead cases.

3.3. Executing PROC_PRUNE pass (remove redundant assignments in processes).
Removed 0 redundant assignments.
Promoted 0 assignments to connections.

3.4. Executing PROC_INIT pass (extract init attributes).

3.5. Executing PROC_ARST pass (detect async resets in processes).

3.6. Executing PROC_ROM pass (convert switches to ROMs).
Converted 0 switches.

3.7. Executing PROC_MUX pass (convert decision trees to multiplexers).

3.8. Executing PROC_DLATCH pass (convert process syncs to latches).

3.9. Executing PROC_DFF pass (convert process syncs to FFs).

3.10. Executing PROC_MEMWR pass (convert process memory writes to cells).

3.11. Executing PROC_CLEAN pass (remove empty switches from decision trees).
Cleaned up 0 empty switches.

3.12. Executing OPT_EXPR pass (perform const folding).
Optimizing module mixed_16.
Removed 0 unused cells and 854 unused wires.

4. Executing OPT_EXPR pass (perform const folding).
Optimizing module mixed_16.
<suppressed ~128 debug messages>

5. Executing OPT_DFF pass (perform DFF optimizations).
Adding EN signal on $driver$lane[11].u_srl.sh ($dff) from module mixed_16 (D = { \lane[11].u_srl.sh [30:0] \lane[11].u_srl.D }, Q = \lane[11].u_srl.sh).
Adding EN signal on $driver$lane[5].u_srl.sh ($dff) from module mixed_16 (D = { \lane[5].u_srl.sh [30:0] \lane[5].u_srl.D }, Q = \lane[5].u_srl.sh).
Adding EN signal on $driver$lane[0].u_srl.sh ($dff) from module mixed_16 (D = { \lane[0].u_srl.sh [30:0] \lane[0].u_srl.D }, Q = \lane[0].u_srl.sh).
Adding EN signal on $driver$lane[14].u_srl.sh ($dff) from module mixed_16 (D = { \lane[14].u_srl.sh [30:0] \lane[14].u_srl.D }, Q = \lane[14].u_srl.sh).
Adding EN signal on $driver$lane[9].u_srl.sh ($dff) from module mixed_16 (D = { \lane[9].u_srl.sh [30:0] \lane[9].u_srl.D }, Q = \lane[9].u_srl.sh).
Adding EN signal on $driver$lane[4].u_srl.sh ($dff) from module mixed_16 (D = { \lane[4].u_srl.sh [30:0] \lane[4].u_srl.D }, Q = \lane[4].u_srl.sh).
Adding EN signal on $driver$lane[13].u_srl.sh ($dff) from module mixed_16 (D = { \lane[13].u_srl.sh [30:0] \lane[13].u_srl.D }, Q = \lane[13].u_srl.sh).
Adding EN signal on $driver$lane[1].u_srl.sh ($dff) from module mixed_16 (D = { \lane[1].u_srl.sh [30:0] \lane[1].u_srl.D }, Q = \lane[1].u_srl.sh).
Adding EN signal on $driver$lane[6].u_srl.sh ($dff) from module mixed_16 (D = { \lane[6].u_srl.sh [30:0] \lane[6].u_srl.D }, Q = \lane[6].u_srl.sh).
Adding EN signal on $driver$lane[2].u_srl.sh ($dff) from module mixed_16 (D = { \lane[2].u_srl.sh [30:0] \lane[2].u_srl.D }, Q = \lane[2].u_srl.sh).
Adding EN signal on $driver$lane[8].u_srl.sh ($dff) from module mixed_16 (D = { \lane[8].u_srl.sh [30:0] \lane[8].u_srl.D }, Q = \lane[8].u_srl.sh).
Adding EN signal on $driver$lane[12].u_srl.sh ($dff) from module mixed_16 (D = { \lane[12].u_srl.sh [30:0] \lane[12].u_srl.D }, Q = \lane[12].u_srl.sh).
Adding SRST signal on $driver$p_xor ($dff) from module mixed_16 (D = \pa, Q = \p_xor, rval = 48'000000000000000000000000000000000000000000000000).
Adding EN signal on $driver$lane[7].u_srl.sh ($dff) from module mixed_16 (D = { \lane[7].u_srl.sh [30:0] \lane[7].u_srl.D }, Q = \lane[7].u_srl.sh).
Adding SRST signal on $driver$s_xor ($dff) from module mixed_16 (D = \sa, Q = \s_xor, rval = 0).
Adding EN signal on $driver$lane[10].u_srl.sh ($dff) from module mixed_16 (D = { \lane[10].u_srl.sh [30:0] \lane[10].u_srl.D }, Q = \lane[10].u_srl.sh).
Adding SRST signal on $driver$q_xor ($dff) from module mixed_16 (D = \qa, Q = \q_xor, rval = 1'0).
Adding EN signal on $driver$lane[3].u_srl.sh ($dff) from module mixed_16 (D = { \lane[3].u_srl.sh [30:0] \lane[3].u_srl.D }, Q = \lane[3].u_srl.sh).
Adding EN signal on $driver$lane[15].u_srl.sh ($dff) from module mixed_16 (D = { \lane[15].u_srl.sh [30:0] \lane[15].u_srl.D }, Q = \lane[15].u_srl.sh).

6. Executing OPT_CLEAN pass (remove unused cells and wires).
Finding unused cells or wires in module \mixed_16..
Removed 19 unused cells and 19 unused wires.
<suppressed ~20 debug messages>

7. Executing MEMORY pass.

7.1. Executing OPT_MEM pass (optimize memories).
Performed a total of 0 transformations.

7.2. Executing OPT_MEM_PRIORITY pass (removing unnecessary memory write priority relations).
Performed a total of 0 transformations.

7.3. Executing OPT_MEM_FEEDBACK pass (finding memory read-to-write feedback paths).

7.4. Executing MEMORY_BMUX2ROM pass (converting muxes to ROMs).

7.5. Executing MEMORY_DFF pass (merging $dff cells to $memrd).

7.6. Executing OPT_CLEAN pass (remove unused cells and wires).
Finding unused cells or wires in module \mixed_16..

7.7. Executing MEMORY_SHARE pass (consolidating $memrd/$memwr cells).

7.8. Executing OPT_MEM_WIDEN pass (optimize memories where all ports are wide).
Performed a total of 0 transformations.

7.9. Executing OPT_CLEAN pass (remove unused cells and wires).
Finding unused cells or wires in module \mixed_16..

7.10. Executing MEMORY_COLLECT pass (generating $mem cells).

8. Executing MEMORY_LIBMAP pass (mapping memories to cells).

9. Executing TECHMAP pass (map to technology primitives).

9.1. Executing Verilog-2005 frontend: /home/darsh/gem/aigpdk/gemmacro_map.v
Parsing Verilog input from `/home/darsh/gem/aigpdk/gemmacro_map.v' to AST representation.
Generating RTLIL representation for module `\DSP48E2'.
Successfully finished Verilog frontend.

9.2. Continuing TECHMAP pass.
Using template $paramod$bf96ed5ef4a8b889961b438967357944c21a890a\DSP48E2 for cells of type DSP48E2.
No more expansions possible.
<suppressed ~120 debug messages>

10. Executing Verilog-2005 frontend: /home/darsh/gem/aigpdk/gemmacro_shred.v
Parsing Verilog input from `/home/darsh/gem/aigpdk/gemmacro_shred.v' to AST representation.
Generating RTLIL representation for module `\GEM_DSP48E2'.
Successfully finished Verilog frontend.

11. Executing PROC pass (convert processes to netlists).

11.1. Executing PROC_CLEAN pass (remove empty switches from decision trees).
Cleaned up 0 empty switches.

11.2. Executing PROC_RMDEAD pass (remove dead branches from decision trees).
Marked 2 switch rules as full_case in process $proc$/home/darsh/gem/aigpdk/gemmacro_shred.v:40$93 in module GEM_DSP48E2.
Removed a total of 0 dead cases.

11.3. Executing PROC_PRUNE pass (remove redundant assignments in processes).
Removed 0 redundant assignments.
Promoted 1 assignment to connection.

11.4. Executing PROC_INIT pass (extract init attributes).

11.5. Executing PROC_ARST pass (detect async resets in processes).

11.6. Executing PROC_ROM pass (convert switches to ROMs).
Converted 0 switches.
<suppressed ~3 debug messages>

11.7. Executing PROC_MUX pass (convert decision trees to multiplexers).
Creating decoders for process `\GEM_DSP48E2.$proc$/home/darsh/gem/aigpdk/gemmacro_shred.v:50$95'.
     1/1: $0\P[47:0]
Creating decoders for process `\GEM_DSP48E2.$proc$/home/darsh/gem/aigpdk/gemmacro_shred.v:40$93'.
     1/2: $2\p_next[47:0]
     2/2: $1\p_next[47:0]

11.8. Executing PROC_DLATCH pass (convert process syncs to latches).
No latch inferred for signal `\GEM_DSP48E2.\p_next' from process `\GEM_DSP48E2.$proc$/home/darsh/gem/aigpdk/gemmacro_shred.v:40$93'.

11.9. Executing PROC_DFF pass (convert process syncs to FFs).
Creating register for signal `\GEM_DSP48E2.\P' using process `\GEM_DSP48E2.$proc$/home/darsh/gem/aigpdk/gemmacro_shred.v:50$95'.
  created $dff cell `$procdff$106' with positive edge clock.

11.10. Executing PROC_MEMWR pass (convert process memory writes to cells).

11.11. Executing PROC_CLEAN pass (remove empty switches from decision trees).
Found and cleaned up 1 empty switch in `\GEM_DSP48E2.$proc$/home/darsh/gem/aigpdk/gemmacro_shred.v:50$95'.
Removing empty process `GEM_DSP48E2.$proc$/home/darsh/gem/aigpdk/gemmacro_shred.v:50$95'.
Found and cleaned up 2 empty switches in `\GEM_DSP48E2.$proc$/home/darsh/gem/aigpdk/gemmacro_shred.v:40$93'.
Removing empty process `GEM_DSP48E2.$proc$/home/darsh/gem/aigpdk/gemmacro_shred.v:40$93'.
Cleaned up 3 empty switches.

11.12. Executing OPT_EXPR pass (perform const folding).
Optimizing module GEM_DSP48E2.
Optimizing module mixed_16.
<suppressed ~192 debug messages>

12. Executing HIERARCHY pass (managing design hierarchy).

12.1. Analyzing design hierarchy..
Top module:  \mixed_16
Used module:     \GEM_DSP48E2

12.2. Analyzing design hierarchy..
Top module:  \mixed_16
Used module:     \GEM_DSP48E2
Removed 0 unused modules.

13. Executing OPT_EXPR pass (perform const folding).
Optimizing module GEM_DSP48E2.
Optimizing module mixed_16.
<suppressed ~80 debug messages>

14. Executing OPT_CLEAN pass (remove unused cells and wires).
Finding unused cells or wires in module \GEM_DSP48E2..
Finding unused cells or wires in module \mixed_16..
Removed 0 unused cells and 1097 unused wires.
<suppressed ~2 debug messages>

15. Executing SYNTH pass.

15.1. Executing HIERARCHY pass (managing design hierarchy).
Attribute `top' found on module `mixed_16'. Setting top module to mixed_16.

15.1.1. Analyzing design hierarchy..
Top module:  \mixed_16
Used module:     \GEM_DSP48E2

15.1.2. Analyzing design hierarchy..
Top module:  \mixed_16
Used module:     \GEM_DSP48E2
Removed 0 unused modules.

15.2. Executing PROC pass (convert processes to netlists).

15.2.1. Executing PROC_CLEAN pass (remove empty switches from decision trees).
Cleaned up 0 empty switches.

15.2.2. Executing PROC_RMDEAD pass (remove dead branches from decision trees).
Removed a total of 0 dead cases.

15.2.3. Executing PROC_PRUNE pass (remove redundant assignments in processes).
Removed 0 redundant assignments.
Promoted 0 assignments to connections.

15.2.4. Executing PROC_INIT pass (extract init attributes).

15.2.5. Executing PROC_ARST pass (detect async resets in processes).

15.2.6. Executing PROC_ROM pass (convert switches to ROMs).
Converted 0 switches.

15.2.7. Executing PROC_MUX pass (convert decision trees to multiplexers).

15.2.8. Executing PROC_DLATCH pass (convert process syncs to latches).

15.2.9. Executing PROC_DFF pass (convert process syncs to FFs).

15.2.10. Executing PROC_MEMWR pass (convert process memory writes to cells).

15.2.11. Executing PROC_CLEAN pass (remove empty switches from decision trees).
Cleaned up 0 empty switches.

15.2.12. Executing OPT_EXPR pass (perform const folding).
Optimizing module GEM_DSP48E2.
Optimizing module mixed_16.

15.3. Executing CHECK pass (checking for obvious problems).
Checking module GEM_DSP48E2...
Checking module mixed_16...
Found and reported 0 problems.

15.4. Executing FLATTEN pass (flatten design).
Deleting now unused module GEM_DSP48E2.
<suppressed ~16 debug messages>

15.5. Executing OPT_EXPR pass (perform const folding).
Optimizing module mixed_16.
<suppressed ~96 debug messages>

15.6. Executing OPT_CLEAN pass (remove unused cells and wires).
Finding unused cells or wires in module \mixed_16..
Removed 0 unused cells and 80 unused wires.
<suppressed ~17 debug messages>

15.7. Executing CHECK pass (checking for obvious problems).
Checking module mixed_16...
Found and reported 0 problems.

15.8. Executing OPT pass (performing simple optimizations).

15.8.1. Executing OPT_EXPR pass (perform const folding).
Optimizing module mixed_16.

15.8.2. Executing OPT_MERGE pass (detect identical cells).
Finding identical cells in module `\mixed_16'.
Computing hashes of 912 cells of `\mixed_16'.
Finding duplicate cells in `\mixed_16'.
Removed a total of 0 cells.

15.8.3. Executing OPT_MUXTREE pass (detect dead branches in mux trees).
Running muxtree optimizer on module \mixed_16..
  Creating internal representation of mux trees.
  Evaluating internal representation of mux trees.
  Analyzing evaluation results.
    dead port 2/3 on $pmux $flatten\lane[15].u_dsp.$procmux$103.
    dead port 3/3 on $pmux $flatten\lane[15].u_dsp.$procmux$103.
    dead port 2/3 on $pmux $flatten\lane[0].u_dsp.$procmux$103.
    dead port 3/3 on $pmux $flatten\lane[0].u_dsp.$procmux$103.
    dead port 2/3 on $pmux $flatten\lane[9].u_dsp.$procmux$103.
    dead port 3/3 on $pmux $flatten\lane[9].u_dsp.$procmux$103.
    dead port 2/3 on $pmux $flatten\lane[5].u_dsp.$procmux$103.
    dead port 3/3 on $pmux $flatten\lane[5].u_dsp.$procmux$103.
    dead port 2/3 on $pmux $flatten\lane[1].u_dsp.$procmux$103.
    dead port 3/3 on $pmux $flatten\lane[1].u_dsp.$procmux$103.
    dead port 2/3 on $pmux $flatten\lane[8].u_dsp.$procmux$103.
    dead port 3/3 on $pmux $flatten\lane[8].u_dsp.$procmux$103.
    dead port 2/3 on $pmux $flatten\lane[13].u_dsp.$procmux$103.
    dead port 3/3 on $pmux $flatten\lane[13].u_dsp.$procmux$103.
    dead port 2/3 on $pmux $flatten\lane[10].u_dsp.$procmux$103.
    dead port 3/3 on $pmux $flatten\lane[10].u_dsp.$procmux$103.
    dead port 2/3 on $pmux $flatten\lane[2].u_dsp.$procmux$103.
    dead port 3/3 on $pmux $flatten\lane[2].u_dsp.$procmux$103.
    dead port 2/3 on $pmux $flatten\lane[11].u_dsp.$procmux$103.
    dead port 3/3 on $pmux $flatten\lane[11].u_dsp.$procmux$103.
    dead port 2/3 on $pmux $flatten\lane[4].u_dsp.$procmux$103.
    dead port 3/3 on $pmux $flatten\lane[4].u_dsp.$procmux$103.
    dead port 2/3 on $pmux $flatten\lane[3].u_dsp.$procmux$103.
    dead port 3/3 on $pmux $flatten\lane[3].u_dsp.$procmux$103.
    dead port 2/3 on $pmux $flatten\lane[14].u_dsp.$procmux$103.
    dead port 3/3 on $pmux $flatten\lane[14].u_dsp.$procmux$103.
    dead port 2/3 on $pmux $flatten\lane[7].u_dsp.$procmux$103.
    dead port 3/3 on $pmux $flatten\lane[7].u_dsp.$procmux$103.
    dead port 2/3 on $pmux $flatten\lane[12].u_dsp.$procmux$103.
    dead port 3/3 on $pmux $flatten\lane[12].u_dsp.$procmux$103.
    dead port 2/3 on $pmux $flatten\lane[6].u_dsp.$procmux$103.
    dead port 3/3 on $pmux $flatten\lane[6].u_dsp.$procmux$103.
Removed 32 multiplexer ports.
<suppressed ~1072 debug messages>

15.8.4. Executing OPT_REDUCE pass (consolidate $*mux and $reduce_* inputs).
  Optimizing cells in module \mixed_16.
Performed a total of 0 changes.

15.8.5. Executing OPT_MERGE pass (detect identical cells).
Finding identical cells in module `\mixed_16'.
Computing hashes of 896 cells of `\mixed_16'.
Finding duplicate cells in `\mixed_16'.
Removed a total of 0 cells.

15.8.6. Executing OPT_DFF pass (perform DFF optimizations).

15.8.7. Executing OPT_CLEAN pass (remove unused cells and wires).
Finding unused cells or wires in module \mixed_16..
Removed 0 unused cells and 16 unused wires.
<suppressed ~1 debug messages>

15.8.8. Executing OPT_EXPR pass (perform const folding).
Optimizing module mixed_16.

15.8.9. Rerunning OPT passes. (Maybe there is more to do..)

15.8.10. Executing OPT_MUXTREE pass (detect dead branches in mux trees).
Running muxtree optimizer on module \mixed_16..
  Creating internal representation of mux trees.
  Evaluating internal representation of mux trees.
  Analyzing evaluation results.
Removed 0 multiplexer ports.
<suppressed ~1056 debug messages>

15.8.11. Executing OPT_REDUCE pass (consolidate $*mux and $reduce_* inputs).
  Optimizing cells in module \mixed_16.
Performed a total of 0 changes.

15.8.12. Executing OPT_MERGE pass (detect identical cells).
Finding identical cells in module `\mixed_16'.
Computing hashes of 896 cells of `\mixed_16'.
Finding duplicate cells in `\mixed_16'.
Removed a total of 0 cells.

15.8.13. Executing OPT_DFF pass (perform DFF optimizations).

15.8.14. Executing OPT_CLEAN pass (remove unused cells and wires).
Finding unused cells or wires in module \mixed_16..

15.8.15. Executing OPT_EXPR pass (perform const folding).
Optimizing module mixed_16.

15.8.16. Finished fast OPT passes. (There is nothing left to do.)

15.9. Executing FSM pass (extract and optimize FSM).

15.9.1. Executing FSM_DETECT pass (finding FSMs in design).

15.9.2. Executing FSM_EXTRACT pass (extracting FSM from design).

15.9.3. Executing FSM_OPT pass (simple optimizations of FSMs).

15.9.4. Executing OPT_CLEAN pass (remove unused cells and wires).
Finding unused cells or wires in module \mixed_16..

15.9.5. Executing FSM_OPT pass (simple optimizations of FSMs).

15.9.6. Executing FSM_RECODE pass (re-assigning FSM state encoding).

15.9.7. Executing FSM_INFO pass (dumping all available information on FSM cells).

15.9.8. Executing FSM_MAP pass (mapping FSMs to basic logic).

15.10. Executing OPT pass (performing simple optimizations).

15.10.1. Executing OPT_EXPR pass (perform const folding).
Optimizing module mixed_16.

15.10.2. Executing OPT_MERGE pass (detect identical cells).
Finding identical cells in module `\mixed_16'.
Computing hashes of 896 cells of `\mixed_16'.
Finding duplicate cells in `\mixed_16'.
Removed a total of 0 cells.

15.10.3. Executing OPT_MUXTREE pass (detect dead branches in mux trees).
Running muxtree optimizer on module \mixed_16..
  Creating internal representation of mux trees.
  Evaluating internal representation of mux trees.
  Analyzing evaluation results.
Removed 0 multiplexer ports.
<suppressed ~1056 debug messages>

15.10.4. Executing OPT_REDUCE pass (consolidate $*mux and $reduce_* inputs).
  Optimizing cells in module \mixed_16.
Performed a total of 0 changes.

15.10.5. Executing OPT_MERGE pass (detect identical cells).
Finding identical cells in module `\mixed_16'.
Computing hashes of 896 cells of `\mixed_16'.
Finding duplicate cells in `\mixed_16'.
Removed a total of 0 cells.

15.10.6. Executing OPT_DFF pass (perform DFF optimizations).
Adding SRST signal on $flatten\lane[7].u_dsp.$procdff$106 ($dff) from module mixed_16 (D = $flatten\lane[7].u_dsp.$1\p_next[47:0], Q = \lane[7].u_dsp.P, rval = 48'000000000000000000000000000000000000000000000000).
Adding SRST signal on $flatten\lane[9].u_dsp.$procdff$106 ($dff) from module mixed_16 (D = $flatten\lane[9].u_dsp.$1\p_next[47:0], Q = \lane[9].u_dsp.P, rval = 48'000000000000000000000000000000000000000000000000).
Adding SRST signal on $flatten\lane[14].u_dsp.$procdff$106 ($dff) from module mixed_16 (D = $flatten\lane[14].u_dsp.$1\p_next[47:0], Q = \lane[14].u_dsp.P, rval = 48'000000000000000000000000000000000000000000000000).
Adding SRST signal on $flatten\lane[12].u_dsp.$procdff$106 ($dff) from module mixed_16 (D = $flatten\lane[12].u_dsp.$1\p_next[47:0], Q = \lane[12].u_dsp.P, rval = 48'000000000000000000000000000000000000000000000000).
Adding SRST signal on $flatten\lane[4].u_dsp.$procdff$106 ($dff) from module mixed_16 (D = $flatten\lane[4].u_dsp.$1\p_next[47:0], Q = \lane[4].u_dsp.P, rval = 48'000000000000000000000000000000000000000000000000).
Adding SRST signal on $flatten\lane[3].u_dsp.$procdff$106 ($dff) from module mixed_16 (D = $flatten\lane[3].u_dsp.$1\p_next[47:0], Q = \lane[3].u_dsp.P, rval = 48'000000000000000000000000000000000000000000000000).
Adding SRST signal on $flatten\lane[2].u_dsp.$procdff$106 ($dff) from module mixed_16 (D = $flatten\lane[2].u_dsp.$1\p_next[47:0], Q = \lane[2].u_dsp.P, rval = 48'000000000000000000000000000000000000000000000000).
Adding SRST signal on $flatten\lane[15].u_dsp.$procdff$106 ($dff) from module mixed_16 (D = $flatten\lane[15].u_dsp.$1\p_next[47:0], Q = \lane[15].u_dsp.P, rval = 48'000000000000000000000000000000000000000000000000).
Adding SRST signal on $flatten\lane[11].u_dsp.$procdff$106 ($dff) from module mixed_16 (D = $flatten\lane[11].u_dsp.$1\p_next[47:0], Q = \lane[11].u_dsp.P, rval = 48'000000000000000000000000000000000000000000000000).
Adding SRST signal on $flatten\lane[10].u_dsp.$procdff$106 ($dff) from module mixed_16 (D = $flatten\lane[10].u_dsp.$1\p_next[47:0], Q = \lane[10].u_dsp.P, rval = 48'000000000000000000000000000000000000000000000000).
Adding SRST signal on $flatten\lane[13].u_dsp.$procdff$106 ($dff) from module mixed_16 (D = $flatten\lane[13].u_dsp.$1\p_next[47:0], Q = \lane[13].u_dsp.P, rval = 48'000000000000000000000000000000000000000000000000).
Adding SRST signal on $flatten\lane[8].u_dsp.$procdff$106 ($dff) from module mixed_16 (D = $flatten\lane[8].u_dsp.$1\p_next[47:0], Q = \lane[8].u_dsp.P, rval = 48'000000000000000000000000000000000000000000000000).
Adding SRST signal on $flatten\lane[1].u_dsp.$procdff$106 ($dff) from module mixed_16 (D = $flatten\lane[1].u_dsp.$1\p_next[47:0], Q = \lane[1].u_dsp.P, rval = 48'000000000000000000000000000000000000000000000000).
Adding SRST signal on $flatten\lane[0].u_dsp.$procdff$106 ($dff) from module mixed_16 (D = $flatten\lane[0].u_dsp.$1\p_next[47:0], Q = \lane[0].u_dsp.P, rval = 48'000000000000000000000000000000000000000000000000).
Adding SRST signal on $flatten\lane[6].u_dsp.$procdff$106 ($dff) from module mixed_16 (D = $flatten\lane[6].u_dsp.$1\p_next[47:0], Q = \lane[6].u_dsp.P, rval = 48'000000000000000000000000000000000000000000000000).
Adding SRST signal on $flatten\lane[5].u_dsp.$procdff$106 ($dff) from module mixed_16 (D = $flatten\lane[5].u_dsp.$1\p_next[47:0], Q = \lane[5].u_dsp.P, rval = 48'000000000000000000000000000000000000000000000000).

15.10.7. Executing OPT_CLEAN pass (remove unused cells and wires).
Finding unused cells or wires in module \mixed_16..
Removed 16 unused cells and 16 unused wires.
<suppressed ~32 debug messages>

15.10.8. Executing OPT_EXPR pass (perform const folding).
Optimizing module mixed_16.

15.10.9. Rerunning OPT passes. (Maybe there is more to do..)

15.10.10. Executing OPT_MUXTREE pass (detect dead branches in mux trees).
Running muxtree optimizer on module \mixed_16..
  Creating internal representation of mux trees.
  Evaluating internal representation of mux trees.
  Analyzing evaluation results.
Removed 0 multiplexer ports.
<suppressed ~1024 debug messages>

15.10.11. Executing OPT_REDUCE pass (consolidate $*mux and $reduce_* inputs).
  Optimizing cells in module \mixed_16.
Performed a total of 0 changes.

15.10.12. Executing OPT_MERGE pass (detect identical cells).
Finding identical cells in module `\mixed_16'.
Computing hashes of 880 cells of `\mixed_16'.
Finding duplicate cells in `\mixed_16'.
Removed a total of 0 cells.

15.10.13. Executing OPT_DFF pass (perform DFF optimizations).

15.10.14. Executing OPT_CLEAN pass (remove unused cells and wires).
Finding unused cells or wires in module \mixed_16..

15.10.15. Executing OPT_EXPR pass (perform const folding).
Optimizing module mixed_16.

15.10.16. Finished fast OPT passes. (There is nothing left to do.)

15.11. Executing WREDUCE pass (reducing word size of cells).

15.12. Executing PEEPOPT pass (run peephole optimizers).

15.13. Executing OPT_CLEAN pass (remove unused cells and wires).
Finding unused cells or wires in module \mixed_16..

15.14. Executing ALUMACC pass (create $alu and $macc cells).
Extracting $alu and $macc cells in module mixed_16:
  creating $macc model for $flatten\lane[10].u_dsp.$mul$/home/darsh/gem/aigpdk/gemmacro_shred.v:37$92 ($mul).
  creating $macc model for $flatten\lane[9].u_dsp.$mul$/home/darsh/gem/aigpdk/gemmacro_shred.v:37$92 ($mul).
  creating $macc model for $flatten\lane[10].u_dsp.$add$/home/darsh/gem/aigpdk/gemmacro_shred.v:43$94 ($add).
  creating $macc model for $flatten\lane[13].u_dsp.$mul$/home/darsh/gem/aigpdk/gemmacro_shred.v:37$92 ($mul).
  creating $macc model for $flatten\lane[13].u_dsp.$add$/home/darsh/gem/aigpdk/gemmacro_shred.v:43$94 ($add).
  creating $macc model for $flatten\lane[8].u_dsp.$add$/home/darsh/gem/aigpdk/gemmacro_shred.v:43$94 ($add).
  creating $macc model for $flatten\lane[12].u_dsp.$add$/home/darsh/gem/aigpdk/gemmacro_shred.v:43$94 ($add).
  creating $macc model for $flatten\lane[9].u_dsp.$add$/home/darsh/gem/aigpdk/gemmacro_shred.v:43$94 ($add).
  creating $macc model for $flatten\lane[5].u_dsp.$mul$/home/darsh/gem/aigpdk/gemmacro_shred.v:37$92 ($mul).
  creating $macc model for $flatten\lane[11].u_dsp.$mul$/home/darsh/gem/aigpdk/gemmacro_shred.v:37$92 ($mul).
  creating $macc model for $flatten\lane[11].u_dsp.$add$/home/darsh/gem/aigpdk/gemmacro_shred.v:43$94 ($add).
  creating $macc model for $flatten\lane[4].u_dsp.$add$/home/darsh/gem/aigpdk/gemmacro_shred.v:43$94 ($add).
  creating $macc model for $flatten\lane[2].u_dsp.$add$/home/darsh/gem/aigpdk/gemmacro_shred.v:43$94 ($add).
  creating $macc model for $flatten\lane[2].u_dsp.$mul$/home/darsh/gem/aigpdk/gemmacro_shred.v:37$92 ($mul).
  creating $macc model for $flatten\lane[4].u_dsp.$mul$/home/darsh/gem/aigpdk/gemmacro_shred.v:37$92 ($mul).
  creating $macc model for $flatten\lane[12].u_dsp.$mul$/home/darsh/gem/aigpdk/gemmacro_shred.v:37$92 ($mul).
  creating $macc model for $flatten\lane[3].u_dsp.$mul$/home/darsh/gem/aigpdk/gemmacro_shred.v:37$92 ($mul).
  creating $macc model for $flatten\lane[3].u_dsp.$add$/home/darsh/gem/aigpdk/gemmacro_shred.v:43$94 ($add).
  creating $macc model for $flatten\lane[1].u_dsp.$mul$/home/darsh/gem/aigpdk/gemmacro_shred.v:37$92 ($mul).
  creating $macc model for $flatten\lane[5].u_dsp.$add$/home/darsh/gem/aigpdk/gemmacro_shred.v:43$94 ($add).
  creating $macc model for $flatten\lane[14].u_dsp.$mul$/home/darsh/gem/aigpdk/gemmacro_shred.v:37$92 ($mul).
  creating $macc model for $flatten\lane[14].u_dsp.$add$/home/darsh/gem/aigpdk/gemmacro_shred.v:43$94 ($add).
  creating $macc model for $flatten\lane[7].u_dsp.$mul$/home/darsh/gem/aigpdk/gemmacro_shred.v:37$92 ($mul).
  creating $macc model for $flatten\lane[8].u_dsp.$mul$/home/darsh/gem/aigpdk/gemmacro_shred.v:37$92 ($mul).
  creating $macc model for $flatten\lane[6].u_dsp.$mul$/home/darsh/gem/aigpdk/gemmacro_shred.v:37$92 ($mul).
  creating $macc model for $flatten\lane[7].u_dsp.$add$/home/darsh/gem/aigpdk/gemmacro_shred.v:43$94 ($add).
  creating $macc model for $flatten\lane[6].u_dsp.$add$/home/darsh/gem/aigpdk/gemmacro_shred.v:43$94 ($add).
  creating $macc model for $flatten\lane[0].u_dsp.$add$/home/darsh/gem/aigpdk/gemmacro_shred.v:43$94 ($add).
  creating $macc model for $flatten\lane[1].u_dsp.$add$/home/darsh/gem/aigpdk/gemmacro_shred.v:43$94 ($add).
  creating $macc model for $flatten\lane[15].u_dsp.$mul$/home/darsh/gem/aigpdk/gemmacro_shred.v:37$92 ($mul).
  creating $macc model for $flatten\lane[15].u_dsp.$add$/home/darsh/gem/aigpdk/gemmacro_shred.v:43$94 ($add).
  creating $macc model for $flatten\lane[0].u_dsp.$mul$/home/darsh/gem/aigpdk/gemmacro_shred.v:37$92 ($mul).
  merging $macc model for $flatten\lane[15].u_dsp.$mul$/home/darsh/gem/aigpdk/gemmacro_shred.v:37$92 into $flatten\lane[15].u_dsp.$add$/home/darsh/gem/aigpdk/gemmacro_shred.v:43$94.
  merging $macc model for $flatten\lane[1].u_dsp.$mul$/home/darsh/gem/aigpdk/gemmacro_shred.v:37$92 into $flatten\lane[1].u_dsp.$add$/home/darsh/gem/aigpdk/gemmacro_shred.v:43$94.
  merging $macc model for $flatten\lane[0].u_dsp.$mul$/home/darsh/gem/aigpdk/gemmacro_shred.v:37$92 into $flatten\lane[0].u_dsp.$add$/home/darsh/gem/aigpdk/gemmacro_shred.v:43$94.
  merging $macc model for $flatten\lane[6].u_dsp.$mul$/home/darsh/gem/aigpdk/gemmacro_shred.v:37$92 into $flatten\lane[6].u_dsp.$add$/home/darsh/gem/aigpdk/gemmacro_shred.v:43$94.
  merging $macc model for $flatten\lane[7].u_dsp.$mul$/home/darsh/gem/aigpdk/gemmacro_shred.v:37$92 into $flatten\lane[7].u_dsp.$add$/home/darsh/gem/aigpdk/gemmacro_shred.v:43$94.
  merging $macc model for $flatten\lane[14].u_dsp.$mul$/home/darsh/gem/aigpdk/gemmacro_shred.v:37$92 into $flatten\lane[14].u_dsp.$add$/home/darsh/gem/aigpdk/gemmacro_shred.v:43$94.
  merging $macc model for $flatten\lane[5].u_dsp.$mul$/home/darsh/gem/aigpdk/gemmacro_shred.v:37$92 into $flatten\lane[5].u_dsp.$add$/home/darsh/gem/aigpdk/gemmacro_shred.v:43$94.
  merging $macc model for $flatten\lane[3].u_dsp.$mul$/home/darsh/gem/aigpdk/gemmacro_shred.v:37$92 into $flatten\lane[3].u_dsp.$add$/home/darsh/gem/aigpdk/gemmacro_shred.v:43$94.
  merging $macc model for $flatten\lane[2].u_dsp.$mul$/home/darsh/gem/aigpdk/gemmacro_shred.v:37$92 into $flatten\lane[2].u_dsp.$add$/home/darsh/gem/aigpdk/gemmacro_shred.v:43$94.
  merging $macc model for $flatten\lane[4].u_dsp.$mul$/home/darsh/gem/aigpdk/gemmacro_shred.v:37$92 into $flatten\lane[4].u_dsp.$add$/home/darsh/gem/aigpdk/gemmacro_shred.v:43$94.
  merging $macc model for $flatten\lane[11].u_dsp.$mul$/home/darsh/gem/aigpdk/gemmacro_shred.v:37$92 into $flatten\lane[11].u_dsp.$add$/home/darsh/gem/aigpdk/gemmacro_shred.v:43$94.
  merging $macc model for $flatten\lane[9].u_dsp.$mul$/home/darsh/gem/aigpdk/gemmacro_shred.v:37$92 into $flatten\lane[9].u_dsp.$add$/home/darsh/gem/aigpdk/gemmacro_shred.v:43$94.
  merging $macc model for $flatten\lane[12].u_dsp.$mul$/home/darsh/gem/aigpdk/gemmacro_shred.v:37$92 into $flatten\lane[12].u_dsp.$add$/home/darsh/gem/aigpdk/gemmacro_shred.v:43$94.
  merging $macc model for $flatten\lane[8].u_dsp.$mul$/home/darsh/gem/aigpdk/gemmacro_shred.v:37$92 into $flatten\lane[8].u_dsp.$add$/home/darsh/gem/aigpdk/gemmacro_shred.v:43$94.
  merging $macc model for $flatten\lane[13].u_dsp.$mul$/home/darsh/gem/aigpdk/gemmacro_shred.v:37$92 into $flatten\lane[13].u_dsp.$add$/home/darsh/gem/aigpdk/gemmacro_shred.v:43$94.
  merging $macc model for $flatten\lane[10].u_dsp.$mul$/home/darsh/gem/aigpdk/gemmacro_shred.v:37$92 into $flatten\lane[10].u_dsp.$add$/home/darsh/gem/aigpdk/gemmacro_shred.v:43$94.
  creating $macc cell for $flatten\lane[1].u_dsp.$add$/home/darsh/gem/aigpdk/gemmacro_shred.v:43$94: $auto$alumacc.cc:399:replace_macc$187
  creating $macc cell for $flatten\lane[7].u_dsp.$add$/home/darsh/gem/aigpdk/gemmacro_shred.v:43$94: $auto$alumacc.cc:399:replace_macc$188
  creating $macc cell for $flatten\lane[5].u_dsp.$add$/home/darsh/gem/aigpdk/gemmacro_shred.v:43$94: $auto$alumacc.cc:399:replace_macc$189
  creating $macc cell for $flatten\lane[2].u_dsp.$add$/home/darsh/gem/aigpdk/gemmacro_shred.v:43$94: $auto$alumacc.cc:399:replace_macc$190
  creating $macc cell for $flatten\lane[4].u_dsp.$add$/home/darsh/gem/aigpdk/gemmacro_shred.v:43$94: $auto$alumacc.cc:399:replace_macc$191
  creating $macc cell for $flatten\lane[11].u_dsp.$add$/home/darsh/gem/aigpdk/gemmacro_shred.v:43$94: $auto$alumacc.cc:399:replace_macc$192
  creating $macc cell for $flatten\lane[6].u_dsp.$add$/home/darsh/gem/aigpdk/gemmacro_shred.v:43$94: $auto$alumacc.cc:399:replace_macc$193
  creating $macc cell for $flatten\lane[14].u_dsp.$add$/home/darsh/gem/aigpdk/gemmacro_shred.v:43$94: $auto$alumacc.cc:399:replace_macc$194
  creating $macc cell for $flatten\lane[9].u_dsp.$add$/home/darsh/gem/aigpdk/gemmacro_shred.v:43$94: $auto$alumacc.cc:399:replace_macc$195
  creating $macc cell for $flatten\lane[12].u_dsp.$add$/home/darsh/gem/aigpdk/gemmacro_shred.v:43$94: $auto$alumacc.cc:399:replace_macc$196
  creating $macc cell for $flatten\lane[8].u_dsp.$add$/home/darsh/gem/aigpdk/gemmacro_shred.v:43$94: $auto$alumacc.cc:399:replace_macc$197
  creating $macc cell for $flatten\lane[13].u_dsp.$add$/home/darsh/gem/aigpdk/gemmacro_shred.v:43$94: $auto$alumacc.cc:399:replace_macc$198
  creating $macc cell for $flatten\lane[15].u_dsp.$add$/home/darsh/gem/aigpdk/gemmacro_shred.v:43$94: $auto$alumacc.cc:399:replace_macc$199
  creating $macc cell for $flatten\lane[10].u_dsp.$add$/home/darsh/gem/aigpdk/gemmacro_shred.v:43$94: $auto$alumacc.cc:399:replace_macc$200
  creating $macc cell for $flatten\lane[0].u_dsp.$add$/home/darsh/gem/aigpdk/gemmacro_shred.v:43$94: $auto$alumacc.cc:399:replace_macc$201
  creating $macc cell for $flatten\lane[3].u_dsp.$add$/home/darsh/gem/aigpdk/gemmacro_shred.v:43$94: $auto$alumacc.cc:399:replace_macc$202
  created 0 $alu and 16 $macc cells.

15.15. Executing SHARE pass (SAT-based resource sharing).
Found 16 cells in module mixed_16 that may be considered for resource sharing.
  Analyzing resource sharing options for $flatten\lane[0].u_dsp.$mul$/home/darsh/gem/aigpdk/gemmacro_shred.v:37$92 ($mul):
    Found cell that is never activated: $flatten\lane[0].u_dsp.$mul$/home/darsh/gem/aigpdk/gemmacro_shred.v:37$92
    Cell is never active. Sharing is pointless, we simply remove it.
  Analyzing resource sharing options for $flatten\lane[15].u_dsp.$mul$/home/darsh/gem/aigpdk/gemmacro_shred.v:37$92 ($mul):
    Found cell that is never activated: $flatten\lane[15].u_dsp.$mul$/home/darsh/gem/aigpdk/gemmacro_shred.v:37$92
    Cell is never active. Sharing is pointless, we simply remove it.
  Analyzing resource sharing options for $flatten\lane[6].u_dsp.$mul$/home/darsh/gem/aigpdk/gemmacro_shred.v:37$92 ($mul):
    Found cell that is never activated: $flatten\lane[6].u_dsp.$mul$/home/darsh/gem/aigpdk/gemmacro_shred.v:37$92
    Cell is never active. Sharing is pointless, we simply remove it.
  Analyzing resource sharing options for $flatten\lane[8].u_dsp.$mul$/home/darsh/gem/aigpdk/gemmacro_shred.v:37$92 ($mul):
    Found cell that is never activated: $flatten\lane[8].u_dsp.$mul$/home/darsh/gem/aigpdk/gemmacro_shred.v:37$92
    Cell is never active. Sharing is pointless, we simply remove it.
  Analyzing resource sharing options for $flatten\lane[7].u_dsp.$mul$/home/darsh/gem/aigpdk/gemmacro_shred.v:37$92 ($mul):
    Found cell that is never activated: $flatten\lane[7].u_dsp.$mul$/home/darsh/gem/aigpdk/gemmacro_shred.v:37$92
    Cell is never active. Sharing is pointless, we simply remove it.
  Analyzing resource sharing options for $flatten\lane[14].u_dsp.$mul$/home/darsh/gem/aigpdk/gemmacro_shred.v:37$92 ($mul):
    Found cell that is never activated: $flatten\lane[14].u_dsp.$mul$/home/darsh/gem/aigpdk/gemmacro_shred.v:37$92
    Cell is never active. Sharing is pointless, we simply remove it.
  Analyzing resource sharing options for $flatten\lane[1].u_dsp.$mul$/home/darsh/gem/aigpdk/gemmacro_shred.v:37$92 ($mul):
    Found cell that is never activated: $flatten\lane[1].u_dsp.$mul$/home/darsh/gem/aigpdk/gemmacro_shred.v:37$92
    Cell is never active. Sharing is pointless, we simply remove it.
  Analyzing resource sharing options for $flatten\lane[3].u_dsp.$mul$/home/darsh/gem/aigpdk/gemmacro_shred.v:37$92 ($mul):
    Found cell that is never activated: $flatten\lane[3].u_dsp.$mul$/home/darsh/gem/aigpdk/gemmacro_shred.v:37$92
    Cell is never active. Sharing is pointless, we simply remove it.
  Analyzing resource sharing options for $flatten\lane[12].u_dsp.$mul$/home/darsh/gem/aigpdk/gemmacro_shred.v:37$92 ($mul):
    Found cell that is never activated: $flatten\lane[12].u_dsp.$mul$/home/darsh/gem/aigpdk/gemmacro_shred.v:37$92
    Cell is never active. Sharing is pointless, we simply remove it.
  Analyzing resource sharing options for $flatten\lane[4].u_dsp.$mul$/home/darsh/gem/aigpdk/gemmacro_shred.v:37$92 ($mul):
    Found cell that is never activated: $flatten\lane[4].u_dsp.$mul$/home/darsh/gem/aigpdk/gemmacro_shred.v:37$92
    Cell is never active. Sharing is pointless, we simply remove it.
  Analyzing resource sharing options for $flatten\lane[2].u_dsp.$mul$/home/darsh/gem/aigpdk/gemmacro_shred.v:37$92 ($mul):
    Found cell that is never activated: $flatten\lane[2].u_dsp.$mul$/home/darsh/gem/aigpdk/gemmacro_shred.v:37$92
    Cell is never active. Sharing is pointless, we simply remove it.
  Analyzing resource sharing options for $flatten\lane[11].u_dsp.$mul$/home/darsh/gem/aigpdk/gemmacro_shred.v:37$92 ($mul):
    Found cell that is never activated: $flatten\lane[11].u_dsp.$mul$/home/darsh/gem/aigpdk/gemmacro_shred.v:37$92
    Cell is never active. Sharing is pointless, we simply remove it.
  Analyzing resource sharing options for $flatten\lane[5].u_dsp.$mul$/home/darsh/gem/aigpdk/gemmacro_shred.v:37$92 ($mul):
    Found cell that is never activated: $flatten\lane[5].u_dsp.$mul$/home/darsh/gem/aigpdk/gemmacro_shred.v:37$92
    Cell is never active. Sharing is pointless, we simply remove it.
  Analyzing resource sharing options for $flatten\lane[13].u_dsp.$mul$/home/darsh/gem/aigpdk/gemmacro_shred.v:37$92 ($mul):
    Found cell that is never activated: $flatten\lane[13].u_dsp.$mul$/home/darsh/gem/aigpdk/gemmacro_shred.v:37$92
    Cell is never active. Sharing is pointless, we simply remove it.
  Analyzing resource sharing options for $flatten\lane[9].u_dsp.$mul$/home/darsh/gem/aigpdk/gemmacro_shred.v:37$92 ($mul):
    Found cell that is never activated: $flatten\lane[9].u_dsp.$mul$/home/darsh/gem/aigpdk/gemmacro_shred.v:37$92
    Cell is never active. Sharing is pointless, we simply remove it.
  Analyzing resource sharing options for $flatten\lane[10].u_dsp.$mul$/home/darsh/gem/aigpdk/gemmacro_shred.v:37$92 ($mul):
    Found cell that is never activated: $flatten\lane[10].u_dsp.$mul$/home/darsh/gem/aigpdk/gemmacro_shred.v:37$92
    Cell is never active. Sharing is pointless, we simply remove it.
Removing 16 cells in module mixed_16:
  Removing cell $flatten\lane[10].u_dsp.$mul$/home/darsh/gem/aigpdk/gemmacro_shred.v:37$92 ($mul).
  Removing cell $flatten\lane[9].u_dsp.$mul$/home/darsh/gem/aigpdk/gemmacro_shred.v:37$92 ($mul).
  Removing cell $flatten\lane[13].u_dsp.$mul$/home/darsh/gem/aigpdk/gemmacro_shred.v:37$92 ($mul).
  Removing cell $flatten\lane[5].u_dsp.$mul$/home/darsh/gem/aigpdk/gemmacro_shred.v:37$92 ($mul).
  Removing cell $flatten\lane[11].u_dsp.$mul$/home/darsh/gem/aigpdk/gemmacro_shred.v:37$92 ($mul).
  Removing cell $flatten\lane[2].u_dsp.$mul$/home/darsh/gem/aigpdk/gemmacro_shred.v:37$92 ($mul).
  Removing cell $flatten\lane[4].u_dsp.$mul$/home/darsh/gem/aigpdk/gemmacro_shred.v:37$92 ($mul).
  Removing cell $flatten\lane[12].u_dsp.$mul$/home/darsh/gem/aigpdk/gemmacro_shred.v:37$92 ($mul).
  Removing cell $flatten\lane[3].u_dsp.$mul$/home/darsh/gem/aigpdk/gemmacro_shred.v:37$92 ($mul).
  Removing cell $flatten\lane[1].u_dsp.$mul$/home/darsh/gem/aigpdk/gemmacro_shred.v:37$92 ($mul).
  Removing cell $flatten\lane[14].u_dsp.$mul$/home/darsh/gem/aigpdk/gemmacro_shred.v:37$92 ($mul).
  Removing cell $flatten\lane[7].u_dsp.$mul$/home/darsh/gem/aigpdk/gemmacro_shred.v:37$92 ($mul).
  Removing cell $flatten\lane[8].u_dsp.$mul$/home/darsh/gem/aigpdk/gemmacro_shred.v:37$92 ($mul).
  Removing cell $flatten\lane[6].u_dsp.$mul$/home/darsh/gem/aigpdk/gemmacro_shred.v:37$92 ($mul).
  Removing cell $flatten\lane[15].u_dsp.$mul$/home/darsh/gem/aigpdk/gemmacro_shred.v:37$92 ($mul).
  Removing cell $flatten\lane[0].u_dsp.$mul$/home/darsh/gem/aigpdk/gemmacro_shred.v:37$92 ($mul).

15.16. Executing OPT pass (performing simple optimizations).

15.16.1. Executing OPT_EXPR pass (perform const folding).
Optimizing module mixed_16.

15.16.2. Executing OPT_MERGE pass (detect identical cells).
Finding identical cells in module `\mixed_16'.
Computing hashes of 864 cells of `\mixed_16'.
Finding duplicate cells in `\mixed_16'.
Removed a total of 0 cells.

15.16.3. Executing OPT_MUXTREE pass (detect dead branches in mux trees).
Running muxtree optimizer on module \mixed_16..
  Creating internal representation of mux trees.
  Evaluating internal representation of mux trees.
  Analyzing evaluation results.
Removed 0 multiplexer ports.
<suppressed ~1024 debug messages>

15.16.4. Executing OPT_REDUCE pass (consolidate $*mux and $reduce_* inputs).
  Optimizing cells in module \mixed_16.
Performed a total of 0 changes.

15.16.5. Executing OPT_MERGE pass (detect identical cells).
Finding identical cells in module `\mixed_16'.
Computing hashes of 864 cells of `\mixed_16'.
Finding duplicate cells in `\mixed_16'.
Removed a total of 0 cells.

15.16.6. Executing OPT_DFF pass (perform DFF optimizations).

15.16.7. Executing OPT_CLEAN pass (remove unused cells and wires).
Finding unused cells or wires in module \mixed_16..

15.16.8. Executing OPT_EXPR pass (perform const folding).
Optimizing module mixed_16.

15.16.9. Finished fast OPT passes. (There is nothing left to do.)

15.17. Executing MEMORY pass.

15.17.1. Executing OPT_MEM pass (optimize memories).
Performed a total of 0 transformations.

15.17.2. Executing OPT_MEM_PRIORITY pass (removing unnecessary memory write priority relations).
Performed a total of 0 transformations.

15.17.3. Executing OPT_MEM_FEEDBACK pass (finding memory read-to-write feedback paths).

15.17.4. Executing MEMORY_BMUX2ROM pass (converting muxes to ROMs).

15.17.5. Executing MEMORY_DFF pass (merging $dff cells to $memrd).

15.17.6. Executing OPT_CLEAN pass (remove unused cells and wires).
Finding unused cells or wires in module \mixed_16..

15.17.7. Executing MEMORY_SHARE pass (consolidating $memrd/$memwr cells).

15.17.8. Executing OPT_MEM_WIDEN pass (optimize memories where all ports are wide).
Performed a total of 0 transformations.

15.17.9. Executing OPT_CLEAN pass (remove unused cells and wires).
Finding unused cells or wires in module \mixed_16..

15.17.10. Executing MEMORY_COLLECT pass (generating $mem cells).

15.18. Executing OPT_CLEAN pass (remove unused cells and wires).
Finding unused cells or wires in module \mixed_16..

15.19. Executing OPT pass (performing simple optimizations).

15.19.1. Executing OPT_EXPR pass (perform const folding).
Optimizing module mixed_16.

15.19.2. Executing OPT_MERGE pass (detect identical cells).
Finding identical cells in module `\mixed_16'.
Computing hashes of 864 cells of `\mixed_16'.
Finding duplicate cells in `\mixed_16'.
Removed a total of 0 cells.

15.19.3. Executing OPT_DFF pass (perform DFF optimizations).

15.19.4. Executing OPT_CLEAN pass (remove unused cells and wires).
Finding unused cells or wires in module \mixed_16..

15.19.5. Finished fast OPT passes.

15.20. Executing MEMORY_MAP pass (converting memories to logic and flip-flops).

15.21. Executing OPT pass (performing simple optimizations).

15.21.1. Executing OPT_EXPR pass (perform const folding).
Optimizing module mixed_16.

15.21.2. Executing OPT_MERGE pass (detect identical cells).
Finding identical cells in module `\mixed_16'.
Computing hashes of 864 cells of `\mixed_16'.
Finding duplicate cells in `\mixed_16'.
Removed a total of 0 cells.

15.21.3. Executing OPT_MUXTREE pass (detect dead branches in mux trees).
Running muxtree optimizer on module \mixed_16..
  Creating internal representation of mux trees.
  Evaluating internal representation of mux trees.
  Analyzing evaluation results.
Removed 0 multiplexer ports.
<suppressed ~1024 debug messages>

15.21.4. Executing OPT_REDUCE pass (consolidate $*mux and $reduce_* inputs).
  Optimizing cells in module \mixed_16.
Performed a total of 0 changes.

15.21.5. Executing OPT_MERGE pass (detect identical cells).
Finding identical cells in module `\mixed_16'.
Computing hashes of 864 cells of `\mixed_16'.
Finding duplicate cells in `\mixed_16'.
Removed a total of 0 cells.

15.21.6. Executing OPT_SHARE pass.

15.21.7. Executing OPT_DFF pass (perform DFF optimizations).

15.21.8. Executing OPT_CLEAN pass (remove unused cells and wires).
Finding unused cells or wires in module \mixed_16..

15.21.9. Executing OPT_EXPR pass (perform const folding).
Optimizing module mixed_16.

15.21.10. Finished fast OPT passes. (There is nothing left to do.)

15.22. Executing TECHMAP pass (map to technology primitives).

15.22.1. Executing Verilog-2005 frontend: /home/darsh/oss-cad-suite/lib/../share/yosys/techmap.v
Parsing Verilog input from `/home/darsh/oss-cad-suite/lib/../share/yosys/techmap.v' to AST representation.
Generating RTLIL representation for module `\_90_simplemap_bool_ops'.
Generating RTLIL representation for module `\_90_simplemap_reduce_ops'.
Generating RTLIL representation for module `\_90_simplemap_logic_ops'.
Generating RTLIL representation for module `\_90_simplemap_compare_ops'.
Generating RTLIL representation for module `\_90_simplemap_various'.
Generating RTLIL representation for module `\_90_simplemap_registers'.
Generating RTLIL representation for module `\_90_shift_ops_shr_shl_sshl_sshr'.
Generating RTLIL representation for module `\_90_shift_shiftx'.
Generating RTLIL representation for module `\_90_fa'.
Generating RTLIL representation for module `\_90_lcu_brent_kung'.
Generating RTLIL representation for module `\_90_alu'.
Generating RTLIL representation for module `\_90_macc'.
Generating RTLIL representation for module `\_90_alumacc'.
Generating RTLIL representation for module `$__div_mod_u'.
Generating RTLIL representation for module `$__div_mod_trunc'.
Generating RTLIL representation for module `\_90_div'.
Generating RTLIL representation for module `\_90_mod'.
Generating RTLIL representation for module `$__div_mod_floor'.
Generating RTLIL representation for module `\_90_divfloor'.
Generating RTLIL representation for module `\_90_modfloor'.
Generating RTLIL representation for module `\_90_pow'.
Generating RTLIL representation for module `\_90_demux'.
Generating RTLIL representation for module `\_90_lut'.
Generating RTLIL representation for module `$connect'.
Generating RTLIL representation for module `$input_port'.
Successfully finished Verilog frontend.

15.22.2. Continuing TECHMAP pass.
Using extmapper maccmap for cells of type $macc_v2.
  add \a_pipe [107:81] * \b_pipe [71:54] (27x18 bits, signed)
  add \lane[3].u_dsp.P (48 bits, signed)
  add \a_pipe [26:0] * \b_pipe [17:0] (27x18 bits, signed)
  add \lane[0].u_dsp.P (48 bits, signed)
  add \a_pipe [296:270] * \b_pipe [197:180] (27x18 bits, signed)
  add \lane[10].u_dsp.P (48 bits, signed)
  add \a_pipe [431:405] * \b_pipe [287:270] (27x18 bits, signed)
  add \lane[15].u_dsp.P (48 bits, signed)
  add \a_pipe [377:351] * \b_pipe [251:234] (27x18 bits, signed)
  add \lane[13].u_dsp.P (48 bits, signed)
  add \a_pipe [242:216] * \b_pipe [161:144] (27x18 bits, signed)
  add \lane[8].u_dsp.P (48 bits, signed)
  add \a_pipe [350:324] * \b_pipe [233:216] (27x18 bits, signed)
  add \lane[12].u_dsp.P (48 bits, signed)
  add \a_pipe [269:243] * \b_pipe [179:162] (27x18 bits, signed)
  add \lane[9].u_dsp.P (48 bits, signed)
  add \a_pipe [404:378] * \b_pipe [269:252] (27x18 bits, signed)
  add \lane[14].u_dsp.P (48 bits, signed)
  add \a_pipe [188:162] * \b_pipe [125:108] (27x18 bits, signed)
  add \lane[6].u_dsp.P (48 bits, signed)
  add \a_pipe [323:297] * \b_pipe [215:198] (27x18 bits, signed)
  add \lane[11].u_dsp.P (48 bits, signed)
  add \a_pipe [134:108] * \b_pipe [89:72] (27x18 bits, signed)
  add \lane[4].u_dsp.P (48 bits, signed)
  add \a_pipe [80:54] * \b_pipe [53:36] (27x18 bits, signed)
  add \lane[2].u_dsp.P (48 bits, signed)
  add \a_pipe [161:135] * \b_pipe [107:90] (27x18 bits, signed)
  add \lane[5].u_dsp.P (48 bits, signed)
  add \a_pipe [215:189] * \b_pipe [143:126] (27x18 bits, signed)
  add \lane[7].u_dsp.P (48 bits, signed)
  add \a_pipe [53:27] * \b_pipe [35:18] (27x18 bits, signed)
  add \lane[1].u_dsp.P (48 bits, signed)
Using extmapper simplemap for cells of type $sdff.
Using extmapper simplemap for cells of type $xor.
Using extmapper simplemap for cells of type $dffe.
Using extmapper simplemap for cells of type $dff.
Using extmapper simplemap for cells of type $mux.
Using extmapper simplemap for cells of type $bmux.
Using template $paramod\_90_fa\WIDTH=32'00000000000000000000000000110000 for cells of type $fa.
Using template $paramod$88aad6f8473fb7e4e5fbfb8335ddebad03429eaa\_90_alu for cells of type $alu.
Using extmapper simplemap for cells of type $and.
Using extmapper simplemap for cells of type $not.
Using extmapper simplemap for cells of type $or.
Using extmapper simplemap for cells of type $pos.
Using template $paramod\_90_lcu_brent_kung\WIDTH=32'00000000000000000000000000110000 for cells of type $lcu.
No more expansions possible.
<suppressed ~6854 debug messages>

15.23. Executing OPT pass (performing simple optimizations).

15.23.1. Executing OPT_EXPR pass (perform const folding).
Optimizing module mixed_16.
<suppressed ~20240 debug messages>

15.23.2. Executing OPT_MERGE pass (detect identical cells).
Finding identical cells in module `\mixed_16'.
Computing hashes of 79296 cells of `\mixed_16'.
Finding duplicate cells in `\mixed_16'.
Computing hashes of 75696 cells of `\mixed_16'.
Finding duplicate cells in `\mixed_16'.
Computing hashes of 73552 cells of `\mixed_16'.
Finding duplicate cells in `\mixed_16'.
Computing hashes of 71344 cells of `\mixed_16'.
Finding duplicate cells in `\mixed_16'.
Computing hashes of 70176 cells of `\mixed_16'.
Finding duplicate cells in `\mixed_16'.
Computing hashes of 69056 cells of `\mixed_16'.
Finding duplicate cells in `\mixed_16'.
Computing hashes of 67904 cells of `\mixed_16'.
Finding duplicate cells in `\mixed_16'.
Computing hashes of 67280 cells of `\mixed_16'.
Finding duplicate cells in `\mixed_16'.
Computing hashes of 66624 cells of `\mixed_16'.
Finding duplicate cells in `\mixed_16'.
Computing hashes of 66400 cells of `\mixed_16'.
Finding duplicate cells in `\mixed_16'.
Computing hashes of 66256 cells of `\mixed_16'.
Finding duplicate cells in `\mixed_16'.
Computing hashes of 66224 cells of `\mixed_16'.
Finding duplicate cells in `\mixed_16'.
Computing hashes of 66192 cells of `\mixed_16'.
Finding duplicate cells in `\mixed_16'.
Computing hashes of 66160 cells of `\mixed_16'.
Finding duplicate cells in `\mixed_16'.
Computing hashes of 66144 cells of `\mixed_16'.
Finding duplicate cells in `\mixed_16'.
<suppressed ~39456 debug messages>
Removed a total of 13152 cells.

15.23.3. Executing OPT_DFF pass (perform DFF optimizations).

15.23.4. Executing OPT_CLEAN pass (remove unused cells and wires).
Finding unused cells or wires in module \mixed_16..
Removed 1184 unused cells and 3952 unused wires.
<suppressed ~1185 debug messages>

15.23.5. Finished fast OPT passes.

15.24. Executing ABC pass (technology mapping using ABC).

15.24.1. Extracting gate netlist of module `\mixed_16' to `<abc-temp-dir>/input.blif'..

15.24.1.1. Executed ABC.
Extracted 61839 gates and 64869 wires to a netlist network with 3029 inputs and 865 outputs.
Running ABC script: <abc-temp-dir>/abc.script
ABC: UC Berkeley, ABC 1.01 (compiled Aug 28 2026 12:09:00)
ABC: abc 01> empty
ABC: abc 01> source <abc-temp-dir>/abc.script
ABC: + read_blif <abc-temp-dir>/input.blif 
ABC: + read_library <abc-temp-dir>/stdcells.genlib 
ABC: + strash 
ABC: + &get -n 
ABC: + &fraig -x 
ABC: + &put 
ABC: + scorr 
ABC: Warning: The network is combinational (run "fraig" or "fraig_sweep").
ABC: + dc2 
ABC: + dretime 
ABC: + strash 
ABC: + &get -n 
ABC: + &dch -f 
ABC: + &nf 
ABC: + &put 
ABC: + write_blif <abc-temp-dir>/output.blif 
ABC: 
ABC: YOSYS_ABC_DONE 

15.24.1.2. Re-integrating ABC results.
ABC RESULTS:               AND cells:     9404
ABC RESULTS:            ANDNOT cells:      763
ABC RESULTS:               MUX cells:      563
ABC RESULTS:              NAND cells:    26864
ABC RESULTS:               NOR cells:       59
ABC RESULTS:               NOT cells:       14
ABC RESULTS:                OR cells:     1381
ABC RESULTS:             ORNOT cells:      376
ABC RESULTS:              XNOR cells:     3422
ABC RESULTS:               XOR cells:    17874
ABC RESULTS:        internal signals:    60975
ABC RESULTS:           input signals:     3029
ABC RESULTS:          output signals:      865
Removing temp directory.
Removing global temp directory.

15.25. Executing OPT pass (performing simple optimizations).

15.25.1. Executing OPT_EXPR pass (perform const folding).
Optimizing module mixed_16.

15.25.2. Executing OPT_MERGE pass (detect identical cells).
Finding identical cells in module `\mixed_16'.
Computing hashes of 63841 cells of `\mixed_16'.
Finding duplicate cells in `\mixed_16'.
Removed a total of 0 cells.

15.25.3. Executing OPT_DFF pass (perform DFF optimizations).

15.25.4. Executing OPT_CLEAN pass (remove unused cells and wires).
Finding unused cells or wires in module \mixed_16..
Removed 0 unused cells and 8307 unused wires.
<suppressed ~292 debug messages>

15.25.5. Finished fast OPT passes.

15.26. Executing HIERARCHY pass (managing design hierarchy).
Attribute `top' found on module `mixed_16'. Setting top module to mixed_16.

15.26.1. Analyzing design hierarchy..
Top module:  \mixed_16

15.26.2. Analyzing design hierarchy..
Top module:  \mixed_16
Removed 0 unused modules.

15.27. Printing statistics.

=== mixed_16 ===

        +----------Local Count, excluding submodules.
        | 
    61395 wires
    74198 wire bits
     1444 public wires
     9735 public wire bits
       11 ports
      198 port bits
    63841 cells
      763   $_ANDNOT_
     9404   $_AND_
      512   $_DFFE_PP_
     1744   $_DFF_P_
      563   $_MUX_
    26864   $_NAND_
       59   $_NOR_
       14   $_NOT_
      376   $_ORNOT_
     1381   $_OR_
      849   $_SDFF_PP0_
     3422   $_XNOR_
    17874   $_XOR_
       16   $scopeinfo

15.28. Executing CHECK pass (checking for obvious problems).
Checking module mixed_16...
Found and reported 0 problems.

16. Executing DFFLIBMAP pass (mapping DFF/DLATCH cells to sequential cells from liberty file).
  cell DFF (noninv, pins=3, area=100.00) is a direct match for cell type $_DFF_P_.
  cell DFFSR (noninv, pins=5, area=176.00) is a direct match for cell type $_DFFSR_PNN_.
  final dff/dlatch cell mappings:
    unmapped dff/dlatch cell: $_DFF_N_
    \DFF _DFF_P_ (.CLK( C), .D( D), .Q( Q));
    unmapped dff/dlatch cell: $_DFF_NN0_
    unmapped dff/dlatch cell: $_DFF_NN1_
    unmapped dff/dlatch cell: $_DFF_NP0_
    unmapped dff/dlatch cell: $_DFF_NP1_
    unmapped dff/dlatch cell: $_DFF_PN0_
    unmapped dff/dlatch cell: $_DFF_PN1_
    unmapped dff/dlatch cell: $_DFF_PP0_
    unmapped dff/dlatch cell: $_DFF_PP1_
    unmapped dff/dlatch cell: $_DFFE_NN_
    unmapped dff/dlatch cell: $_DFFE_NP_
    unmapped dff/dlatch cell: $_DFFE_PN_
    unmapped dff/dlatch cell: $_DFFE_PP_
    unmapped dff/dlatch cell: $_DFFSR_NNN_
    unmapped dff/dlatch cell: $_DFFSR_NNP_
    unmapped dff/dlatch cell: $_DFFSR_NPN_
    unmapped dff/dlatch cell: $_DFFSR_NPP_
    \DFFSR _DFFSR_PNN_ (.CLK( C), .D( D), .Q( Q), .R( R), .S( S));
    unmapped dff/dlatch cell: $_DFFSR_PNP_
    unmapped dff/dlatch cell: $_DFFSR_PPN_
    unmapped dff/dlatch cell: $_DFFSR_PPP_
    unmapped dff/dlatch cell: $_DLATCH_N_
    unmapped dff/dlatch cell: $_DLATCH_P_
    unmapped dff/dlatch cell: $_DLATCH_NN0_
    unmapped dff/dlatch cell: $_DLATCH_NN1_
    unmapped dff/dlatch cell: $_DLATCH_NP0_
    unmapped dff/dlatch cell: $_DLATCH_NP1_
    unmapped dff/dlatch cell: $_DLATCH_PN0_
    unmapped dff/dlatch cell: $_DLATCH_PN1_
    unmapped dff/dlatch cell: $_DLATCH_PP0_
    unmapped dff/dlatch cell: $_DLATCH_PP1_
    unmapped dff/dlatch cell: $_DLATCHSR_NNN_
    unmapped dff/dlatch cell: $_DLATCHSR_NNP_
    unmapped dff/dlatch cell: $_DLATCHSR_NPN_
    unmapped dff/dlatch cell: $_DLATCHSR_NPP_
    unmapped dff/dlatch cell: $_DLATCHSR_PNN_
    unmapped dff/dlatch cell: $_DLATCHSR_PNP_
    unmapped dff/dlatch cell: $_DLATCHSR_PPN_
    unmapped dff/dlatch cell: $_DLATCHSR_PPP_

16.1. Executing DFFLEGALIZE pass (convert FFs and LATCHes to types supported by the target).
Mapping DFF/DLATCH cells in module `\mixed_16':
  mapped 3105 $_DFF_P_ cells to \DFF cells.

17. Executing OPT_CLEAN pass (remove unused cells and wires).
Finding unused cells or wires in module \mixed_16..
Removed 16 unused cells and 1251 unused wires.
<suppressed ~1267 debug messages>

18. Executing ABC pass (technology mapping using ABC).

18.1. Extracting gate netlist of module `\mixed_16' to `<abc-temp-dir>/input.blif'..
ABC: using cached merged SCL: /tmp/yosys-liberty-scl-cache/yosys_merged_e4e0a21d.scl (1 files)

18.1.1. Executed ABC.
Extracted 62081 gates and 65113 wires to a netlist network with 3031 inputs and 1361 outputs.
Running ABC script: <abc-temp-dir>/abc.script
ABC: UC Berkeley, ABC 1.01 (compiled Aug 28 2026 12:09:00)
ABC: abc 01> empty
ABC: abc 01> source <abc-temp-dir>/abc.script
ABC: + read_blif <abc-temp-dir>/input.blif 
ABC: + read_scl /tmp/yosys-liberty-scl-cache/yosys_merged_e4e0a21d.scl 
ABC: + strash 
ABC: + &get -n 
ABC: + &fraig -x 
ABC: + &put 
ABC: + scorr 
ABC: Warning: The network is combinational (run "fraig" or "fraig_sweep").
ABC: + dc2 
ABC: + dretime 
ABC: + strash 
ABC: + &get -n 
ABC: + &dch -f 
ABC: + &nf 
ABC: + &put 
ABC: + write_blif <abc-temp-dir>/output.blif 
ABC: 
ABC: YOSYS_ABC_DONE 

18.1.2. Re-integrating ABC results.
ABC RESULTS:         AND2_00_0 cells:    31226
ABC RESULTS:         AND2_01_0 cells:     4508
ABC RESULTS:         AND2_10_0 cells:    16272
ABC RESULTS:         AND2_11_0 cells:     3064
ABC RESULTS:         AND2_11_1 cells:    32642
ABC RESULTS:               INV cells:     3126
ABC RESULTS:        internal signals:    60721
ABC RESULTS:           input signals:     3031
ABC RESULTS:          output signals:     1361
Removing temp directory.
Removing global temp directory.

19. Executing OPT_CLEAN pass (remove unused cells and wires).
Finding unused cells or wires in module \mixed_16..
Removed 0 unused cells and 64362 unused wires.
<suppressed ~20 debug messages>

20. Executing TECHMAP pass (map to technology primitives).

20.1. Executing Verilog-2005 frontend: /home/darsh/oss-cad-suite/lib/../share/yosys/techmap.v
Parsing Verilog input from `/home/darsh/oss-cad-suite/lib/../share/yosys/techmap.v' to AST representation.
Generating RTLIL representation for module `\_90_simplemap_bool_ops'.
Generating RTLIL representation for module `\_90_simplemap_reduce_ops'.
Generating RTLIL representation for module `\_90_simplemap_logic_ops'.
Generating RTLIL representation for module `\_90_simplemap_compare_ops'.
Generating RTLIL representation for module `\_90_simplemap_various'.
Generating RTLIL representation for module `\_90_simplemap_registers'.
Generating RTLIL representation for module `\_90_shift_ops_shr_shl_sshl_sshr'.
Generating RTLIL representation for module `\_90_shift_shiftx'.
Generating RTLIL representation for module `\_90_fa'.
Generating RTLIL representation for module `\_90_lcu_brent_kung'.
Generating RTLIL representation for module `\_90_alu'.
Generating RTLIL representation for module `\_90_macc'.
Generating RTLIL representation for module `\_90_alumacc'.
Generating RTLIL representation for module `$__div_mod_u'.
Generating RTLIL representation for module `$__div_mod_trunc'.
Generating RTLIL representation for module `\_90_div'.
Generating RTLIL representation for module `\_90_mod'.
Generating RTLIL representation for module `$__div_mod_floor'.
Generating RTLIL representation for module `\_90_divfloor'.
Generating RTLIL representation for module `\_90_modfloor'.
Generating RTLIL representation for module `\_90_pow'.
Generating RTLIL representation for module `\_90_demux'.
Generating RTLIL representation for module `\_90_lut'.
Generating RTLIL representation for module `$connect'.
Generating RTLIL representation for module `$input_port'.
Successfully finished Verilog frontend.

20.2. Continuing TECHMAP pass.
No more expansions possible.
<suppressed ~77 debug messages>

21. Executing ABC pass (technology mapping using ABC).

21.1. Extracting gate netlist of module `\mixed_16' to `<abc-temp-dir>/input.blif'..
ABC: using cached merged SCL: /tmp/yosys-liberty-scl-cache/yosys_merged_e4e0a21d.scl (1 files)

21.1.1. Executed ABC.
Extracted 0 gates and 0 wires to a netlist network with 0 inputs and 0 outputs.
Don't call ABC as there is nothing to map.
Removing temp directory.
Removing global temp directory.

22. Executing OPT_CLEAN pass (remove unused cells and wires).
Finding unused cells or wires in module \mixed_16..

23. Printing statistics.

=== mixed_16 ===

        +----------Local Count, excluding submodules.
        | 
    91012 wires
    94060 wire bits
       14 public wires
     1430 public wire bits
       11 ports
      198 port bits
    93943 cells
    31226   AND2_00_0
     4508   AND2_01_0
    16272   AND2_10_0
     3064   AND2_11_0
    32642   AND2_11_1
     3105   DFF
     3126   INV

24. Executing Verilog backend.

24.1. Executing BMUXMAP pass.

24.2. Executing DEMUXMAP pass.
Dumping module `\mixed_16'.

End of script. Logfile hash: 9b28f42f24, time: 18.08s, user: 6.47s, system: 0.62s, MEM: 337.37 MB peak
Yosys 0.68+136 (git sha1 c30457480-dirty, Release, Clang /usr/bin/clang++ 21.1.8)
Time spent: 71% 3x abc (14 sec), 11% 23x opt_clean (2 sec), ...
